"번호","개방서비스명","개방서비스아이디","개방자치단체코드","관리번호","인허가일자","인허가취소일자","영업상태구분코드","영업상태명","상세영업상태코드","상세영업상태명","폐업일자","휴업시작일자","휴업종료일자","재개업일자","소재지전화","소재지면적","소재지우편번호","소재지전체주소","도로명전체주소","도로명우편번호","사업장명","최종수정시점","데이터갱신구분","데이터갱신일자","업태구분명","좌표정보(x)","좌표정보(y)","업종구분명","설계감리업종류명","소속국가명","실질자본금",
"1","전력기술설계업체","09_28_13_P","6260000","201962600008500001","20190128","","01","영업/정상","1","인허가","","","","","0517119560","","48742","부산광역시 동구 범일동 830-296 진흥마제스타워범일 103동 3407호","부산광역시 동구 자성로133번길 6, 103동 3407호 (범일동, 진흥 마제스타워 범일)","48742","㈜세부엔지니어링","20190128122651","I","2019-01-30 02:21:05.0","","388171.887743719","184002.524603295","설계업","전문설계업1종","대한민국","0",
"2","전력기술설계업체","09_28_13_P","6260000","202262600008500001","20220420","","01","영업/정상","1","인허가","","","","","0513194119","","46977","부산광역시 사상구 괘법동 578번지 산업용품유통상가 25동 223호","부산광역시 사상구 괘감로 37, 산업용품유통상가 25동 2층 223호(괘법동)","46977","낙안기술사","20220610111815","U","2022-06-12 02:40:00.0","","380291.656000926","186303.922053702","설계업","전문설계업1종","대한민국","169978208",
"3","전력기술설계업체","09_28_13_P","6260000","201962600008500002","20190404","","01","영업/정상","1","인허가","","","","","0517595442","","48226","부산광역시 수영구 수영동 500-6","부산광역시 수영구 구락로 25 (수영동)","48226","(주)중앙기술단","20190404130855","I","2019-04-06 02:20:14.0","","393049.56785828","187762.857574099","설계업","전문설계업1종","대한민국","300000000",
"4","전력기술설계업체","09_28_13_P","6260000","201962600008500004","20190917","","01","영업/정상","1","인허가","","","","","0513265760","","47016","부산광역시 사상구 주례동 637번지 동우E&C","부산광역시 사상구 동주로16번길 46, 동우E&C (주례동)","47016","동우기술(주)","20190917165919","I","2019-09-19 02:22:30.0","","382097.942348673","184972.059820394","설계업","전문설계업1종","대한민국","500000000",
"5","전력기술설계업체","09_28_13_P","6260000","201862600008500002","20180226","","01","영업/정상","1","인허가","","","","","0518989494","","47892","부산광역시 동래구 안락동 756-13","부산광역시 동래구 충렬대로350번길 41, 3층 (안락동)","47892","티에스이엔이","20191107165324","U","2019-11-09 02:40:00.0","","","","설계업","전문설계업1종","대한민국","30000000",
"6","전력기술설계업체","09_28_13_P","6260000","201862600008500003","20180403","","01","영업/정상","1","인허가","","","","","0517833710","","48058","부산광역시 해운대구 재송동 1208-2 센텀스카이비즈 3710호","부산광역시 해운대구 센텀중앙로 97, 센텀스카이비즈 37층 3710호 (재송동)","48058","다안 스마트 이엔지","20190502110935","U","2019-05-04 02:40:00.0","","393519","188317","설계업","전문설계업1종","대한민국","30000000",
"7","전력기술설계업체","09_28_13_P","6260000","201862600008500005","20180615","","01","영업/정상","1","인허가","","","","","0518521355","","47560","부산광역시 연제구 연산동 302-3 노블레스스퀘어 318호","부산광역시 연제구 신금로 25, 노블레스스퀘어 318호 (연산동)","47560","(주)대림T&S","20180615093255","I","2018-08-31 23:59:59.0","","390688.337529364","190053.714543449","설계업","전문설계업2종","대한민국","125000000",
"8","전력기술설계업체","09_28_13_P","6260000","201862600008500007","20180803","","01","영업/정상","1","인허가","","","","","0518182393","","47101","부산광역시 부산진구 초읍동 360-1 성지곡삼환아파트 상가동 101호","부산광역시 부산진구 성지곡로51번길 18, 상가동 1층 101호 (초읍동, 성지곡삼환아파트)","47101","대한이씨엠(주)","20190412093736","U","2019-04-14 02:40:00.0","","386498.805337139","189587.803244801","설계업","전문설계업2종","대한민국","100000000",
"9","전력기술설계업체","09_28_13_P","6260000","201862600008500008","20180807","","01","영업/정상","1","인허가","","","","","0517147358","","46703","부산광역시 강서구 대저1동 2683-3","부산광역시 강서구 공항로 1191 (대저1동)","46703","(주)유지에스","20201124142152","U","2020-11-26 02:40:00.0","","380178","191591","설계업","전문설계업1종","대한민국","80000000",
"10","전력기술설계업체","09_28_13_P","6260000","200262600008500001","20020328","","01","영업/정상","1","인허가","","","","","0515070119","","614873","부산광역시 부산진구 초읍동   359번지 13호","부산광역시 부산진구 성지곡로51번길 27 (초읍동)","","(주)정엔지니어링","20080220140732","I","2018-08-31 23:59:59.0","","386429.088222972","189527.208126756","설계업","전문설계업1종","대한민국","",
"11","전력기술설계업체","09_28_13_P","6260000","200262600008500002","20020502","","01","영업/정상","1","인허가","","","","","0515577270","","47857","부산광역시 동래구 사직동 53-18 사직동보현타워 501호","부산광역시 동래구 석사로 35, 사직동보현타워 501호 (사직동)","47857","이호전설주식회사","20190214141247","U","2019-02-16 02:40:00.0","","387815.883450564","190921.353281659","설계업","전문설계업1종","대한민국","200000000",
"12","전력기술설계업체","09_28_13_P","6260000","200262600008500004","20021210","","01","영업/정상","1","인허가","","","","","0516364477","","601709","부산광역시 동구 범일동 830번지 295호","부산광역시 동구 자성로141번길 11 (범일동)","601709","(주)한국코아엔지니어링","20150613172025","I","2018-08-31 23:59:59.0","","388188.345022103","184059.516935515","설계업","종합설계업","대한민국","0",
"13","전력기술설계업체","09_28_13_P","6260000","200262600008500005","20021210","","01","영업/정상","1","인허가","","","","","0518073306","","614849","부산광역시 부산진구 부전1동  406번지 1호 광명빌딩 4층","부산광역시 부산진구 서면문화로 43, 4층 (부전동,광명빌딩)","614849","(주)도시이앤씨","20220107094636","U","2022-01-09 02:40:00.0","","387201.360805555","186567.130891234","설계업","전문설계업1종","대한민국","0",
"14","전력기술설계업체","09_28_13_P","6260000","200562600008500001","20030707","","01","영업/정상","1","인허가","","","","","0518667426","","611070","부산광역시 연제구 거제동  500번지 15호","부산광역시 연제구 거제대로124번길 36, 2층 (거제동)","611070","(주)해강기술단","20200622172347","U","2020-06-24 02:40:00.0","","388569.090759833","188596.789132615","설계업","전문설계업2종","대한민국","0",
"15","전력기술설계업체","09_28_13_P","6260000","200462600008500002","20040531","","01","영업/정상","1","인허가","","","","","0518679548","","","부산광역시 연제구 연산동 1492번지 16호","부산광역시 연제구 월드컵대로145번길 102, 2층 (연산동)","47541","(주)디에이치기술단","20210122091712","U","2021-01-24 02:40:00.0","","389194.573056155","189002.258602371","설계업","전문설계업1종","대한민국","0",
"16","전력기술설계업체","09_28_13_P","6260000","200562600008500004","19970506","","01","영업/정상","1","인허가","","","","","0514419070","","614827","부산광역시 부산진구 범천동 842번지 2호 두산위브센티움 301호","부산광역시 부산진구 자유평화로37번길 67, 3층 301호 (범천동,두산위브센티움)","614827","(주)이정이앤씨","20131115103000","I","2018-08-31 23:59:59.0","","387888.649317348","184739.05836488","설계업","전문설계업1종","대한민국","0",
"17","전력기술설계업체","09_28_13_P","6260000","199762600008500003","19970510","","01","영업/정상","1","인허가","","","","","0518082750","","614865","부산광역시 부산진구 전포2동   194번지 27호 남경빌딩2층","부산광역시 부산진구 전포대로 242 (전포동,남경빌딩2층)","","보원엔지니어링(주)","20110307103552","I","2018-08-31 23:59:59.0","","388153.884601013","186287.197415739","설계업","전문설계업1종","대한민국","0",
"18","전력기술설계업체","09_28_13_P","6260000","200662600008500007","20060908","","01","영업/정상","1","인허가","","","","","0515574266","","47887","부산광역시 동래구 수안동 40-14 해성퓨리즈빌딩","부산광역시 동래구 온천천로337번길 25, 해성퓨리즈빌딩 3층 (수안동)","47887","(주)한국나이스기술단","20200213171218","U","2020-02-15 02:40:00.0","","390210.4238401","190432.797234886","설계업","전문설계업1종","대한민국","100000000",
"19","전력기술설계업체","09_28_13_P","6260000","200762600008500006","20071112","","01","영업/정상","1","인허가","","","","","0519132000","","48045","부산광역시 해운대구 반여동 1095-22","부산광역시 해운대구 삼어로133번나길 14(반여동)","48045","(주)우일엔지니어링","20220317110423","U","2022-03-19 02:40:00.0","","392832.20787328","191946.572654354","설계업","전문설계업1종","대한민국","30000000",
"20","전력기술설계업체","09_28_13_P","6260000","200762600008500007","20071123","","01","영업/정상","1","인허가","","","","","0515567266","","","부산광역시 부산진구 연지동 41번지 40호","부산광역시 부산진구 동평로 277, 2층 (연지동)","47123","이호기술단(주)","20200317124136","U","2020-03-19 02:40:00.0","","387372.299347705","187727.366163112","설계업","종합설계업","대한민국","0",
"21","전력기술설계업체","09_28_13_P","6260000","200762600008500008","20071213","","01","영업/정상","1","인허가","","","","","0515066677","","607813","부산광역시 동래구 사직3동   147번지 79호","부산광역시 동래구 여고로127번길 23 (사직동)","","(주)성림기술단","20071213133437","I","2018-08-31 23:59:59.0","","388992.767238733","190936.058615257","설계업","전문설계업2종","대한민국","10082000",
"22","전력기술설계업체","09_28_13_P","6260000","200862600008500001","20080325","","01","영업/정상","1","인허가","","","","","0515574265","","","부산광역시 동래구 수안동 41번지 6호 삼운빌딩","부산광역시 동래구 수안로8번길 12, 4층 (수안동,삼운빌딩)","47887","(주)더베스트이앤씨","20180307113948","I","2018-08-31 23:59:59.0","","390135.290029165","190379.346493464","설계업","전문설계업1종","대한민국","10000000",
"23","전력기술설계업체","09_28_13_P","6260000","200962600008500001","20090220","","01","영업/정상","1","인허가","","","","","0517140019","","46981","부산광역시 사상구 감전동 132-7 부산디지털밸리 1105호","부산광역시 사상구 대동로 303, 부산디지털밸리 1105호 (감전동)","46981","(주)드림종합기술단","20220314173639","U","2022-03-16 02:40:00.0","","380981.41459300000","186059.08147100000","설계업","전문설계업1종","대한민국","61838316",
"24","전력기술설계업체","09_28_13_P","6260000","201062600008500001","20100322","","01","영업/정상","1","인허가","","","","","0515027806","","47743","부산광역시 동래구 명륜동 673-12 대월오피스텔 801호","부산광역시 동래구 명륜로 175, 대월오피스텔 8층 801호 (명륜동)","47743","엘티유이엔지","20200716111314","U","2020-07-18 02:40:00.0","","389533.720223093","192019.21254215","설계업","전문설계업1종","대한민국","30000000",
"25","전력기술설계업체","09_28_13_P","6260000","201062600008500002","20100324","","01","영업/정상","1","인허가","","","","","0517220855","","619906","부산광역시 기장군 기장읍 174번지 3호","부산광역시 기장군 기장읍 청강로85번길 16","619906","대경기술(주)","20130625135035","I","2018-08-31 23:59:59.0","","402151.771230132","195569.971287865","설계업","전문설계업1종","대한민국","0",
"26","전력기술설계업체","09_28_13_P","6260000","201162600008500001","20110628","","01","영업/정상","1","인허가","","","","","0514627471","","601836","부산광역시 동구 초량3동  1153번지 14호","부산광역시 동구 중앙대로320번길 3-2 (초량동)","601836","(주)일신전기감리","20160203163601","I","2018-08-31 23:59:59.0","","386410.654229382","182547.99559442","설계업","전문설계업2종","","100000000",
"27","전력기술설계업체","09_28_13_P","6260000","200362600008500001","20030106","","01","영업/정상","1","인허가","","","","","0518070119","","614862","부산광역시 부산진구 전포2동  170번지 1호 서면한신하이텔 703호","부산광역시 부산진구 전포대로 294, 703호 (전포동,서면한신하이텔)","614862","대원포비스(주)","20120220093052","I","2018-08-31 23:59:59.0","","388211.357283308","186804.440373642","설계업","전문설계업1종","대한민국","",
"28","전력기술설계업체","09_28_13_P","6260000","201362600008500001","20130724","","01","영업/정상","1","인허가","","","","","0518086906","","611802","부산광역시 연제구 거제1동  89번지 61호","부산광역시 연제구 교대로22번길 4 (거제동)","611802","(주)욱동방재","20130724163317","I","2018-08-31 23:59:59.0","","389123.951556564","190485.92641281","설계업","전문설계업1종","대한민국","151604062",
"29","전력기술설계업체","09_28_13_P","6260000","201162600008500002","20110412","","01","영업/정상","1","인허가","","","","","07086726099","","","부산광역시 해운대구 재송동 1210번지  307호","부산광역시 해운대구 센텀동로 99, 307호 (재송동)","48059","연디자인","20160204102546","I","2018-08-31 23:59:59.0","","393553.326853219","188402.465080284","설계업","전문설계업2종","대한민국","30437852",
"30","전력기술설계업체","09_28_13_P","6260000","201362600008500003","20131204","","01","영업/정상","1","인허가","","","","","0513238151","","614875","부산광역시 부산진구 가야동 60번지 21호 4층","부산광역시 부산진구 가야대로507번길 130, 4층 (가야동)","614875","주호E&C","20131216111248","I","2018-08-31 23:59:59.0","","385176.737186745","185974.672147856","설계업","전문설계업1종","대한민국","30000000",
"31","전력기술설계업체","09_28_13_P","6260000","200662600008500005","20060413","","01","영업/정상","1","인허가","","","","","0515034377","","607839","부산광역시 동래구 온천3동   1350번지 4호 한사랑APT상가401호","부산광역시 동래구 아시아드대로255번가길 8-8 (온천동,한사랑APT상가401호)","","(주)동지종합엔지니어링","20100115142745","I","2018-08-31 23:59:59.0","","388177.413188437","191828.945228238","설계업","전문설계업1종","대한민국","56000000",
"32","전력기술설계업체","09_28_13_P","6260000","200262600008500003","20020508","","01","영업/정상","1","인허가","","","","","0517827500","","612050","부산광역시 해운대구 재송동   1210번지 벽산이-센텀클래스원 1308호","부산광역시 해운대구 센텀동로 99 (재송동,벽산이-센텀클래스원 1308호)","","(주)선진이엔지","20110804105905","I","2018-08-31 23:59:59.0","","393553.326853219","188402.465080284","설계업","전문설계업1종","대한민국","0",
"33","전력기술설계업체","09_28_13_P","6260000","200562600008500002","20050114","","01","영업/정상","1","인허가","","","","","0514693119","","601827","부산광역시 동구 초량3동  135번지 48호","부산광역시 동구 초량중로 99-3 (초량동)","601827","금정엔지니어링(주)","20131226141255","I","2018-08-31 23:59:59.0","","385872.188077484","182068.435002445","설계업","전문설계업1종","대한민국","0",
"34","전력기술설계업체","09_28_13_P","6260000","199762600008500001","19970402","","01","영업/정상","1","인허가","","","","","0512548141","","600803","부산광역시 중구 보수동1가  145번지 28호 한신스포렉스 901호","부산광역시 중구 고가길 32, 901호 (보수동1가,한신스포렉스)","600803","(주)한신콘설탄트","20151102194655","I","2018-08-31 23:59:59.0","","384753.432651155","180176.033804153","설계업","종합설계업","대한민국","0",
"35","전력기술설계업체","09_28_13_P","6260000","200762600008500005","20070903","","01","영업/정상","1","인허가","","","","","0516370316","","607834","부산광역시 동래구 온천1동 474번지 19호  403호","부산광역시 동래구 동래로19번길 2, 403호 (온천동)","607834","(주)한국엔지니어링","20140829163202","I","2018-08-31 23:59:59.0","","389156.480753965","192373.526379535","설계업","전문설계업1종","대한민국","38766000",
"36","전력기술설계업체","09_28_13_P","6260000","201462600008500002","20140314","","01","영업/정상","1","인허가","","","","","0515574245","","607823","부산광역시 동래구 수안동  40번지 2호","부산광역시 동래구 온천천로319번길 12 (수안동)","607823","(주)한국나이스이엔지","20140314092501","I","2018-08-31 23:59:59.0","","390144.111432534","190453.524937101","설계업","전문설계업2종","대한민국","50000000",
"37","전력기술설계업체","09_28_13_P","6260000","201462600008500004","20140526","","01","영업/정상","1","인허가","","","","","0517140074","","607817","부산광역시 동래구 사직동 104번지 7호","부산광역시 동래구 아시아드대로 111-1, 3층 (사직동)","607817","(주)중앙엔지니어링건축사사무소","20160406155332","I","2018-08-31 23:59:59.0","","388100.494333843","190320.753470036","설계업","전문설계업1종","대한민국","510000000",
"38","전력기술설계업체","09_28_13_P","6260000","201462600008500005","20140619","","01","영업/정상","1","인허가","","","","","07088537974","","47209","부산광역시 부산진구 양정동 252-1","부산광역시 부산진구 거제천로 52, 5층(양정동)","47209","(주)진일기술단","20210927141830","U","2021-09-29 02:40:00.0","","388662.131505051","188609.481783559","설계업","전문설계업1종","대한민국","30000000",
"39","전력기술설계업체","09_28_13_P","6260000","201462600008500007","20141021","","01","영업/정상","1","인허가","","","","","0518187340","","48494","부산광역시 남구 대연동 892-10 대성맨션 상가동 110호","부산광역시 남구 유엔로 127-2, 대성맨션 상가동 1층 110호호 (대연동)","48494","(주)골드이엔지","20210624131658","U","2021-06-26 02:40:00.0","","390421.628061896","183263.851233042","설계업","전문설계업1종","대한민국","120000000",
"40","전력기술설계업체","09_28_13_P","6260000","199762600008500002","19970407","","01","영업/정상","1","인허가","","","","","0515588041","","607829","부산광역시 동래구 안락1동   633번지 44호 안락빌딩4층","부산광역시 동래구 안연로 56 (안락동,안락빌딩4층)","","(주)동영","20091026113914","I","2018-08-31 23:59:59.0","","391150.163527661","190145.061792969","설계업","전문설계업1종","대한민국","",
"41","전력기술설계업체","09_28_13_P","6260000","201562600008500001","20150109","","01","영업/정상","1","인허가","","","","","0515011193","","607839","부산광역시 동래구 온천동 1350번지 한사랑@상가 401호","부산광역시 동래구 아시아드대로255번가길 8-9, 401호 (온천동,한사랑@상가)","607839","(주)현대이엔지","20150109161439","I","2018-08-31 23:59:59.0","","388145.747561927","191865.158754271","설계업","전문설계업1종","대한민국","50000000",
"42","전력기술설계업체","09_28_13_P","6260000","201562600008500002","20150211","","01","영업/정상","1","인허가","","","","","0519268832","","47877","부산광역시 동래구 수안동 166-9 태웅빌딩 502호","부산광역시 동래구 충렬대로238번길 31, 태웅빌딩 502호 (수안동)","47877","(주)와이앤제이이앤씨","20180202110515","I","2018-08-31 23:59:59.0","","389825.202958159","190963.837138882","설계업","전문설계업1종","","100000000",
"43","전력기술설계업체","09_28_13_P","6260000","201562600008500005","20150908","","01","영업/정상","1","인허가","","","","","0512411656","","","부산광역시 중구 보수동1가 116번지 15호  903호","부산광역시 중구 고가길 32, 903호 (보수동1가)","48967","(주)엠피코씨엠","20150908141856","I","2018-08-31 23:59:59.0","","384758.478990296","180165.17593179","설계업","전문설계업1종","대한민국","1005000000",
"44","전력기술설계업체","09_28_13_P","6260000","201662600008500001","20160120","","01","영업/정상","1","인허가","","","","","0517146417","","","부산광역시 연제구 연산동 1310번지 20호 토목회관","부산광역시 연제구 중앙대로1050번길 5, 지하층 (연산동,토목회관)","47598","(주)청림이앤씨","20190312130051","U","2019-03-14 02:40:00.0","","389322.05480288","188948.591685089","설계업","전문설계업2종","대한민국","100000000",
"45","전력기술설계업체","09_28_13_P","6260000","201662600008500002","20160401","","01","영업/정상","1","인허가","","","","","0516441744","","","부산광역시 동래구 낙민동 77번지 1호 한일유앤아이아파트 107동 202호","부산광역시 동래구 온천천로339번길 28, 107동 202호 (낙민동,한일유앤아이아파트)","47886","(주)장인기술단","20160401101219","I","2018-08-31 23:59:59.0","","390440.372777095","190466.87922002","설계업","전문설계업1종","","50000000",
"46","전력기술설계업체","09_28_13_P","6260000","201562600008500007","20151119","","01","영업/정상","1","인허가","","","","","0515066051","","","부산광역시 연제구 거제동 500번지 12호","부산광역시 연제구 거제대로118번길 27, 3층 (거제동)","47547","(주)효성기술단","20170627161150","I","2018-08-31 23:59:59.0","","388538.533591728","188568.966252015","설계업","전문설계업2종","대한민국","62872300",
"47","전력기술설계업체","09_28_13_P","6260000","200562600008500006","20050721","","01","영업/정상","1","인허가","","","","","0518688577","","","부산광역시 연제구 연산동 1366번지 1호 더&#49406;시티애비뉴2차 203동 602호","부산광역시 연제구 시청로 12, 203동 602호 (연산동,더&#49406;시티애비뉴2차)","47542","(주)미래기술이엔지","20170613110333","I","2018-08-31 23:59:59.0","","389031.59363925","188864.606620072","설계업","전문설계업2종","대한민국","0",
"48","전력기술설계업체","09_28_13_P","6260000","200162600008500002","20010118","","01","영업/정상","1","인허가","","","","","0518173931","","614869","부산광역시 부산진구 전포1동  690번지 7호","부산광역시 부산진구 전포대로199번길 15, 3층 (전포동,현대타워오피스텔)","614869","(주)삼영기술","20120417173451","I","2018-08-31 23:59:59.0","","388022.481221191","185844.723433596","설계업","전문설계업1종","대한민국","0",
"49","전력기술설계업체","09_28_13_P","6260000","200562600008500007","20051221","","01","영업/정상","1","인허가","","","","","0513297766","","48058","부산광역시 해운대구 재송동 1208-2 센텀스카이비즈, 에이동 1905호","부산광역시 해운대구 센텀중앙로 97, 센텀스카이비즈 에이동 1905호 (재송동)","48058","(주)나이스에너지엔지니어링","20171110134941","I","2018-08-31 23:59:59.0","","393519","188317","설계업","전문설계업1종","대한민국","150000000",
"50","전력기술설계업체","09_28_13_P","6260000","200662600008500001","20060116","","01","영업/정상","1","인허가","","","","","0518175417","","611839","부산광역시 연제구 연산5동   1310번지 20호 토목회관3","부산광역시 연제구 중앙대로1050번길 5 (연산동,토목회관3)","","(주)부흥이앤씨","20110707142754","I","2018-08-31 23:59:59.0","","389322.05480288","188948.591685089","설계업","전문설계업1종","대한민국","100000000",
"51","전력기술설계업체","09_28_13_P","6260000","199962600008500002","19990609","","01","영업/정상","1","인허가","","","","","0518182391","","47251","부산광역시 부산진구 부전동 341-5 삼정기업빌딩 1601호","부산광역시 부산진구 중앙대로775번길 5, 삼정기업빌딩 1601호 (부전동)","47251","(주)광명토탈엔지니어링","20190902143751","U","2019-09-04 02:40:00.0","","387750.084943642","186671.210186448","설계업","전문설계업1종","대한민국","0",
"52","전력기술설계업체","09_28_13_P","6260000","200062600008500001","20000208","","01","영업/정상","1","인허가","","","","","0514657972","","","부산광역시 부산진구 양정동 252번지 1호 세종빌딩","부산광역시 부산진구 거제천로 52, 전층 (양정동,세종빌딩)","47209","(주)세종기술단","20161121142146","I","2018-08-31 23:59:59.0","","388662.131505051","188609.481783559","설계업","전문설계업1종","대한민국","0",
"53","전력기술설계업체","09_28_13_P","6260000","201762600008500002","20170111","","01","영업/정상","1","인허가","","","","","0517607600","","","부산광역시 수영구 광안동 536번지 140호 거원빌딩","부산광역시 수영구 광일로29번길 68, 4층 (광안동,거원빌딩)","48252","(주)거원엔지니어링","20200115173037","U","2020-01-17 02:40:00.0","","392224.467985294","186512.809983141","설계업","전문설계업2종","대한민국","0",
"54","전력기술설계업체","09_28_13_P","6260000","201762600008500003","20170627","","01","영업/정상","1","인허가","","","","","0518320533","","","부산광역시 강서구 생곡동 1599번지 8호","부산광역시 강서구 가달2로 24 (생곡동)","46729","(주)제이케이알에스티","20170627113802","I","2018-08-31 23:59:59.0","","371075.638604429","183594.649190919","설계업","전문설계업1종","대한민국","120000000",
"55","전력기술설계업체","09_28_13_P","6260000","201762600008500004","20170707","","01","영업/정상","1","인허가","","","","","0515066900","","47838","부산광역시 동래구 온천동 1378-9 대화빌 201호","부산광역시 동래구 여고북로73번길 34, 201호(온천동, 대화빌)","47838","규영플랜","20220519100222","U","2022-05-21 02:40:00.0","","388349.820160974","191161.835111003","설계업","전문설계업1종","대한민국","50582000",
"56","전력기술설계업체","09_28_13_P","6260000","201762600008500006","20170905","","01","영업/정상","1","인허가","","","","","0513297000","","48058","부산광역시 해운대구 재송동 1208-2 센텀스카이비즈, 에이동 1907호","부산광역시 해운대구 센텀중앙로 97, 센텀스카이비즈 에이동 1907호 (재송동)","48058","(주)나이스에너지","20201116104203","U","2020-11-18 02:40:00.0","","393519","188317","설계업","전문설계업1종","대한민국","50000000",
"57","전력기술설계업체","09_28_13_P","6260000","201162600008500003","20110414","","01","영업/정상","1","인허가","","","","","07050916143","","","부산광역시 동래구 온천동 1422번지 23호 제트원타워 705호","부산광역시 동래구 아시아드대로 256-5, 705호 (온천동,제트원타워)","47837","(주)여명기술단","20170920110624","I","2018-08-31 23:59:59.0","","388358.888911048","191644.568313121","설계업","전문설계업1종","대한민국","150000000",
"58","전력기술설계업체","09_28_13_P","6260000","201862600008500001","20180213","","01","영업/정상","1","인허가","","","","","07047086996","","46721","부산광역시 강서구 대저2동 3153-1 부산티플렉스 117동 206호","부산광역시 강서구 유통단지1로 41, 부산티플렉스 117동 206호 (대저2동)","46721","주식회사 라인엔지니어링","20190711161330","U","2019-07-13 02:40:00.0","","378260.668626959","186989.385407123","설계업","전문설계업1종","대한민국","50000000",
"59","전력기술설계업체","09_28_13_P","6260000","202062600008500001","20200224","","01","영업/정상","1","인허가","","","","","0514165168","","48798","부산광역시 동구 초량동 65-4 202호","부산광역시 동구 고관로13번길 23, 202호 (초량동)","48798","(주)해강이앤씨","20200224182551","I","2020-02-26 00:23:23.0","","385954.414629176","182118.937988085","설계업","전문설계업1종","대한민국","0",
"60","전력기술설계업체","09_28_13_P","6260000","202062600008500002","20200224","","01","영업/정상","1","인허가","","","","","0518689741","","47211","부산광역시 부산진구 양정동 279-5 셀렉스빌딩","부산광역시 부산진구 거제대로 86, 셀렉스빌딩 3층(양정동)","47211","(주)와이케이엔지니어링","20220225132432","U","2022-02-27 02:40:00.0","","","","설계업","전문설계업1종","대한민국","91754304",
"61","전력기술설계업체","09_28_13_P","6260000","202162600008500003","20211013","","01","영업/정상","1","인허가","","","","","0517595442","","48226","부산광역시 수영구 수영동 500-6","부산광역시 수영구 구락로 25(수영동)","48226","㈜중앙제이앤지","20211013153419","I","2021-10-15 00:22:46.0","","393049.56785828","187762.857574099","설계업","전문설계업1종","","0",
"62","전력기술설계업체","09_28_13_P","6260000","202162600008500004","20211208","","01","영업/정상","1","인허가","","","","","0517106488","","48059","부산광역시 해운대구 재송동 1209번지 센텀아이에스타워 1905호","부산광역시 해운대구 센텀북대로 60, 센텀아이에스타워 1905호(재송동)","48059","(주)룬디자인","20211208102818","I","2021-12-10 00:22:42.0","","393561.58646018","188474.665440257","설계업","전문설계업2종","","30000000",
"63","전력기술설계업체","09_28_13_P","6260000","202062600008500005","20200804","","01","영업/정상","1","인허가","","","","","0519362563","","46059","부산광역시 기장군 기장읍 서부리 63-6","부산광역시 기장군 기장읍 읍내로 39, 3층","46059","다온기술㈜","20220609105642","U","2022-06-11 02:40:00.0","","401042.094765998","196329.349386307","설계업","전문설계업2종","대한민국","300000000",
"64","전력기술설계업체","09_28_13_P","6260000","202062600008500006","20200812","","01","영업/정상","1","인허가","","","","","0515534010","","47231","부산광역시 부산진구 전포동 190-65","부산광역시 부산진구 진남로356번길 110-16, 2층 (전포동)","47231","민엔설트","20200812132054","I","2020-08-14 00:23:32.0","","388693.786804221","186577.921368633","설계업","전문설계업1종","대한민국","0",
"65","전력기술설계업체","09_28_13_P","6260000","202162600008500002","20210608","","01","영업/정상","1","인허가","","","","","0517825932","","48751","부산광역시 동구 초량동 1185-65 마리나g7 b동 04호","부산광역시 동구 충장대로 160, 마리나g7 b동 43층 04호 (초량동)","48751","스텝","20210624131603","U","2021-06-26 02:40:00.0","","","","설계업","전문설계업2종","대한민국","38080347",
"66","전력기술설계업체","09_28_13_P","6260000","201962600008500005","20190906","","01","영업/정상","1","인허가","","","","","0517154087","","47291","부산광역시 부산진구 부전동 156-28 오기빌딩 301호","부산광역시 부산진구 서전로10번길 28, 오기빌딩 3층 301호 (부전동)","47291","㈜건일씨엠","20210409171142","I","2021-04-11 00:22:58.0","","387625.86797096","186117.09883859","설계업","전문설계업2종","대한민국","150000000",
"67","전력기술설계업체","09_28_13_P","6260000","202162600008500001","20210302","","01","영업/정상","1","인허가","","","","","0517115417","","47598","부산광역시 연제구 연산동 1310-20","부산광역시 연제구 중앙대로1050번길 5, 지하층 (연산동)","47598","청목플러스㈜)","20210302101634","I","2021-03-04 00:23:00.0","","389322.05480288","188948.591685089","설계업","전문설계업2종","대한민국","0",
"68","전력기술설계업체","09_28_13_P","6260000","202062600008500007","20201221","","01","영업/정상","1","인허가","","","","","07050966147","","47821","부산광역시 동래구 온천동 1423-1 에스케이빌딩","부산광역시 동래구 미남로 148, 에스케이빌딩 4층 (온천동)","47821","㈜제일기술단","20201221135155","I","2020-12-23 00:23:05.0","","388414.208614971","191728.361553854","설계업","전문설계업1종","대한민국","50000000",
"69","전력기술설계업체","09_28_13_P","6260000","201962600008500003","20190422","","03","폐업","3","폐업","20191001","","","","0516230269","","46754","부산광역시 강서구 송정동 1635-3","부산광역시 강서구 녹산산단361로 16 (송정동)","46754","(주)오상엠엔이티","20191004092428","U","2019-10-06 02:40:00.0","","369330.830801834","178383.142315859","설계업","전문설계업2종","대한민국","704000000",
"70","전력기술설계업체","09_28_13_P","6260000","201862600008500004","20180514","","03","폐업","3","폐업","","","","","0515070119","","48097","부산광역시 해운대구 중동 1778-1 이안해운대파일론 1805호","부산광역시 해운대구 달맞이길 43, 이안해운대파일론 1805호 (중동)","48097","부산기술단","20190411135152","U","2019-04-13 02:40:00.0","","397650.317430573","186919.128562817","설계업","전문설계업2종","대한민국","0",
"71","전력기술설계업체","09_28_13_P","6260000","201862600008500006","20180626","","03","폐업","3","폐업","20180727","","","","0517147358","","46703","부산광역시 강서구 대저1동 2690-1","부산광역시 강서구 체육공원로6번길 146 (대저1동)","46703","그랜드썬","20180727135853","I","2018-08-31 23:59:59.0","","380327.550863077","191699.968603894","설계업","전문설계업1종","대한민국","0",
"72","전력기술설계업체","09_28_13_P","6260000","200162600008500001","20011222","","03","폐업","3","폐업","20070830","","","","0516370313","","601709","부산 동구 범일2동 830-295 삼환오피스텔502호","","","(주)한국전설기술단","20070830210513","I","2018-08-31 23:59:59.0","","","","설계업","전문설계업1종","대한민국","0",
"73","전력기술설계업체","09_28_13_P","6260000","200462600008500001","20040220","","03","폐업","3","폐업","20070521","","","","0515564550","","607823","부산 동래구 수안동 41-6 삼운빌딩2층","","","(주)호승성림기술단","20070521181818","I","2018-08-31 23:59:59.0","","","","설계업","전문설계업1종","대한민국","0",
"74","전력기술설계업체","09_28_13_P","6260000","200462600008500003","20040722","","03","폐업","3","폐업","20090209","","","","0518689741","","614855","부산광역시 부산진구 양정2동   279번지 1호","부산광역시 부산진구 거제대로 88 (양정동)","","광명기술단","20090209113759","I","2018-08-31 23:59:59.0","","388325.896865469","188315.499091653","설계업","전문설계업1종","대한민국","",
"75","전력기술설계업체","09_28_13_P","6260000","200462600008500004","20040907","","03","폐업","3","폐업","","","","","0515577061","","607822","부산 동래구 수안동 3-8 한일빌딩2층","","","(주)한새기술단","20070625100206","I","2018-08-31 23:59:59.0","","","","설계업","전문설계업1종","대한민국","0",
"76","전력기술설계업체","09_28_13_P","6260000","200562600008500003","20050315","","03","폐업","3","폐업","20060201","","","","0515213600","","609809","부산 금정구 금사동 37-10 보림팩토리아306호","","","(주)한국시엠알","20060206083629","I","2018-08-31 23:59:59.0","","","","설계업","전문설계업1종","대한민국","0",
"77","전력기술설계업체","09_28_13_P","6260000","200762600008500001","20070226","","03","폐업","3","폐업","20190723","","","","0512053808","","604832","부산광역시 사하구 신평1동   7번지 신평삼익아파트 9동 301호","부산광역시 사하구 장평로 311, 9동 301호 (신평동,신평삼익아파트)","","(주)우진이엔지","20190723143336","U","2019-07-25 02:40:00.0","","379969.233968736","179043.775487216","설계업","전문설계업2종","대한민국","10000000",
"78","전력기술설계업체","09_28_13_P","6260000","200662600008500008","20061228","","03","폐업","3","폐업","20070626","","","","0512442112","","602831","부산광역시 서구 암남동   354-1번지 기산비치상가 226호","","","(주)케이엔티기술단","20070626095051","I","2018-08-31 23:59:59.0","","","","설계업","전문설계업2종","한국","53000000",
"79","전력기술설계업체","09_28_13_P","6260000","200762600008500002","20070309","","03","폐업","3","폐업","20090209","","","","0519738604","","618800","부산광역시 강서구 강동동   171번지","부산광역시 강서구 낙동북로31번길 50 (강동동)","","정 도","20090209113841","I","2018-08-31 23:59:59.0","","376145.924030976","192942.541795089","설계업","전문설계업2종","대한민국","10000000",
"80","전력기술설계업체","09_28_13_P","6260000","200762600008500003","20070612","","03","폐업","3","폐업","20071105","","","","0515066677","","607813","부산광역시 동래구 사직3동   147번지 79호 2층","부산광역시 동래구 여고로127번길 23 (사직동,2층)","","(주)성림기술단","20071203154855","I","2018-08-31 23:59:59.0","","388992.767238733","190936.058615257","설계업","전문설계업1종","대한민국","30000000",
"81","전력기술설계업체","09_28_13_P","6260000","200762600008500004","20070614","","03","폐업","3","폐업","20211110","","","","0515526868","","46249","부산광역시 금정구 구서동 177-1 우남타워","부산광역시 금정구 중앙대로 1942, 우남타워 12층 (구서동)","46249","(주)유일방재엔지니어링","20211110170454","U","2021-11-12 02:40:00.0","","390287.835408943","197374.269349615","설계업","전문설계업2종","대한민국","0",
"82","전력기술설계업체","09_28_13_P","6260000","200862600008500002","20080603","","03","폐업","3","폐업","20141127","","","","0515066051","","614850","부산광역시 부산진구 부전2동  535번지 10호","부산광역시 부산진구 신천대로 62, 2층 (부전동)","614850","(주)효성기술단","20141127145610","I","2018-08-31 23:59:59.0","","387523.019466086","185458.235819993","설계업","전문설계업2종","대한민국","10000000",
"83","전력기술설계업체","09_28_13_P","6260000","200862600008500003","20080812","","03","폐업","3","폐업","20121011","","","","0518521355","","611811","부산광역시 연제구 연산1동  303번지 46호 서광하이빌 106호","부산광역시 연제구 신금로17번길 30-14, 106호 (연산동,서광하이빌)","611811","(주)대림기술단","20121012155149","I","2018-08-31 23:59:59.0","","390602.68422486","190018.39055794","설계업","전문설계업2종","대한민국","0",
"84","전력기술설계업체","09_28_13_P","6260000","200862600008500004","20080924","","03","폐업","3","폐업","20101101","","","","0513311083","","616805","부산광역시 북구 구포3동   1225번지 9호","부산광역시 북구 시랑로79번길 30-9 (구포동)","","(주)항도전기관리","20101102111501","I","2018-08-31 23:59:59.0","","382759.508848129","190601.279813689","설계업","전문설계업2종","","0",
"85","전력기술설계업체","09_28_13_P","6260000","200862600008500005","20081111","","03","폐업","3","폐업","20130124","","","","0517909910","","609843","부산광역시 금정구 청룡동 44번지 24호","부산광역시 금정구 청룡예전로 33 (청룡동)","609843","(주)우인엔지니어링","20130129155743","I","2018-08-31 23:59:59.0","","390090.827921281","199400.44783194","설계업","전문설계업2종","","11165000",
"86","전력기술설계업체","09_28_13_P","6260000","200962600008500002","20090528","","03","폐업","3","폐업","20130813","","","","07075024300","","601709","부산광역시 동구 범일2동 830번지 295호 삼환오피스텔 1207호","부산광역시 동구 자성로141번길 11, 1207호 (범일동,삼환오피스텔)","601709","세부엔지니어링","20130813170442","I","2018-08-31 23:59:59.0","","388188.345022103","184059.516935515","설계업","전문설계업2종","대한민국","100027152",
"87","전력기술설계업체","09_28_13_P","6260000","201062600008500003","20100630","","03","폐업","3","폐업","20131226","","","","0517418816","","612020","부산광역시 해운대구 우동   1458번지 인텔리움센텀 303호","부산광역시 해운대구 센텀6로 21 (우동,인텔리움센텀 303호)","","주식회사 스타라이팅","20140107155120","I","2018-08-31 23:59:59.0","","393901.99210345","188122.938094434","설계업","전문설계업2종","","720383471",
"88","전력기술설계업체","09_28_13_P","6260000","201062600008500004","20100324","","03","폐업","3","폐업","20150908","","","","0518038757","","611080","부산광역시 연제구 연산동  1385번지 2호","부산광역시 연제구 중앙대로1065번길 3-5 (연산동)","611080","(주)협동전기감리단","20150909143934","I","2018-08-31 23:59:59.0","","389304.972549965","189094.654069205","설계업","전문설계업2종","","100000000",
"89","전력기술설계업체","09_28_13_P","6260000","201262600008500001","20120508","","03","폐업","3","폐업","20160428","","","","0517040906","","612040","부산광역시 해운대구 송정동 193번지 1호","부산광역시 해운대구 송정중앙로21번길 46 (송정동)","612040","(주)제이에스타운","20160428182450","I","2018-08-31 23:59:59.0","","400724.156261039","189497.19117715","설계업","전문설계업2종","","50000000",
"90","전력기술설계업체","09_28_13_P","6260000","201262600008500002","20120920","","03","폐업","3","폐업","20170322","","","","0518521355","","","부산광역시 연제구 연산동 302번지 3호 노블레스스퀘어 318호","부산광역시 연제구 신금로 25, 318호 (연산동,노블레스스퀘어)","47560","(주)대림티앤에스","20170322150926","I","2018-08-31 23:59:59.0","","390688.337529364","190053.714543449","설계업","전문설계업2종","대한민국","113958051",
"91","전력기술설계업체","09_28_13_P","6260000","201362600008500002","20130809","","03","폐업","3","폐업","20170228","","","","0518070510","","614747","부산광역시 부산진구 전포동 690번지 4호 현대타워오피스텔 702호","부산광역시 부산진구 전포대로199번길 15, 702호 (전포동,현대타워오피스텔)","614747","(주)금성종합기술단","20170228174424","I","2018-08-31 23:59:59.0","","388038.599996574","185847.48270792","설계업","전문설계업2종","대한민국","100000000",
"92","전력기술설계업체","09_28_13_P","6260000","199762600008500004","19970314","","03","폐업","3","폐업","20190131","","","","0515170954","","","부산광역시 연제구 연산동 488번지 55호","부산광역시 연제구 고분로242번길 58, 4층 (연산동)","47570","(주)투-에스","20190131120441","U","2019-02-02 02:40:00.0","","391992.7840197","188998.750752067","설계업","전문설계업2종","대한민국","0",
"93","전력기술설계업체","09_28_13_P","6260000","201462600008500001","20140113","","03","폐업","3","폐업","","","","","0516370316","","607834","부산광역시 동래구 온천1동 474번지 19호  403호","부산광역시 동래구 동래로19번길 2, 403호 (온천동)","607834","(주)한국엔지니어링","20140224154921","I","2018-08-31 23:59:59.0","","389156.480753965","192373.526379535","설계업","전문설계업1종","대한민국","263000000",
"94","전력기술설계업체","09_28_13_P","6260000","201462600008500003","20140317","","03","폐업","3","폐업","20160909","","","","0517519071","","613810","부산광역시 수영구 광안동 1026번지 9호","부산광역시 수영구 연수로348번길 5 (광안동)","613810","이에스종합기술단","20160909133226","I","2018-08-31 23:59:59.0","","392012.247810541","187807.257665012","설계업","전문설계업1종","대한민국","50766700",
"95","전력기술설계업체","09_28_13_P","6260000","201462600008500006","20140917","","03","폐업","3","폐업","20150105","","","","0515527553","","611839","부산광역시 연제구 연산동 704번지 8호  205호","부산광역시 연제구 중앙대로1066번길 28, 205호 (연산동)","611839","보명 ENG","20150106104501","I","2018-08-31 23:59:59.0","","389458.554458819","189003.709953416","설계업","전문설계업2종","대한민국","46193583",
"96","전력기술설계업체","09_28_13_P","6260000","200662600008500002","20060207","","03","폐업","3","폐업","20090825","","","","0515213600","","609809","부산광역시 금정구 금사동   37-10번지 보림팩토피아 306호","","","(주)한국시엠알","20090825193505","I","2018-08-31 23:59:59.0","","","","설계업","전문설계업2종","대한민국","500000000",
"97","전력기술설계업체","09_28_13_P","6260000","200662600008500006","20060728","","03","폐업","3","폐업","","","","","0515567266","","607804","부산광역시 동래구 명륜1동   353번지 삼광B/D 5F","부산광역시 동래구 충렬대로237번길 109 (명륜동,삼광B/D 5F)","","이호기술단(주)","20090120132058","I","2018-08-31 23:59:59.0","","389638.521505413","191614.614504858","설계업","전문설계업1종","대한민국","100000000",
"98","전력기술설계업체","09_28_13_P","6260000","201562600008500003","20150403","","03","폐업","3","폐업","20190416","","","","0513265760","","617838","부산광역시 사상구 주례동 637번지","부산광역시 사상구 동주로16번길 46 (주례동)","617838","동우기술(주)","20190416113258","U","2019-04-18 02:40:00.0","","382097.942348673","184972.059820394","설계업","전문설계업2종","","0",
"99","전력기술설계업체","09_28_13_P","6260000","201562600008500004","20071004","","03","폐업","3","폐업","20190722","","","","0515039771","","","부산광역시 동래구 온천동 1248번지 1호","부산광역시 동래구 석사북로 106 (온천동)","47851","(주)우성종합기술","20190722172332","U","2019-07-24 02:40:00.0","","388200.025875008","191566.913227828","설계업","전문설계업2종","대한민국","525000000",
"100","전력기술설계업체","09_28_13_P","6260000","201762600008500001","20170110","","03","폐업","3","폐업","20171205","","","","0518953580","","","부산광역시 강서구 대저1동 742번지 1호","부산광역시 강서구 대저로 199 (대저1동)","46702","(주)부성이엠씨","20171205141331","I","2018-08-31 23:59:59.0","","379733.655040958","192426.609127181","설계업","전문설계업1종","대한민국","53367133",
"101","전력기술설계업체","09_28_13_P","6260000","199762600008500005","19970702","","03","폐업","3","폐업","20211231","","","","0515183121","","609821","부산광역시 금정구 부곡동 235번지 2호","부산광역시 금정구 중앙대로1685번길 15 (부곡동)","609821","(주)길평","20220113164213","U","2022-01-15 02:40:00.0","","390269.692527749","194838.190148598","설계업","전문설계업2종","대한민국","0",
"102","전력기술설계업체","09_28_13_P","6260000","200362600008500003","20030714","","03","폐업","3","폐업","20080813","","","","0518521355","","611811","부산광역시 연제구 연산1동   303번지 46호 서광하이빌 106호","부산광역시 연제구 신금로17번길 30-14 (연산동,서광하이빌 106호)","","(주)대림기술단","20100707114445","I","2018-08-31 23:59:59.0","","390602.68422486","190018.39055794","설계업","전문설계업2종","대한민국","0",
"103","전력기술설계업체","09_28_13_P","6260000","200362600008500004","20031106","","03","폐업","3","폐업","20080908","","","","0515087969","","609843","부산 금정구 청룡동 44-24","","","(주)우인엔지니어링","20080908175321","I","2018-08-31 23:59:59.0","","","","설계업","전문설계업2종","대한민국","",
"104","전력기술설계업체","09_28_13_P","6260000","200562600008500005","20050419","","03","폐업","3","폐업","20060307","","","","0514699577","","601838","부산 동구 초량3동 1196-7 해송빌딩404호","","","(주)주원이엔지","20060309124121","I","2018-08-31 23:59:59.0","","","","설계업","전문설계업2종","대한민국","",
"105","전력기술설계업체","09_28_13_P","6260000","199862600008500002","19980207","","03","폐업","3","폐업","20170228","","","","0515193700","","612020","부산광역시 해운대구 우동   1470번지 에이스하이테크21 1101,1110호","부산광역시 해운대구 센텀중앙로 48 (우동,에이스하이테크21 1101,1110호)","","세일기술(주)","20170228165210","I","2018-08-31 23:59:59.0","","393963.840834294","188061.35516256","설계업","전문설계업2종","대한민국","",
"106","전력기술설계업체","09_28_13_P","6260000","199962600008500003","19990205","","03","폐업","3","폐업","20050930","","","","0515829700","","609391","부산 금정구 장전1동 117-7(유한양행3층)","","","제일엔지니어링","20051007142730","I","2018-08-31 23:59:59.0","","","","설계업","전문설계업1종","대한민국","",
"107","전력기술설계업체","09_28_13_P","6260000","200662600008500003","20060302","","03","폐업","3","폐업","20070716","","","","0515560434","","607834","부산광역시 동래구 온천1동   435-1번지","","","(주)우진기술단","20070716152954","I","2018-08-31 23:59:59.0","","","","설계업","전문설계업2종","대한민국","100000000",
"108","전력기술설계업체","09_28_13_P","6260000","200662600008500004","20060307","","03","폐업","3","폐업","20190610","","","","0514653593","","611836","부산광역시 연제구 연산동 2132번지 13호","부산광역시 연제구 배산북로 7 (연산동)","611836","(주)주원이엔지","20190611094457","U","2019-06-13 02:40:00.0","","390597.911341303","188212.22981319","설계업","전문설계업2종","대한민국","0",
"109","전력기술설계업체","09_28_13_P","6260000","199962600008500001","19990809","","03","폐업","3","폐업","20140702","","","","024508455","","606812","부산광역시 영도구 봉래동5가  3번지","부산광역시 영도구 태종로 233 (봉래동5가)","606812","(주)한진중공업","20140702135223","I","2018-08-31 23:59:59.0","","386888.357789466","179414.109491081","설계업","종합설계업","대한민국","0",
"110","전력기술설계업체","09_28_13_P","6260000","199862600008500001","19980804","","03","폐업","3","폐업","20060908","","","","0512483033","","607823","부산광역시 동래구 수안동   40-2번지 난B/D 지하층 및 4층","","","(주)한국나이스기술단","20060908160044","I","2018-08-31 23:59:59.0","","","","설계업","전문설계업1종","대한민국","0",
"111","전력기술설계업체","09_28_13_P","6260000","201762600008500005","20170803","","03","폐업","3","폐업","20180614","","","","0515068896","","","부산광역시 동래구 온천동 1422번지 25호 금정빌딩 301호","부산광역시 동래구 미남로 137, 301호 (온천동,금정빌딩)","47837","(주)대건에너지","20180614111822","I","2018-08-31 23:59:59.0","","388376.37512652","191632.179966702","설계업","전문설계업2종","대한민국","50000000",
"112","전력기술설계업체","09_28_13_P","6260000","202062600008500003","20200228","","03","폐업","3","폐업","20211101","","","","0517106488","","48059","부산광역시 해운대구 재송동 1209번지 센텀아이에스타워 1905호","부산광역시 해운대구 센텀북대로 60, 센텀아이에스타워 1905호 (재송동)","48059","㈜룬디자인","20211101154750","U","2021-11-03 02:40:00.0","","393561.58646018","188474.665440257","설계업","전문설계업2종","대한민국","22466000",
"113","전력기술설계업체","09_28_13_P","6260000","202062600008500004","20200721","","03","폐업","3","폐업","20210101","","","","0516338877","","47358","부산광역시 부산진구 범천동 879-2 서면베르빌2 409호","부산광역시 부산진구 중앙대로 584, 409호 (범천동, 서면베르빌2)","47358","우일기술단(주)","20210122151038","U","2021-01-24 02:40:00.0","","387513.675143586","184825.965976069","설계업","전문설계업2종","대한민국","0",
"114","전력기술설계업체","09_28_13_P","6260000","201562600008500006","20151117","","03","폐업","3","폐업","20190123","","","","07075084300","","","부산광역시 동구 범일동 830번지 295호 삼환우피스텔 1207호","부산광역시 동구 자성로141번길 11, 1207호 (범일동,삼환우피스텔)","48742","세부엔지니어링","20190123103817","U","2019-01-25 02:40:00.0","","388188.345022103","184059.516935515","설계업","전문설계업2종","대한민국","104402000",
"115","전력기술설계업체","09_28_13_P","6260000","201862600008500009","20181212","","03","폐업","3","폐업","20200211","","","","07043277258","","46080","부산광역시 기장군 기장읍 청강리 122-6","부산광역시 기장군 기장읍 청강로91번길 31, 3층","46080","다온기술(주)","20200217172722","U","2020-02-19 02:40:00.0","","402074","195516","설계업","전문설계업2종","대한민국","200000000",
"116","전력기술설계업체","09_28_13_P","6260000","201862600008500010","20181231","","03","폐업","3","폐업","","","","","0517140019","","46981","부산광역시 사상구 감전동 132-7 부산디지털밸리 1105호","부산광역시 사상구 대동로 303, 부산디지털밸리 1105호 (감전동)","46981","(주)드림종합기술단","20220314173639","U","2022-03-16 02:40:00.0","","380981.41459300000","186059.08147100000","설계업","전문설계업2종","대한민국","100000000",
"117","전력기술설계업체","09_28_13_P","6260000","202062600008500008","20201222","","03","폐업","3","폐업","20220106","","","","0517110427","","47711","부산광역시 동래구 온천동 170-3 온천메디플러스 701-1호","부산광역시 동래구 금강공원로 11, 온천메디플러스 7층 701-1호 (온천동)","47711","다움기술단","20220106115447","U","2022-01-08 02:40:00.0","","389603.356950651","192995.657430744","설계업","전문설계업1종","대한민국","54339924",
"118","전력기술설계업체","09_28_13_P","6260000","200362600008500002","20030526","","04","취소/말소/만료/정지/중지","6","합병말소","","","","","0513024613","","617825","부산 사상구 삼락동 342-19 부산인쇄타운519호","","","(주)대흥이엔씨","20130322124551","I","2018-08-31 23:59:59.0","","","","설계업","전문설계업1종","대한민국","",
