"번호","개방서비스명","개방서비스아이디","개방자치단체코드","관리번호","인허가일자","인허가취소일자","영업상태구분코드","영업상태명","상세영업상태코드","상세영업상태명","폐업일자","휴업시작일자","휴업종료일자","재개업일자","소재지전화","소재지면적","소재지우편번호","소재지전체주소","도로명전체주소","도로명우편번호","사업장명","최종수정시점","데이터갱신구분","데이터갱신일자","업태구분명","좌표정보(x)","좌표정보(y)","의료유사업종별명","종업원수","자격증소유자수","보조종업원수","시설관리자수","기타종업원수","병상수","욕실면적","총면적",
"1","의료유사업","01_01_10_P","3250000","PHMB420053250021042400001","20051228","","03","폐업","03","폐업","20090115","","","","462-6088","","600110","부산광역시 중구 영주동 702번지 741-5,9","부산광역시 중구 중구로 164-2 (영주동,741-5,9)","","고려안마시술소","20090115104014","I","2018-08-31 23:59:59.0","안마시술소","385527.328437187","180858.648166211","안마시술소","1","","","","","4","","272.9",
"2","의료유사업","01_01_10_P","3250000","PHMB420083250021042400001","20080728","","03","폐업","03","폐업","20090407","","","","464-4561","","600110","부산광역시 중구 영주동 609번지 23호","부산광역시 중구 중앙대로147번길 4 (영주동)","","로얄안마시술소","20090407145440","I","2018-08-31 23:59:59.0","안마시술소","385653.74207008","180982.55532041","안마시술소","3","","","","","7","","479.15",
"3","의료유사업","01_01_10_P","3250000","PHMB420173250021042400001","20170928","","03","폐업","03","폐업","20180712","","","","051-465-9675","","","부산광역시 중구 영주동 671번지 14호","부산광역시 중구 중구로 182-6, 2층 203호 (영주동)","48923","에덴지압안마원","20180712141612","I","2018-08-31 23:59:59.0","안마원","385444.571236831","180978.071866736","안마원","0","","","","","","","48.12",
"4","의료유사업","01_01_10_P","3250000","PHMB420163250021042400001","20161107","","03","폐업","03","폐업","20181030","","","","051-244-1444","","","부산광역시 중구 부평동1가 23번지 6호","부산광역시 중구 중구로33번길 8-1, 2층 (부평동1가)","48978","주원전통안마원","20181030174202","U","2018-11-01 02:35:56.0","안마원","384793.967381131","179871.577625118","안마원","0","","","","","0","0","45.6",
"5","의료유사업","01_01_10_P","3250000","PHMB420193250021042400001","20190716","","01","영업/정상","13","영업중","","","","","051-468-2285","","","부산광역시 중구 동광동5가 44번지 32호","부산광역시 중구 동광길 47, 3층 (동광동5가)","48927","동광지압안마원","20200327110010","U","2020-03-29 02:40:00.0","안마원","385434.94990218","180313.855297939","안마원","","","","","","","","79.48",
"6","의료유사업","01_01_10_P","3250000","PHMB420093250021042400001","20090615","","01","영업/정상","13","영업중","","","","","","","600094","부산광역시 중구 대청동4가 86번지 12호","부산광역시 중구 대청로99번길 19-4 (대청동4가)","","손안마원","20170928173707","I","2018-08-31 23:59:59.0","안마원","385097.920408482","180277.869984382","안마원","1","","","","","2","0","61.16",
"7","의료유사업","01_01_10_P","3250000","PHMB420103250021042400001","20100119","","01","영업/정상","13","영업중","","","","","051-247-3110","","600082","부산광역시 중구 보수동2가 50번지 10호","부산광역시 중구 흑교로 79 (보수동2가)","","약청사안마원","20100423160546","I","2018-08-31 23:59:59.0","안마원","384396.8961286","180438.846854273","안마원","1","","","","","1","","39",
"8","의료유사업","01_01_10_P","3250000","PHMB420103250021042400002","20101222","","01","영업/정상","13","영업중","","","","","466-8575","","","부산광역시 중구 대창동1가 23번지 13호","부산광역시 중구 중앙대로 129, 503호 (대창동1가)","48924","뉴그린안마원","20181101114908","U","2018-11-03 02:35:57.0","안마원","385629.342277905","180803.857905689","안마원","0","","","","","0","","53.02",
"9","의료유사업","01_01_10_P","3250000","PHMB420183250021042400001","20180129","","01","영업/정상","13","영업중","","","","","051-462-9595","","","부산광역시 중구 중앙동4가 23번지 1호 노블리안2","부산광역시 중구 중앙대로 80, 노블리안2 지하1층 B101호 (중앙동4가)","48941","수풀림안마원","20180327151438","I","2018-08-31 23:59:59.0","안마원","385630.742187332","180306.821082315","안마원","","","","","","","","49.68",
"10","의료유사업","01_01_10_P","3250000","PHMB420143250021042400001","20140428","","04","취소/말소/만료/정지/중지","24","직권폐업","20190325","","","","051-256-5251","","","","부산광역시 중구 구덕로84번길 4 (남포동6가)","48981","척추컨디션케어서비스교정안마원","20190325142344","U","2019-03-27 02:40:00.0","안마원","384734.078123584","179504.758065038","안마원","","","","","","1","","129.15",
"11","의료유사업","01_01_10_P","3260000","PHMB420093260022042400001","20090731","","02","휴업","02","휴업","","20220114","20220630","","051-253-7083","","602091","부산광역시 서구 서대신동1가 15번지 3호","부산광역시 서구 구덕로265번길 1 (서대신동1가)","","대신안마원","20220114132153","U","2022-01-16 02:40:00.0","안마원","384053.260101019","180632.24100007","안마원","1","0","0","0","0","0","0","56",
"12","의료유사업","01_01_10_P","3260000","PHMB420113260022042400001","20111018","","01","영업/정상","13","영업중","","","","","051-247-0129","","602054","부산광역시 서구 토성동4가 28번지 21호 (2층)","부산광역시 서구 구덕로124번길 8-1 (토성동4가,(2층))","49246","충무지압안마원","20140103085907","I","2018-08-31 23:59:59.0","안마원","384367.986395986","179422.211478926","안마원","1","","","","","1","0","58.88",
"13","의료유사업","01_01_10_P","3260000","PHMB420143260022042400001","20140102","","01","영업/정상","13","영업중","","","","","051-255-3175","","602808","부산광역시 서구 동대신동1가 113번지 1호","부산광역시 서구 대영로 78 (동대신동1가)","49218","예림안마원","20150731111819","I","2018-08-31 23:59:59.0","안마원","384068.256070915","180895.799571889","안마원","1","","","","","","","58.58",
"14","의료유사업","01_01_10_P","3260000","PHMB420163260022042400001","20160122","","01","영업/정상","13","영업중","","","","","245-6123","","","","부산광역시 서구 구덕로 284 (동대신동1가)","49218","대동안마자압원","20181019101721","U","2018-10-21 02:35:59.0","안마원","383957.128513834","180783.799777923","안마원","0","","","","","2","","138.71",
"15","의료유사업","01_01_10_P","3260000","PHMB420163260022042400002","20161125","","01","영업/정상","13","영업중","","","","","051-245-8248","","","부산광역시 서구 충무동2가 1번지 37호","부산광역시 서구 천마로 226-1, 1층 (충무동2가)","49253","진성약손안마지압원","20161129130641","I","2018-08-31 23:59:59.0","안마원","384357.316539075","179271.796720579","안마원","1","","","","","2","","52.5",
"16","의료유사업","01_01_10_P","3260000","PHMB420203260022042400001","20200120","","01","영업/정상","13","영업중","","","","","051-242-9955","","","부산광역시 서구 충무동1가 41번지 26호","부산광역시 서구 해안새벽시장길 48, 2층 (충무동1가)","49254","박기관안마지압원","20200122174510","I","2020-01-24 00:23:24.0","안마원","384583.011640588","179107.248604476","안마원","","","","","","3","","90.86",
"17","의료유사업","01_01_10_P","3260000","PHMB420213260022042400001","20211103","","01","영업/정상","13","영업중","","","","","","","","부산광역시 서구 남부민동 112-26","부산광역시 서구 천마로 145-1, 1층 (남부민동)","49262","영지압원","20220112103913","U","2022-01-14 02:40:00.0","안마원","384433.968453661","178508.676464345","안마원","0","0","0","0","0","0","0","61.69",
"18","의료유사업","01_01_10_P","3270000","PHMB420153270022042400001","20150707","","03","폐업","03","폐업","20170110","","","","","","601830","부산광역시 동구 초량동 1056번지 36호","부산광역시 동구 초량상로 34 (초량동)","48819","소생안마원","20170110133558","I","2018-08-31 23:59:59.0","안마원","385591.248001476","181425.423838974","안마원","","","","","","1","","50.23",
"19","의료유사업","01_01_10_P","3270000","PHMB420173270022042400001","20170522","","03","폐업","03","폐업","20180124","","","","051-468-8004","","","부산광역시 동구 초량동 232번지 1호","부산광역시 동구 중앙대로231번길 34 (초량동)","48815","풀림안마원","20180124133510","I","2018-08-31 23:59:59.0","안마원","385847.194455537","181836.717865453","안마원","0","","","","","","0","69.4",
"20","의료유사업","01_01_10_P","3270000","PHMB420033270022042400001","20031215","","03","폐업","03","폐업","20090821","20090602","20091201","","632-8407","","601806","부산광역시 동구 범일동 617번지 1호","부산광역시 동구 자성공원로 1-16 (범일동)","","필안마시술소","20090821145548","I","2018-08-31 23:59:59.0","안마시술소","387692.165298911","184005.545978171","안마시술소","2","","","","","14","","315.54",
"21","의료유사업","01_01_10_P","3270000","PHMB420103270022042400001","20100318","","03","폐업","03","폐업","20141229","","","","464-1181","","601838","부산광역시 동구 초량3동 1197번지 1호","부산광역시 동구 중앙대로236번길 8 (초량동)","601838","동백안마원","20141230093144","I","2018-08-31 23:59:59.0","안마원","386089.420913756","181731.617240491","안마원","1","","","","","","","67.28",
"22","의료유사업","01_01_10_P","3270000","PHMB420103270022042400002","20100715","","03","폐업","03","폐업","20110314","","","","635-5975","","601808","부산광역시 동구 범일2동 830번지 170호","부산광역시 동구 자성로133번길 45-1 (범일동)","","태양안마원","20110314145229","I","2018-08-31 23:59:59.0","안마원","387893.908003239","184339.16773735","안마원","1","","","","","","","22.94",
"23","의료유사업","01_01_10_P","3270000","PHMB420123270022042400001","20120213","","03","폐업","03","폐업","20130321","","","","637-0090","","601808","부산광역시 동구 범일2동 830번지 260호 동양빌딩 601호","부산광역시 동구 범일로102번길 16-10, 601호 (범일동,동양빌딩)","","조은전통안마원","20130322103521","I","2018-08-31 23:59:59.0","안마원","387770.445370824","184100.20738473","안마원","1","","","","","1","","50.46",
"24","의료유사업","01_01_10_P","3270000","PHMB419933270022042400001","19931230","","03","폐업","03","폐업","20130326","","","","644-8678","","601802","부산광역시 동구 범일동 63번지 1호","부산광역시 동구 중앙대로 529-1 (범일동)","601802","백산안마원","20130326150232","I","2018-08-31 23:59:59.0","안마원","387337.321204777","184301.41817028","안마원","1","","","","","1","","58.52",
"25","의료유사업","01_01_10_P","3270000","PHMB420143270022042400001","20140528","","03","폐업","03","폐업","20170608","","","","051-241-7575","","601829","부산광역시 동구 초량동 207번지 8호","부산광역시 동구 초량로 5-1 (초량동)","48815","성진안마원","20170608171348","I","2018-08-31 23:59:59.0","안마원","385959.432939395","181819.391846242","안마원","","","","","","","","73.44",
"26","의료유사업","01_01_10_P","3270000","PHMB420203270022042400001","20200106","","01","영업/정상","13","영업중","","","","","051-204-3312","","","부산광역시 동구 초량동 1209번지 13호","부산광역시 동구 중앙대로 181, 3층 (초량동)","48818","건강사랑지압안마원","20200106165441","I","2020-01-08 00:23:39.0","안마원","385783.809537124","181289.465089854","안마원","1","","","","","1","","56.7",
"27","의료유사업","01_01_10_P","3270000","PHMB420213270022042400001","20211025","","01","영업/정상","13","영업중","","","","","0516326544","","","부산광역시 동구 좌천동 325-3","부산광역시 동구 중앙대로460번길 32, 1층 (좌천동)","48727","가구거리 햇님안마원","20211104132655","I","2021-11-06 00:22:45.0","안마원","387347.155529838","183710.890173667","안마원","0","0","0","0","0","0","0","97.85",
"28","의료유사업","01_01_10_P","3270000","PHMB420133270022042400001","20130123","","01","영업/정상","13","영업중","","","","","464-7535","","601812","부산광역시 동구 수정2동 96번지 7호","부산광역시 동구 중앙대로349번길 38 (수정동)","48791","진안마원","20220517091806","U","2022-05-19 02:40:00.0","안마원","386355.598444789","182723.923801479","안마원","1","0","0","0","0","0","0","144.36",
"29","의료유사업","01_01_10_P","3270000","PHMB420043270022042400001","20041101","","01","영업/정상","13","영업중","","","","","632-1122","","601823","부산광역시 동구 좌천동 668번지 2호","부산광역시 동구 고관로 164 (좌천동)","48775","한성안마원","20111219170631","I","2018-08-31 23:59:59.0","안마원","386844.148030532","183305.334262891","안마원","1","","","","","1","","27",
"30","의료유사업","01_01_10_P","3270000","PHMB420133270022042400002","20130906","","01","영업/정상","13","영업중","","","","","867-9417","","601808","부산광역시 동구 범일2동 830번지 187호","부산광역시 동구 조방로 38 (범일동)","48739","온지압안마원","20220517132834","U","2022-05-19 02:40:00.0","안마원","387803.448866113","184265.725826944","안마원","4","0","0","0","0","0","0","125.37",
"31","의료유사업","01_01_10_P","3270000","PHMB420153270022042400002","20150828","","01","영업/정상","13","영업중","","","","","204-7575","","","부산광역시 동구 범일동 901번지","부산광역시 동구 범일로 113, 2층 (범일동)","48735","HC힐링안마원","20161006100347","I","2018-08-31 23:59:59.0","안마원","387579.291668791","184263.875327669","안마원","1","","","","","2","","142.46",
"32","의료유사업","01_01_10_P","3270000","PHMB420163270022042400001","20161104","","01","영업/정상","13","영업중","","","","","051-635-7575","","","부산광역시 동구 범일동 830번지 55호","부산광역시 동구 조방로 39-11, 5층 (범일동)","48738","가자장수힐링지압안마원","20220516144755","U","2022-05-18 02:40:00.0","안마원","387778.133002376","184195.377422615","안마원","6","0","0","0","0","1","0","153.87",
"33","의료유사업","01_01_10_P","3270000","PHMB420033270022042400002","20030716","","04","취소/말소/만료/정지/중지","24","직권폐업","20100125","","","","463-6565","","601837","부산광역시 동구 초량동 1162번지 22호","부산광역시 동구 중앙대로286번길 3-10 (초량동)","","금수장안마시술소","20100121114242","I","2018-08-31 23:59:59.0","안마시술소","386300.101384544","182279.170447675","안마시술소","2","","","","","17","","492.47",
"34","의료유사업","01_01_10_P","3280000","PHMB420093280023042400002","20091223","","03","폐업","03","폐업","20110126","","","","412-1010","","606063","부산광역시 영도구 봉래동3가 7번지 8호","","","백진안마원","20110126160644","I","2018-08-31 23:59:59.0","안마원","386270.829458402","178899.723993295","안마원","1","","","","","","","67.9",
"35","의료유사업","01_01_10_P","3280000","PHMB420103280023042400001","20100119","","03","폐업","03","폐업","20100407","","","","415-5003","","606818","부산광역시 영도구 청학2동 21번지 5호","부산광역시 영도구 태종로 368 (청학동)","","명문안마원","20100407140711","I","2018-08-31 23:59:59.0","안마원","388191.3558469","179170.241316386","안마원","1","","","","","","","58.7",
"36","의료유사업","01_01_10_P","3280000","PHMB420093280023042400001","20090324","","03","폐업","03","폐업","20190905","","","","404-0470","","606806","부산광역시 영도구 동삼1동 229번지 139호","부산광역시 영도구 동삼로93번길 17 (동삼동)","","부산안마원","20190905104050","U","2019-09-07 02:40:00.0","안마원","388689.301010807","177807.058132695","안마원","1","","","","","","","20.16",
"37","의료유사업","01_01_10_P","3280000","PHMB419953280023042400001","19950612","","03","폐업","03","폐업","20090917","","","","412-0964","","606012","부산광역시 영도구 대교동2가 104번지 4호","부산광역시 영도구 태종로99번길 8 (대교동2가)","","봉선안마시술소","20101122153752","I","2018-08-31 23:59:59.0","안마시술소","386149.96073875","178871.823069976","안마시술소","2","","","","","10","","266.01",
"38","의료유사업","01_01_10_P","3280000","PHMB420053280023042400001","20050125","","01","영업/정상","13","영업중","","","","","403-6829","","606081","부산광역시 영도구 동삼1동 227번지 219호","부산광역시 영도구 동삼서로 6-4 (동삼동)","","영도안마원","20090917100312","I","2018-08-31 23:59:59.0","안마원","388613.241922436","177554.764913453","안마원","1","","","","","","","6.74",
"39","의료유사업","01_01_10_P","3280000","PHMB420123280023042400001","20120227","","01","영업/정상","13","영업중","","","","","403-4174","","","부산광역시 영도구 동삼동","부산광역시 영도구 동삼로 68, 3층 (동삼동)","49097","동삼안마원","20160429185141","I","2018-08-31 23:59:59.0","안마원","388760.391868115","177568.196061512","안마원","1","","","","","1","","74.46",
"40","의료유사업","01_01_10_P","3280000","PHMB420133280023042400001","20130319","","01","영업/정상","13","영업중","","","","","051-412-1010","","","부산광역시 영도구 대교동2가 120번지 모닝아일랜드 502호","부산광역시 영도구 태종로 98, 502호 (대교동2가, 모닝아일랜드)","49052","백진안마원","20191230154739","U","2020-01-01 02:40:00.0","안마원","386096.336660263","178809.534898551","안마원","1","","","","","4","","122.87",
"41","의료유사업","01_01_10_P","3280000","PHMB420173280023042400001","20170421","","01","영업/정상","13","영업중","","","","","051-415-5147","","","부산광역시 영도구 청학동 448번지 1호","부산광역시 영도구 청학로31번길 6 (청학동)","49019","참사랑약손지압안마원","20170424153029","I","2018-08-31 23:59:59.0","안마원","387809.237167401","178916.811433145","안마원","0","","","","","","","34.5",
"42","의료유사업","01_01_10_P","3290000","PHMB420073290024042400001","20070516","","03","폐업","03","폐업","20130701","","","","804-1077","","614847","부산광역시 부산진구 부전2동 517번지 45호 (6층)","부산광역시 부산진구 중앙대로691번길 34 (부전동)","614847","탑안마시술소","20131022143157","I","2018-08-31 23:59:59.0","안마시술소","","","안마시술소","2","","","","","12","","487.61",
"43","의료유사업","01_01_10_P","3290000","PHMB420073290024042400002","20070403","","03","폐업","03","폐업","20090504","20090504","20090903","","","","614030","부산광역시 부산진구 부전동 552번지 6호","","","홍안마시술소","20090504155115","I","2018-08-31 23:59:59.0","안마시술소","","","안마시술소","2","","","","","12","","337.76",
"44","의료유사업","01_01_10_P","3290000","PHMB420153290024042400002","20151030","","03","폐업","03","폐업","20180319","","","","051-636-3836","","","부산광역시 부산진구 범천동 847번지 42호","부산광역시 부산진구 범일로 160, 5층 (범천동, 중앙빌딩)","47361","금봉안마원","20180319102024","I","2018-08-31 23:59:59.0","안마원","387627.113611921","184737.820386909","안마원","0","","","","","","","54",
"45","의료유사업","01_01_10_P","3290000","PHMB420103290024042400001","20100503","","03","폐업","03","폐업","20140401","","","","803-6111","","614850","부산광역시 부산진구 부전2동 522번지 6호 외 3필지(3층)","부산광역시 부산진구 서면로 21-1, 3층 (부전동)","614850","홍안마시술소","20140401174924","I","2018-08-31 23:59:59.0","안마시술소","387418.074419392","185662.235805242","안마시술소","4","","","","","11","7.8","304.18",
"46","의료유사업","01_01_10_P","3290000","PHMB420113290024042400001","20110330","","03","폐업","03","폐업","20121228","","","","805-7575","","614849","부산광역시 부산진구 부전1동 414번지 28호","부산광역시 부산진구 부전로111번길 24 (부전동)","","김현희안마원","20121228111631","I","2018-08-31 23:59:59.0","안마원","387027.387004196","186463.647064847","안마원","1","","","","","2","","31.24",
"47","의료유사업","01_01_10_P","3290000","PHMB420113290024042400002","20110407","","03","폐업","03","폐업","20130329","","","","","","614847","부산광역시 부산진구 부전2동 516번지 71호","부산광역시 부산진구 중앙대로691번가길 24-5 (부전동)","614847","아름다운안마원","20130329105247","I","2018-08-31 23:59:59.0","안마원","387259.356141204","185969.367568162","안마원","2","","","","","1","","59.9",
"48","의료유사업","01_01_10_P","3290000","PHMB420113290024042400003","20110810","","03","폐업","03","폐업","20120709","","","","","","614847","부산광역시 부산진구 부전2동 520번지 3호 외 2필지 (2층)","부산광역시 부산진구 중앙대로691번길 46 (부전동,외 2필지 (2층))","","태 안마시술소","20120926135355","I","2018-08-31 23:59:59.0","안마시술소","387314.66361266","185900.079101326","안마시술소","5","","","","","18","","635.49",
"49","의료유사업","01_01_10_P","3290000","PHMB420113290024042400004","20110902","","03","폐업","03","폐업","20120723","","","","051-805-5631","","614822","부산광역시 부산진구 당감3동 500번지 22호 (1층)","부산광역시 부산진구 당감서로9번길 3 (당감동,(1층))","","웰빙안마원","20120723160905","I","2018-08-31 23:59:59.0","안마원","385457.757833972","186610.446728657","안마원","1","","","","","","","73.65",
"50","의료유사업","01_01_10_P","3290000","PHMB420063290024042400002","20060331","","03","폐업","03","폐업","20111114","","","","632-8845","","614802","부산광역시 부산진구 가야2동 595번지 1호 (2층)","부산광역시 부산진구 냉정로 273 (가야동,(2층))","","효성안마원","20111114151015","I","2018-08-31 23:59:59.0","안마원","384885.420396141","185453.068452467","안마원","1","","","","","1","","59.35",
"51","의료유사업","01_01_10_P","3290000","PHMB420123290024042400001","20120425","","03","폐업","03","폐업","20130906","","","","051-867-9417","","614857","부산광역시 부산진구 양정1동 445번지 178호","부산광역시 부산진구 범양로79번길 48 (양정동)","614857","온엔지안마원","20131022150320","I","2018-08-31 23:59:59.0","안마원","387783.286923715","187934.114876255","안마원","1","","","","","","","77.31",
"52","의료유사업","01_01_10_P","3290000","PHMB420193290024042400003","20191204","","01","영업/정상","13","영업중","","","","","051-852-7566","","","부산광역시 부산진구 양정동 369번지 3호","부산광역시 부산진구 동평로420번길 13, 4층 (양정동)","47213","위드지압원","20191204100129","I","2019-12-06 00:23:27.0","안마원","388526.693840246","187889.488672895","안마원","0","","","","","","","99",
"53","의료유사업","01_01_10_P","3290000","PHMB420193290024042400001","20191106","","01","영업/정상","13","영업중","","","","","051-633-2551","","","부산광역시 부산진구 양정동 511-3 양정현대프라자","부산광역시 부산진구 동평로 350, 양정현대프라자 5층 507호 (양정동)","47206","명가정통지압안마원","20220105162734","U","2022-01-07 02:40:00.0","안마원","387904.050765451","188095.52533553","안마원","3","0","0","0","0","0","0","109.8",
"54","의료유사업","01_01_10_P","3290000","PHMB420193290024042400002","20191106","","01","영업/정상","13","영업중","","","","","051-909-0365","","","부산광역시 부산진구 가야동 136번지 47호","부산광역시 부산진구 가야대로 525, 3층 (가야동)","47270","바디케어지압원","20191108153231","U","2019-11-10 02:40:00.0","안마원","384857.062238594","185733.699437131","안마원","0","","","","","","","105",
"55","의료유사업","01_01_10_P","3290000","PHMB420203290024042400002","20200225","","01","영업/정상","13","영업중","","","","","051-805-2816","","","부산광역시 부산진구 전포동 552번지 2호","부산광역시 부산진구 전포대로300번길 20, 301호 (전포동)","47236","강남힐링지압안마원","20200225174051","I","2020-02-27 00:23:23.0","안마원","388185.440099258","186996.424005221","안마원","0","","","","","","","53.37",
"56","의료유사업","01_01_10_P","3290000","PHMB420203290024042400001","20200220","","01","영업/정상","13","영업중","","","","","051-802-7999","","","부산광역시 부산진구 부암동 96번지 11호","부산광역시 부산진구 새싹로 83-2, B동 2층 (부암동)","47192","청담안마지압원","20200220151459","I","2020-02-22 00:23:23.0","안마원","387002.633965599","186940.731443961","안마원","0","","","","","","","80",
"57","의료유사업","01_01_10_P","3290000","PHMB420053290024042400001","20050211","","01","영업/정상","13","영업중","","","","","802-3550","","","부산광역시 부산진구 전포동 206번지 13호","부산광역시 부산진구 서전로68번길 8 (전포동)","47303","삼보안마원","20201231112615","U","2021-01-02 02:40:00.0","안마원","388279.079619141","186212.744698787","안마원","1","","","","","1","","50",
"58","의료유사업","01_01_10_P","3290000","PHMB420053290024042400002","20050707","","01","영업/정상","13","영업중","","","","","805-1237","","614040","부산광역시 부산진구 전포동 591번지 13호","부산광역시 부산진구 동성로 134 (전포동)","","조만호안마원","20201231112643","U","2021-01-02 02:40:00.0","안마원","388038.993047274","186593.724101102","안마원","1","","","","","","","35.45",
"59","의료유사업","01_01_10_P","3290000","PHMB420063290024042400001","20060927","","01","영업/정상","13","영업중","","","","","051-851-2998","","614855","부산광역시 부산진구 양정2동 333번지 2호  인제빌딩 4층","부산광역시 부산진구 중앙대로 940 (양정동,인제빌딩 4층)","","동보안마원","20220629173148","U","2022-07-01 02:40:00.0","안마원","388695.450442706","188008.933131504","안마원","1","0","0","0","0","0","0","47.5",
"60","의료유사업","01_01_10_P","3290000","PHMB420133290024042400003","20130624","","01","영업/정상","13","영업중","","","","","868-8955","","614854","부산광역시 부산진구 양정2동 236번지 3호 제나두301호","부산광역시 부산진구 진연로 9 (양정동)","47209","승록안마원","20201231113056","U","2021-01-02 02:40:00.0","안마원","388867.67191233","188566.277334648","안마원","1","","","","","","","66",
"61","의료유사업","01_01_10_P","3290000","PHMB420153290024042400001","20151014","","01","영업/정상","13","영업중","","","","","808-3882","","","부산광역시 부산진구 부전동 396번지 11호","부산광역시 부산진구 새싹로 26-1, 3층 (부전동)","47253","서면제일약손안마원","20151015100126","I","2018-08-31 23:59:59.0","안마원","387391.27958454","186492.56430288","안마원","0","","","","","","","86.37",
"62","의료유사업","01_01_10_P","3290000","PHMB420163290024042400001","20160427","","01","영업/정상","13","영업중","","","","","051-852-7845","","","부산광역시 부산진구 양정동 273번지 1호","부산광역시 부산진구 중앙대로969번길 11, 1층 103호 (양정동, 양정롯데갤러리움아파트상가)","47210","더테라피전통안마지압원","20201231113122","U","2021-01-02 02:40:00.0","안마원","388751.482938045","188266.399630144","안마원","","","","","","","","83.03",
"63","의료유사업","01_01_10_P","3290000","PHMB420163290024042400002","20161102","","01","영업/정상","13","영업중","","","","","051-803-5599","","","부산광역시 부산진구 부전동 394번지 16호 104호","부산광역시 부산진구 새싹로 30, 104호 (부전동, 경동파크타워)","47253","노벨안마원","20161108174822","I","2018-08-31 23:59:59.0","안마원","387381.306373128","186540.205085093","안마원","0","","","","","","","35.52",
"64","의료유사업","01_01_10_P","3290000","PHMB420183290024042400001","20180329","","01","영업/정상","13","영업중","","","","","051-636-3836","","","부산광역시 부산진구 범천동 847번지 42호 중앙빌딩","부산광역시 부산진구 범일로 160, 중앙빌딩 5층 (범천동)","47361","금봉안마원","20190115115131","U","2019-01-17 02:40:00.0","안마원","387627.113611921","184737.820386909","안마원","0","","","","","","","59.5",
"65","의료유사업","01_01_10_P","3290000","PHMB420123290024042400002","20120927","","01","영업/정상","13","영업중","","","","","896-7575","","614822","부산광역시 부산진구 당감3동 500번지 22호 1층","부산광역시 부산진구 당감서로9번길 3, 1층 (당감동)","47178","웰빙안마원","20140509175828","I","2018-08-31 23:59:59.0","안마원","385457.757833972","186610.446728657","안마원","1","","","","","","","73.65",
"66","의료유사업","01_01_10_P","3290000","PHMB420133290024042400001","20130312","","01","영업/정상","13","영업중","","","","","051-816-9766","","614867","부산광역시 부산진구 전포1동 345번지 15호","부산광역시 부산진구 서전로58번길 80 (전포동)","47305","늘푸른세상안마원","20201231112902","U","2021-01-02 02:40:00.0","안마원","388188.232508436","185846.441160144","안마원","1","","","","","","","143.52",
"67","의료유사업","01_01_10_P","3290000","PHMB420133290024042400002","20130329","","01","영업/정상","13","영업중","","","","","894-8103","","614813","부산광역시 부산진구 개금1동 169번지 35호","부산광역시 부산진구 가야공원로14번길 82 (개금동)","47324","동의안마원","20201231112921","U","2021-01-02 02:40:00.0","안마원","384485.465874571","185543.663459659","안마원","1","","","","","","","89.19",
"68","의료유사업","01_01_10_P","3290000","PHMB419993290024042400001","19991124","","01","영업/정상","13","영업중","","","","","817-3335","","614020","부산광역시 부산진구 범천동 1061번지 13호 14.15","부산광역시 부산진구 가야대로 718 (범천동,14.15)","","신만수안마원","20201231134612","U","2021-01-02 02:40:00.0","안마원","386732.466896816","186134.333612033","안마원","1","","","","","3","10.52","66.15",
"69","의료유사업","01_01_10_P","3290000","PHMB420213290024042400002","20211108","","01","영업/정상","13","영업중","","","","","051-819-1992","","","부산광역시 부산진구 부전동 130-5","부산광역시 부산진구 서전로9번길 27, 4층 (부전동)","47245","해밀안마원","20211108110342","I","2021-11-10 00:22:45.0","안마원","387711.325883394","186381.353681793","안마원","0","0","0","0","0","0","0","45.9",
"70","의료유사업","01_01_10_P","3290000","PHMB420213290024042400001","20210603","","01","영업/정상","13","영업중","","","","","","","","부산광역시 부산진구 가야동 610-6","부산광역시 부산진구 가야대로510번길 84 (가야동)","47381","가야안마지압원","20210603161806","I","2021-06-05 00:23:05.0","안마원","384763.246218681","185229.832607709","안마원","0","","","","","","","38.43",
"71","의료유사업","01_01_10_P","3290000","PHMB420203290024042400003","20201125","","01","영업/정상","13","영업중","","","","","051-711-6722","","","부산광역시 부산진구 부전동 467-16","부산광역시 부산진구 가야대로 761, 3층 (부전동)","47257","건강지압안마원","20201231113907","U","2021-01-02 02:40:00.0","안마원","387165.845397577","186235.649896361","안마원","0","","","","","","","99.77",
"72","의료유사업","01_01_10_P","3290000","PHMB420083290024042400001","20080718","","04","취소/말소/만료/정지/중지","24","직권폐업","20171222","","","","817-7440","","614843","부산광역시 부산진구 부전1동 347번지 74호 (3층)","부산광역시 부산진구 부전로162번길 31 (부전동,(3층))","","약손안마원","20171222142604","I","2018-08-31 23:59:59.0","안마원","387601.552654214","186643.648668952","안마원","1","","","","","1","","115",
"73","의료유사업","01_01_10_P","3300000","PHMB420163300024042400001","20160121","","03","폐업","03","폐업","20180713","","","","051-552-7566","","","","부산광역시 동래구 중앙대로1473번길 13, 103동 2층 201호 (온천동, 벽산아스타아파트)","47711","온천안마원","20180713151049","I","2018-08-31 23:59:59.0","안마원","389658.84265300000","193210.60213900000","안마원","0","","","","","0","0","57.52",
"74","의료유사업","01_01_10_P","3300000","PHMB420163300024042400002","20160121","","03","폐업","03","폐업","20220124","","","","051-501-3369","","","","부산광역시 동래구 여고북로 167, 3층 (온천동)","47825","회복센터.지압안마원","20220124150843","U","2022-01-26 02:40:00.0","안마원","388804.787453185","191188.033525252","안마원","0","0","0","0","0","0","0","100.41",
"75","의료유사업","01_01_10_P","3300000","PHMB420053300024042400001","20051021","","03","폐업","03","폐업","20090204","","","","552-3525","","607060","부산광역시 동래구 온천동 440번지 8호","부산광역시 동래구 금강로 80-7 (온천동)","","강남안마시술소","20090204115127","I","2018-08-31 23:59:59.0","안마시술소","389191.631006255","192742.538188126","안마시술소","1","","","","","1","1","665.1",
"76","의료유사업","01_01_10_P","3300000","PHMB420073300024042400001","20070510","","03","폐업","03","폐업","20120403","","","","553-1504","","607060","부산광역시 동래구 온천동 210번지 90호 외1필지","부산광역시 동래구 금강공원로 36 (온천동,외1필지)","","미안마시술소","20120403155141","I","2018-08-31 23:59:59.0","안마시술소","389357.367449531","193071.666461178","안마시술소","2","","","","","13","","280.77",
"77","의료유사업","01_01_10_P","3300000","PHMB420093300024042400001","20090202","","03","폐업","03","폐업","20090202","","","","5550582","","607061","부산광역시 동래구 온천동 169번지 44호","부산광역시 동래구 금강공원로20번길 24 (온천동)","","온천안마시술소","20090202171206","I","2018-08-31 23:59:59.0","안마시술소","389591.990621713","193160.561813882","안마시술소","3","","","","","16","50","475",
"78","의료유사업","01_01_10_P","3300000","PHMB420083300024042400001","20081104","","03","폐업","03","폐업","20090619","20090327","20090627","","","","607842","부산광역시 동래구 온천3동 1415번지 20호","부산광역시 동래구 아시아드대로220번길 47 (온천동)","","코리아남마시술소","20090702144248","I","2018-08-31 23:59:59.0","안마시술소","388364.144778367","191282.777082557","안마시술소","3","","","","","24","","639.54",
"79","의료유사업","01_01_10_P","3300000","PHMB420033300024042400001","20030929","","03","폐업","03","폐업","20100414","","","","805-3200","","607842","부산광역시 동래구 온천3동 1423번지 6호","부산광역시 동래구 충렬대로92번길 20 (온천동)","","다빈안마시술소","20130812153716","I","2018-08-31 23:59:59.0","안마시술소","388452.230668414","191711.291626998","안마시술소","2","","","","","12","","302.18",
"80","의료유사업","01_01_10_P","3300000","PHMB420043300024042400001","20041119","","03","폐업","03","폐업","20110418","","","","","","607833","부산광역시 동래구 온천1동 215번지 1호","부산광역시 동래구 금강로124번길 19 (온천동)","","오렌지안마시술소","20131220163746","I","2018-08-31 23:59:59.0","안마시술소","389415.20340442","193131.590860807","안마시술소","4","","","","","22","","568.22",
"81","의료유사업","01_01_10_P","3300000","PHMB420123300024042400001","20120130","","03","폐업","03","폐업","20121121","","","","070-8106-9383","","607833","부산광역시 동래구 온천1동 210번지 74호","부산광역시 동래구 금강로106번길 15 (온천동)","607833","몽안마시술소","20121122112028","I","2018-08-31 23:59:59.0","안마시술소","389319.231779046","192984.375253037","안마시술소","3","","","","","12","","645.3",
"82","의료유사업","01_01_10_P","3300000","PHMB420183300024042400001","20180906","","03","폐업","03","폐업","20191029","","","","051-552-7566","","","부산광역시 동래구 온천동 178번지 7호 벽산아스타","부산광역시 동래구 중앙대로1473번길 13, 103동 201호 (온천동, 벽산아스타)","47711","온천지압안마원","20191104143216","U","2019-11-06 02:40:00.0","안마원","389549.644753388","192862.080320704","안마원","0","","","","","","0","57.52",
"83","의료유사업","01_01_10_P","3300000","PHMB420153300024042400001","20150708","","01","영업/정상","13","영업중","","","","","051-523-5052","","","부산광역시 동래구 안락동 444번지 19호","부산광역시 동래구 명안로39번길 4, 2층 (안락동)","47783","용약손안마원","20190808180538","U","2019-08-10 02:40:00.0","안마원","391579.319973902","191023.919560689","안마원","1","","","","","2","0","105.7",
"84","의료유사업","01_01_10_P","3300000","PHMB420093300024042400002","20090908","","01","영업/정상","13","영업중","","","","","051-507-2116","","","부산광역시 동래구 사직동 92번지 36호 사직동백진빌딩","부산광역시 동래구 사직북로 3, 사직동백진빌딩 5층 (사직동)","47865","한국전통지압원","20191227175243","U","2019-12-29 02:40:00.0","안마원","387606.323151093","190495.275732428","안마원","1","","","","","","","192.24",
"85","의료유사업","01_01_10_P","3300000","PHMB420093300024042400003","20091102","","01","영업/정상","13","영업중","","","","","501-7532","","607842","부산광역시 동래구 온천3동 1421번지 16호","부산광역시 동래구 아시아드대로 250 (온천동)","","자오안마원","20160308132536","I","2018-08-31 23:59:59.0","안마원","388305.638094654","191597.898896479","안마원","1","","","","","","","81.57",
"86","의료유사업","01_01_10_P","3300000","PHMB420113300024042400001","20111117","","01","영업/정상","13","영업중","","","","","527-7975","","607101","부산광역시 동래구 안락1동 419번지 9호","부산광역시 동래구 반송로 237 (안락동)","","우리들안마원","20111117110831","I","2018-08-31 23:59:59.0","안마원","391040.446321191","191207.013739929","안마원","1","","","","","","","66.12",
"87","의료유사업","01_01_10_P","3300000","PHMB420123300024042400002","20120629","","01","영업/정상","13","영업중","","","","","502-5050","","607817","부산광역시 동래구 사직1동 68번지 4호","부산광역시 동래구 아시아드대로 157 (사직동)","47867","동방수기요법안마원","20220120180558","U","2022-01-22 02:40:00.0","안마원","387989.717284897","190757.524207676","안마원","1","0","0","0","0","0","0","66.68",
"88","의료유사업","01_01_10_P","3300000","PHMB420033300024042400002","20030402","","01","영업/정상","13","영업중","","","","","051-557-1470","","607010","부산광역시 동래구 명륜동 433번지 3호","부산광역시 동래구 명륜로103번길 2, 2층 (명륜동)","47738","약손경락지압원","20181224195921","U","2018-12-26 02:40:00.0","안마원","389626.38719954","191311.330037512","안마원","2","","","","","3","","95.83",
"89","의료유사업","01_01_10_P","3300000","PHMB420203300024042400001","20200810","","01","영업/정상","13","영업중","","","","","","","","","부산광역시 동래구 충렬사로 38, 2층 (안락동)","47754","토닥토닥안마원","20201208170423","U","2020-12-10 02:40:00.0","안마원","390987.759040711","191257.667949472","안마원","1","","","","","2","","80.76",
"90","의료유사업","01_01_10_P","3300000","PHMB420213300024042400001","20210909","","01","영업/정상","13","영업중","","","","","051-502-3696","","","","부산광역시 동래구 석사로34번길 22, 2층 (사직동)","47858","경주지압안마원","20210909150427","I","2021-09-11 00:22:49.0","안마원","387879.412531092","190795.153847517","안마원","0","0","0","0","0","0","0","66.76",
"91","의료유사업","01_01_10_P","3300000","PHMB420203300024042400002","20201209","","01","영업/정상","13","영업중","","","","","051-532-8585","","","","부산광역시 동래구 명장로 56-1, 2층 (명장동)","47775","찐안마원","20201209171228","I","2020-12-11 00:23:07.0","안마원","391814.169547895","191511.226312551","안마원","1","","","","","3","","111.67",
"92","의료유사업","01_01_10_P","3310000","PHMB420123310024042400001","20120628","","03","폐업","03","폐업","20141216","","","","051-624-7578","","608804","부산광역시 남구 대연3동 34번지 17호","부산광역시 남구 수영로346번길 21, 2층 (대연동)","608804","조약손지압원","20150519170526","I","2018-08-31 23:59:59.0","안마원","391696.880193891","184137.583883108","안마원","1","","","","","","","65.97",
"93","의료유사업","01_01_10_P","3310000","PHMB420193310024042400001","20191121","","01","영업/정상","13","영업중","","","","","051-463-5459","","","","부산광역시 남구 고동골로4번길 17, 3층 (문현동)","48419","부산안마지압원","20191121173420","I","2019-11-23 00:23:21.0","안마원","388793.829129775","184009.243353883","안마원","2","","","","","2","","106.23",
"94","의료유사업","01_01_10_P","3310000","PHMB420133310024042400001","20130502","","01","영업/정상","13","영업중","","","","","051-623-1722","","608025","부산광역시 남구 대연5동 1745번지 17호","부산광역시 남구 수영로219번길 6 (대연동)","48445","주안마원","20150519170823","I","2018-08-31 23:59:59.0","안마원","390475.275747224","183802.261232626","안마원","1","","","","","1","","58.18",
"95","의료유사업","01_01_10_P","3310000","PHMB420153310024042400001","20150519","","01","영업/정상","13","영업중","","","","","051-626-7575","","608808","부산광역시 남구 대연동 1381번지 1호","부산광역시 남구 못골번영로 11, 5층 (대연동, 성산빌딩)","48438","건강우리지압원","20200814120227","U","2020-08-16 02:40:00.0","안마원","390319.391109862","183888.970870917","안마원","","","","","","","","126.97",
"96","의료유사업","01_01_10_P","3310000","PHMB420183310024042400001","20180711","","01","영업/정상","13","영업중","","","","","635-8006","","","부산광역시 남구 문현동 119번지 10호 삼부맨션 101호","부산광역시 남구 고동골로78번길 54 (문현동, 삼부맨션)","48417","초원안마지압원","20180711155135","I","2018-08-31 23:59:59.0","안마원","388972.614249103","184705.076978689","안마원","1","","","","","2","","75.9",
"97","의료유사업","01_01_10_P","3310000","PHMB420113310024042400001","20110922","","01","영업/정상","13","영업중","","","","","051-907-8478","","","부산광역시 남구 대연동 1762번지 5호","부산광역시 남구 못골로12번길 35, 6층 2호 (대연동)","48453","어울림지압원","20191114174913","U","2019-11-16 02:40:00.0","안마원","390038.753816464","183810.676385428","안마원","1","","","","","","","35.88",
"98","의료유사업","01_01_10_P","3310000","PHMB420063310024042400001","20060908","","01","영업/정상","13","영업중","","","","","051)918-7575","","","부산광역시 남구 대연동 76번지 5호","부산광역시 남구 수영로 282, 310호 (대연동, 현대오피스텔)","48499","김성심건강안마원","20151125160025","I","2018-08-31 23:59:59.0","안마원","391096.02717753","183868.728564762","안마원","1","","","","","","","48.4",
"99","의료유사업","01_01_10_P","3310000","PHMB419893310024042400001","19890110","","01","영업/정상","13","영업중","","","","","051)624-8872","","608815","부산광역시 남구 대연동 1121번지 3호","부산광역시 남구 석포로 125 (대연동)","48486","벧엘안마원","20150717152120","I","2018-08-31 23:59:59.0","안마원","390532.973424532","183046.960937405","안마원","1","","","","","","","46.36",
"100","의료유사업","01_01_10_P","3310000","PHMB420063310024042400002","20060320","","01","영업/정상","13","영업중","","","","","051)634-7576","","608826","부산광역시 남구 문현2동 635번지 5호","부산광역시 남구 전포대로 76 (문현동)","48412","영성물리안마원","20120316103743","I","2018-08-31 23:59:59.0","안마원","388312.888433485","184663.464126541","안마원","1","","","","","","","13.94",
"101","의료유사업","01_01_10_P","3310000","PHMB420043310024042400001","20041013","","01","영업/정상","13","영업중","","","","","051)622-8275","","608818","부산광역시 남구 대연5동 1500번지 31호","부산광역시 남구 못골번영로 79-1 (대연동)","48429","한서안마원","20120316104221","I","2018-08-31 23:59:59.0","안마원","390286.072606021","184566.959550687","안마원","1","","","","","","","37",
"102","의료유사업","01_01_10_P","3310000","PHMB420183310024042400002","20181010","","01","영업/정상","13","영업중","","","","","620-0045","","","부산광역시 남구 대연동 1752번지 16호 동키치킨","부산광역시 남구 수영로196번길 9, 동키치킨 (대연동)","48492","대연명인지압원","20201222153802","U","2020-12-24 02:40:00.0","안마원","390253.122572516","183697.417130675","안마원","","","","","","","","131.67",
"103","의료유사업","01_01_10_P","3320000","PHMB420193320045042400001","20191227","","03","폐업","03","폐업","20220622","","","","051-361-1116","","","부산광역시 북구 화명동 2271번지 3호 골든프라자","부산광역시 북구 화명신도시로 129, 골든프라자 5층 502호 (화명동)","46524","우진지압원","20220622131408","U","2022-06-24 02:40:00.0","안마원","382960.334335052","194775.475704275","안마원","1","0","0","0","0","3","0","102.06",
"104","의료유사업","01_01_10_P","3320000","PHMB420033320045042400001","20031231","","03","폐업","03","폐업","20121217","","","","051-335-0534","","616801","부산광역시 북구 구포동 190번지 5호","부산광역시 북구 낙동대로 1753 (구포동)","616801","궁전안마시술소","20121217154551","I","2018-08-31 23:59:59.0","안마시술소","382137.659693707","191876.111282952","안마시술소","2","","","","","16","","466",
"105","의료유사업","01_01_10_P","3320000","PHMB420113320045042400001","20110428","","03","폐업","03","폐업","20120423","20111228","20120331","","055-243-2358","","616101","부산광역시 북구 덕천1동 399번지 15호","부산광역시 북구 금곡대로8번길 24 (덕천동)","616816","뷰안마시술소","20120423093344","I","2018-08-31 23:59:59.0","안마시술소","382634.113158576","192028.162620492","안마시술소","2","","","","","18","64.8","500.8",
"106","의료유사업","01_01_10_P","3320000","PHMB420113320045042400002","20110517","","03","폐업","03","폐업","20150414","","","","338-9800","","616808","부산광역시 북구 구포3동 1237번지 50호 3층","부산광역시 북구 시랑로 159 (구포동)","616808","조은건강안마원","20150414155553","I","2018-08-31 23:59:59.0","안마원","383237.570831684","190410.967854899","안마원","2","","","","","","","105",
"107","의료유사업","01_01_10_P","3320000","PHMB420133320045042400001","20130118","","03","폐업","03","폐업","20180629","20150723","20171231","","051-338-7588","","616805","부산광역시 북구 구포3동 1213번지 18호 2층","부산광역시 북구 시랑로 43, 2층 (구포동)","616805","팔팔 안마원","20180629142035","I","2018-08-31 23:59:59.0","안마원","382517.285901481","191009.69360087","안마원","1","","","","","","","106.85",
"108","의료유사업","01_01_10_P","3320000","PHMB420143320045042400001","20140804","","03","폐업","03","폐업","20170809","","","","051-362-2111","","","","부산광역시 북구 화명대로 17 (화명동)","46524","건강약손안마원","20170809175259","I","2018-08-31 23:59:59.0","안마원","382924.245586329","194752.730418991","안마원","1","","","","","","","59.5",
"109","의료유사업","01_01_10_P","3320000","PHMB420173320045042400002","20170717","","03","폐업","03","폐업","20191210","","","","051-365-1175","","","부산광역시 북구 화명동 2276번지 1호","부산광역시 북구 화명신도시로 120, 5층 (화명동, 화명메디컬센터)","46526","산성안마원","20191210175702","U","2019-12-12 02:40:00.0","안마원","383009.010596608","194665.052323752","안마원","0","","","","","","","90.78",
"110","의료유사업","01_01_10_P","3320000","PHMB420053320045042400001","20050504","","01","영업/정상","13","영업중","","","","","051-332-5632","","616814","부산광역시 북구 덕천동 374번지 5호","부산광역시 북구 만덕대로 129 (덕천동)","46554","약손안마원","20140102174836","I","2018-08-31 23:59:59.0","안마원","383755.563392214","192321.951541002","안마원","1","","","","","","","21.84",
"111","의료유사업","01_01_10_P","3320000","PHMB420073320045042400001","20071227","","01","영업/정상","13","영업중","","","","","051-361-7572","","","부산광역시 북구 화명동 2316번지 13호","부산광역시 북구 학사로17번나길 25, 3층 (화명동)","46542","천부안마원","20191001105748","U","2019-10-03 02:40:00.0","안마원","382783.813170635","193399.130594183","안마원","1","","","","","2","","171.62",
"112","의료유사업","01_01_10_P","3320000","PHMB420133320045042400002","20130213","","01","영업/정상","13","영업중","","","","","051-334-1925","","","부산광역시 북구 만덕동 758번지 21호 1층","부산광역시 북구 만덕3로 15, 1층 (만덕동)","46562","행복지압안마원","20150807180147","I","2018-08-31 23:59:59.0","안마원","384402.11064765","192239.233567611","안마원","1","","","","","0","0","75.92",
"113","의료유사업","01_01_10_P","3320000","PHMB420153320045042400001","20151109","","01","영업/정상","13","영업중","","","","","051-362-7588","","","부산광역시 북구 화명동 1261번지 5호","부산광역시 북구 금곡대로 280-4, 4층 (화명동, 해동빌딩)","46533","건강 이상운지압원","20211104155918","U","2021-11-06 02:40:00.0","안마원","383256.388189161","194513.010797711","안마원","0","0","0","0","0","0","0","121.47",
"114","의료유사업","01_01_10_P","3320000","PHMB420173320045042400001","20170123","","01","영업/정상","13","영업중","","","","","051-343-7579","","","부산광역시 북구 구포동 897번지 39호","부산광역시 북구 백양대로 1022-1, 2층 (구포동)","46636","그린안마원","20170201141524","I","2018-08-31 23:59:59.0","안마원","381646.152918472","190453.58778416","안마원","","","","","","","","101.39",
"115","의료유사업","01_01_10_P","3320000","PHMB420183320045042400001","20180309","","01","영업/정상","13","영업중","","","","","051-333-7574","","","부산광역시 북구 구포동 609번지 11호","부산광역시 북구 백양대로 1180, 2층 201호 (구포동)","46579","수지압안마원","20190826175516","U","2019-08-28 02:40:00.0","안마원","382529.098089634","191660.099017564","안마원","0","","","","","","","99.4",
"116","의료유사업","01_01_10_P","3320000","PHMB420183320045042400002","20180405","","01","영업/정상","13","영업중","","","","","051-362-7575","","","부산광역시 북구 화명동 2269번지 2호 샤롯데","부산광역시 북구 금곡대로303번길 12, 샤롯데 2층 203호 (화명동)","46525","화명지압안마원","20180412104857","I","2018-08-31 23:59:59.0","안마원","383180.449801577","194791.606062468","안마원","0","","","","","2","","68.04",
"117","의료유사업","01_01_10_P","3320000","PHMB420183320045042400003","20180730","","01","영업/정상","13","영업중","","","","","051-364-1114","","","부산광역시 북구 화명동 2277번지 5호 월드타워","부산광역시 북구 금곡대로285번길 22, 월드타워 7층 (화명동)","46526","야안마시술소","20210915171448","U","2021-09-17 02:40:00.0","안마시술소","383116.774929591","194622.991330779","안마시술소","4","0","0","0","0","12","0","476.2",
"118","의료유사업","01_01_10_P","3330000","PHMB420113330024042400001","20111212","","03","폐업","03","폐업","20140603","20130521","20130830","","7312852","","612847","부산광역시 해운대구 중1동 1128번지 86호 설송빌딩 6,7층","부산광역시 해운대구 달맞이길 2-7 (중동)","612847","큐안마시술소","20140603140617","I","2018-08-31 23:59:59.0","안마시술소","397253.359801093","186877.873640825","안마시술소","2","","","","","11","","241.8",
"119","의료유사업","01_01_10_P","3330000","PHMB420123330024042400001","20120823","","03","폐업","03","폐업","","","","","051 564 9900","","612031","부산광역시 해운대구 좌1동 1278번지 1호 주공복합상가  204호","부산광역시 해운대구 대천로67번길 12, 204호 (좌동, 주공복합상가)","612031","지성안마원","20130130143601","I","2018-08-31 23:59:59.0","안마원","397521.553849506","188196.239322489","안마원","1","","","","","1","","56",
"120","의료유사업","01_01_10_P","3330000","PHMB420143330024042400002","20140924","","03","폐업","03","폐업","","","","","747-1771","","612826","부산광역시 해운대구 우동 1072번지 203호","부산광역시 해운대구 해운대로469번길 138, 1층 (우동)","48063","가람 안마원","20150911105906","I","2018-08-31 23:59:59.0","안마원","395042.664603002","187578.04835966","안마원","0","","","","","","","36",
"121","의료유사업","01_01_10_P","3330000","PHMB420153330024042400001","20150713","","03","폐업","03","폐업","20151214","","","","","","612874","부산광역시 해운대구 우동 1498번지","부산광역시 해운대구 센텀동로 9, 224호 (우동, 트럼프월드센텀)","48059","트럼프 안마원","20151214102540","I","2018-08-31 23:59:59.0","안마원","394201.81589403","187760.860165772","안마원","1","","","","","","","72.82",
"122","의료유사업","01_01_10_P","3330000","PHMB420133330024042400004","20130308","","03","폐업","03","폐업","20131219","","","","","","612805","부산광역시 해운대구 반송1동 257번지 250호","부산광역시 해운대구 아랫반송로 13-1 (반송동)","612805","통증없는바른몸지압안마원","20131220112631","I","2018-08-31 23:59:59.0","안마원","395460.064291326","193923.829452596","안마원","1","","","","","","","68",
"123","의료유사업","01_01_10_P","3330000","PHMB420143330024042400001","20140410","","03","폐업","03","폐업","20150805","","","","","","","","부산광역시 해운대구 해운대해변로209번나길 35 (우동)","48093","홍시","20150806103328","I","2018-08-31 23:59:59.0","안마시술소","396339.932962105","186690.018912669","안마시술소","2","","","","","16","","588.96",
"124","의료유사업","01_01_10_P","3330000","PHMB420073330024042400001","20070614","","03","폐업","03","폐업","20090114","","","","051-720-8101","","612770","부산광역시 해운대구 우동 1505번지 벡스코센텀호텔318","부산광역시 해운대구 센텀3로 20 (우동,벡스코센텀호텔318)","","벡스코센텀웰빙타운안마원","20090114120324","I","2018-08-31 23:59:59.0","안마원","394254.000317371","187484.983031977","안마원","1","","","","","","","66.64",
"125","의료유사업","01_01_10_P","3330000","PHMB420083330024042400002","20080729","","03","폐업","03","폐업","20090330","20090109","20090408","","","","612010","부산광역시 해운대구 중동 1394번지 361호","부산광역시 해운대구 중동1로 42-12 (중동)","","해운정안마시술소","20090330105100","I","2018-08-31 23:59:59.0","안마시술소","397005.820689816","186871.531466685","안마시술소","5","","","","","8","","509.66",
"126","의료유사업","01_01_10_P","3330000","PHMB420063330024042400001","20061227","","03","폐업","03","폐업","20090430","20090320","20100331","","731-2852","","612010","부산광역시 해운대구 중동 1128번지 86호","부산광역시 해운대구 달맞이길 2-7 (중동)","","비치안마시술소","20090430101521","I","2018-08-31 23:59:59.0","안마시술소","397253.359801093","186877.873640825","안마시술소","5","","","","","12","","241.8",
"127","의료유사업","01_01_10_P","3330000","PHMB420053330024042400001","20050121","","03","폐업","03","폐업","20090311","","","","747-7425","","612020","부산광역시 해운대구 우동 626번지 2호","부산광역시 해운대구 해운대해변로265번길 9-15 (우동)","","썬안마시술소","20090311151851","I","2018-08-31 23:59:59.0","안마시술소","396750.851823813","186709.905649182","안마시술소","5","","","","","8","","319.8",
"128","의료유사업","01_01_10_P","3330000","PHMB420053330024042400003","20050506","","03","폐업","03","폐업","20201119","","","","742-1440","","","부산광역시 해운대구 중동 1373번지 50호","부산광역시 해운대구 중동2로 8, 2층 (중동)","48096","한방안마원","20201119111335","U","2020-11-21 02:40:00.0","안마원","397177.508100198","186991.03840681","안마원","1","","","","","","","29.45",
"129","의료유사업","01_01_10_P","3330000","PHMB420053330024042400004","20050509","","03","폐업","03","폐업","20100118","","","","747-9399","","612010","부산광역시 해운대구 중동 1394번지 50호","부산광역시 해운대구 중동1로19번길 8 (중동)","","반도안마원","20100119122735","I","2018-08-31 23:59:59.0","안마원","396931.84200985","187049.844137182","안마원","1","","","","","","","76.53",
"130","의료유사업","01_01_10_P","3330000","PHMB420093330024042400001","20090316","","03","폐업","03","폐업","20140314","","","","747-7425","","612821","부산광역시 해운대구 우1동 626번지 2호","부산광역시 해운대구 해운대해변로265번길 15 (우동)","612021","썬안마시술소","20140314100942","I","2018-08-31 23:59:59.0","안마시술소","396750.851823813","186709.905649182","안마시술소","3","","","","","7","","345.32",
"131","의료유사업","01_01_10_P","3330000","PHMB420093330024042400002","20090428","","03","폐업","03","폐업","20090814","","","","051-747-8041","","612821","부산광역시 해운대구 우1동 542번지 28호","부산광역시 해운대구 구남로24번길 16 (우동)","","스타안마시술소","20110125162610","I","2018-08-31 23:59:59.0","안마시술소","396676.475372982","186849.599524008","안마시술소","2","","","","","23","","751.08",
"132","의료유사업","01_01_10_P","3330000","PHMB420093330024042400003","20090721","","03","폐업","03","폐업","20091123","20090914","20091014","","","","612847","부산광역시 해운대구 중1동 1128번지 86호 6층,7층","부산광역시 해운대구 달맞이길 2-7 (중동,6층,7층)","","뉴비치안마시술소","20091123155614","I","2018-08-31 23:59:59.0","안마시술소","397253.359801093","186877.873640825","안마시술소","5","","","","","12","","241.8",
"133","의료유사업","01_01_10_P","3330000","PHMB420093330024042400004","20091231","","03","폐업","03","폐업","20130430","","","","746-1722","","612011","부산광역시 해운대구 중1동 307번지 3호 (3층)","부산광역시 해운대구 좌동로14번길 36 (중동,(3층))","","주안마원","20130430094052","I","2018-08-31 23:59:59.0","안마원","397746.109858015","187564.326252285","안마원","1","","","","","","","42.9",
"134","의료유사업","01_01_10_P","3330000","PHMB420083330024042400001","20081201","","03","폐업","03","폐업","20090427","","","","747-8040","","612020","부산광역시 해운대구 우동 542번지 28호","부산광역시 해운대구 구남로24번길 16 (우동)","","스타안마시술소","20090428151701","I","2018-08-31 23:59:59.0","안마시술소","396676.475372982","186849.599524008","안마시술소","7","","","","","22","","751.08",
"135","의료유사업","01_01_10_P","3330000","PHMB420103330024042400004","20100517","","03","폐업","03","폐업","20120611","","","","747-2291","","612774","부산광역시 해운대구 좌3동 1278번지 1호 주공아파트 상가 204호","부산광역시 해운대구 대천로67번길 12 (좌동,주공아파트 상가 204호)","","지성지압원","20120611174936","I","2018-08-31 23:59:59.0","안마원","397521.553849506","188196.239322489","안마원","1","","","","","","","56",
"136","의료유사업","01_01_10_P","3330000","PHMB420053330024042400005","20050722","","03","폐업","03","폐업","20090528","","","","741-8870","","612020","부산광역시 해운대구 우동 639번지 6호 홍정빌딩2층","부산광역시 해운대구 해운대로 600 (우동,홍정빌딩2층)","","동방수기안마원","20090528161057","I","2018-08-31 23:59:59.0","안마원","396460.428139989","186918.295094839","안마원","2","","","","","","","106.29",
"137","의료유사업","01_01_10_P","3330000","PHMB420163330024042400001","20160323","","03","폐업","03","폐업","20220420","","","","704-1933","","","","부산광역시 해운대구 해운대해변로 291, 305호 (중동, 크리스탈비치오피스텔)","48095","힐링지압안마원","20220627111947","U","2022-06-29 02:40:00.0","안마원","396962.538162221","186759.94170898","안마원","0","0","0","0","0","0","0","57.07",
"138","의료유사업","01_01_10_P","3330000","PHMB420203330024042400001","20200519","","03","폐업","03","폐업","20210208","","","","051-746-5823","","","부산광역시 해운대구 우동 1498번지 트럼프월드센텀아파트","부산광역시 해운대구 센텀동로 9, 224호 (우동, 트럼프월드센텀아파트)","48059","드럼프 안마지압원","20210208105021","U","2021-02-10 02:40:00.0","안마원","394201.81589403","187760.860165772","안마원","1","","","","","3","","72.83",
"139","의료유사업","01_01_10_P","3330000","PHMB420193330024042400001","20190322","","01","영업/정상","13","영업중","","","","","","","","","부산광역시 해운대구 해운대해변로 203, 오션타워 521호 (우동)","48093","동방 제이씨(JC) 안마원","20190327090735","I","2019-03-29 02:20:08.0","안마원","396180.621244719","186522.35047527","안마원","","","","","","1","","39.06",
"140","의료유사업","01_01_10_P","3330000","PHMB420163330024042400002","20160531","","01","영업/정상","13","영업중","","","","","731-7578","","","","부산광역시 해운대구 중동1로 38, 3층 (중동)","48095","가나약손119안마원","20210201112320","U","2021-02-03 02:40:00.0","안마원","397020.893627752","186923.937312524","안마원","0","","","","","0","0","49.5",
"141","의료유사업","01_01_10_P","3330000","PHMB420163330024042400003","20161004","","01","영업/정상","13","영업중","","","","","747-1771","","","","부산광역시 해운대구 해운대로469번길 138, 1층 (우동)","48063","가람지압안마원","20161004135244","I","2018-08-31 23:59:59.0","안마원","395041.019934533","187572.909528381","안마원","","","","","","","0","36",
"142","의료유사업","01_01_10_P","3330000","PHMB420133330024042400001","20130109","","01","영업/정상","13","영업중","","","","","051-783-1950","","612051","부산광역시 해운대구 재송1동 1087번지 11호 2층","부산광역시 해운대구 재반로 89-5, 2층 (재송동)","48055","마이더스(MIDAS)안마원","20151126105632","I","2018-08-31 23:59:59.0","안마원","393500.923601478","189567.854566378","안마원","1","","","","","","","88.77",
"143","의료유사업","01_01_10_P","3330000","PHMB420173330024042400001","20170601","","01","영업/정상","13","영업중","","","","","051-542-6764","","","부산광역시 해운대구 반송동 40번지 698호","부산광역시 해운대구 윗반송로51번길 91-31, 2층 (반송동)","48007","백세건강지압안마원","20170601174430","I","2018-08-31 23:59:59.0","안마원","396152.088029279","194600.789236356","안마원","1","","","","","","","43",
"144","의료유사업","01_01_10_P","3330000","PHMB420173330024042400002","20171031","","01","영업/정상","13","영업중","","","","","051-990-9679","","","부산광역시 해운대구 반여동 1291번지 799호 야무진 FASHION","부산광역시 해운대구 재반로 204, 202-1호 (반여동, 야무진 FASHION)","48030","신세계지압안마원","20171101090603","I","2018-08-31 23:59:59.0","안마원","394003.991402646","190540.057700675","안마원","0","","","","","0","0","34.45",
"145","의료유사업","01_01_10_P","3330000","PHMB420133330024042400002","20130121","","01","영업/정상","13","영업중","","","","","0515428397","","612081","부산광역시 해운대구 반송1동 216번지 61호 1층,2층","부산광역시 해운대구 윗반송로51번길 37-29, 1,2층 (반송동)","48007","다원약손안마원","20151123103512","I","2018-08-31 23:59:59.0","안마원","396084.55209859","194452.709175696","안마원","1","","","","","2","","52.4",
"146","의료유사업","01_01_10_P","3330000","PHMB420133330024042400003","20130218","","01","영업/정상","13","영업중","","","","","701-1144","","","","부산광역시 해운대구 해운대로 814, A동 306호 (좌동, 세종월드프라자)","48111","수앤수","20151125152159","I","2018-08-31 23:59:59.0","안마원","398330.516530402","187771.511373596","안마원","1","","","","","","","91.2",
"147","의료유사업","01_01_10_P","3330000","PHMB420133330024042400005","20130529","","01","영업/정상","13","영업중","","","","","051-703-7958","","","부산광역시 해운대구 중동 1394-286 크리스탈비치오피스텔","부산광역시 해운대구 해운대해변로 291, 크리스탈비치오피스텔 304호 (중동)","48095","이든7575지압원","20220623113541","U","2022-06-25 02:40:00.0","안마원","396962.538162221","186759.94170898","안마원","1","0","0","0","0","2","0","90",
"148","의료유사업","01_01_10_P","3330000","PHMB420053330024042400002","20050503","","01","영업/정상","13","영업중","","","","","923-7575","","612030","부산광역시 해운대구 좌동 1460번지 2호 해운대쌍용플래티넘트원 102-203","부산광역시 해운대구 양운로 88 (좌동,해운대쌍용플래티넘트원 102-203)","","푸른지압원","20151125151925","I","2018-08-31 23:59:59.0","안마원","398109.116603935","187907.800641685","안마원","1","","","","","","","58.41",
"149","의료유사업","01_01_10_P","3330000","PHMB420103330024042400001","20100202","","01","영업/정상","13","영업중","","","","","051-612-0002","","612846","부산광역시 해운대구 중동 1327번지 2호 (지상4층)","부산광역시 해운대구 좌동순환로8번길 54-11, 1층 (중동)","48082","사쿠라지압원","20210917113618","U","2021-09-19 02:40:00.0","안마원","397630.194814074","187653.010319113","안마원","1","0","0","0","0","0","0","66.15",
"150","의료유사업","01_01_10_P","3330000","PHMB420103330024042400002","20100315","","01","영업/정상","13","영업중","","","","","720-8100","","612889","부산광역시 해운대구 우2동 1505번지 센텀호텔 318호","부산광역시 해운대구 센텀3로 20 (우동,센텀호텔 318호)","","센텀엘림안마원","20150715164031","I","2018-08-31 23:59:59.0","안마원","394254.000317371","187484.983031977","안마원","2","","","","","","","66.64",
"151","의료유사업","01_01_10_P","3330000","PHMB420103330024042400003","20100514","","01","영업/정상","13","영업중","","","","","544-9675","","612805","부산광역시 해운대구 반송1동 257번지 250호 2층","부산광역시 해운대구 아랫반송로 13-1 (반송동)","48017","통증없는 바른몸 안마원","20151126105035","I","2018-08-31 23:59:59.0","안마원","395460.064291326","193923.829452596","안마원","1","","","","","","","66.99",
"152","의료유사업","01_01_10_P","3330000","PHMB420153330024042400002","20150930","","01","영업/정상","13","영업중","","","","","051-731-0399","","","","부산광역시 해운대구 재반로103번가길 58, 1층 (재송동, 신아씽크공장)","48054","썬안마지압원","20150930104927","I","2018-08-31 23:59:59.0","안마원","393603.914151015","189954.734958583","안마원","0","","","","","0","0","93.98",
"153","의료유사업","01_01_10_P","3330000","PHMB420183330024042400001","20181211","","01","영업/정상","13","영업중","","","","","","","","","부산광역시 해운대구 대천로 205, 303호 (좌동, 벽산1차아파트)","48110","톡톡건강안마원","20181218101644","I","2018-12-20 02:20:22.0","안마원","398538.34378124","187842.077508272","안마원","","","","","","","","41.04",
"154","의료유사업","01_01_10_P","3340000","PHMB420013340025042400001","20010418","","03","폐업","03","폐업","20090518","","","","051-293-7515","","604852","부산광역시 사하구 하단2동 514번지 6호","부산광역시 사하구 낙동남로1405번길 17 (하단동)","","에덴안마시술소","20090518154253","I","2018-08-31 23:59:59.0","안마시술소","379110.687036291","180471.767350855","안마시술소","2","","","","","28","","670.5",
"155","의료유사업","01_01_10_P","3340000","PHMB420013340025042400002","20010508","","03","폐업","03","폐업","20141205","","","","051-206-7494","","604809","부산광역시 사하구 괴정3동 260번지 316호 동산빌라 201호","부산광역시 사하구 낙동대로200번길 9 (괴정동, 동산빌라 201호)","604809","소생안마시술소","20141205160722","I","2018-08-31 23:59:59.0","안마시술소","381789.415180934","179834.131093974","안마시술소","1","","","","","1","","20.93",
"156","의료유사업","01_01_10_P","3340000","PHMB420043340025042400002","20040930","","03","폐업","03","폐업","20100331","","","","051-293-0994","","604812","부산광역시 사하구 괴정1동 486번지 7호","부산광역시 사하구 괴정로284번길 24-4 (괴정동)","","보건안마원","20100401141820","I","2018-08-31 23:59:59.0","안마원","381538.315005925","179288.890596179","안마원","1","","","","","","","69.03",
"157","의료유사업","01_01_10_P","3340000","PHMB420063340025042400003","20060922","","03","폐업","03","폐업","20130220","","","","051-292-0416","","604834","부산광역시 사하구 신평2동 615번지 2호","부산광역시 사하구 하신번영로163번길 11 (신평동)","","김종철물리안마원","20130220153412","I","2018-08-31 23:59:59.0","안마원","378583.665102002","179323.10070582","안마원","1","","","","","","","31.08",
"158","의료유사업","01_01_10_P","3340000","PHMB420093340025042400001","20090522","","03","폐업","03","폐업","20100802","","","","051-293-7515","","604852","부산광역시 사하구 하단2동 514번지 6호","부산광역시 사하구 낙동남로1405번길 17 (하단동)","","에덴안마시술소","20100802171358","I","2018-08-31 23:59:59.0","안마시술소","379110.687036291","180471.767350855","안마시술소","2","","","","","16","","670.5",
"159","의료유사업","01_01_10_P","3340000","PHMB420103340025042400001","20100719","","03","폐업","03","폐업","20110405","","","","","","604848","부산광역시 사하구 하단1동 618번지 1호","부산광역시 사하구 낙동대로457번길 5 (하단동)","","선희안마시술소","20110405110729","I","2018-08-31 23:59:59.0","안마시술소","379416.907347882","180234.137264888","안마시술소","2","","","","","12","","429.75",
"160","의료유사업","01_01_10_P","3340000","PHMB420043340025042400001","20040430","","03","폐업","03","폐업","20100217","","","","051-204-0666","","604021","부산광역시 사하구 하단동 618번지 1호","부산광역시 사하구 낙동대로457번길 5 (하단동)","","VIP 골드안마시술소","20100219103605","I","2018-08-31 23:59:59.0","안마시술소","379416.907347882","180234.137264888","안마시술소","2","","","","","12","","429.75",
"161","의료유사업","01_01_10_P","3340000","PHMB420083340025042400001","20081113","","03","폐업","03","폐업","20150820","","","","051-204-7575","","604830","부산광역시 사하구 당리동 325번지 11호 2층","부산광역시 사하구 낙동대로 391-1, 2층 (당리동)","49411","HC보건안마원","20150821114246","I","2018-08-31 23:59:59.0","안마원","380019.603767351","179979.14792443","안마원","2","","","","","","","123.9",
"162","의료유사업","01_01_10_P","3340000","PHMB420073340025042400001","20070309","","03","폐업","03","폐업","20090219","","","","051-205-3346","","604020","부산광역시 사하구 하단동 512번지 16호","부산광역시 사하구 낙동대로485번길 10 (하단동)","","OK안마시술소","20090219141144","I","2018-08-31 23:59:59.0","안마시술소","379219.232921819","180494.013038142","안마시술소","2","","","","","9","","405.72",
"163","의료유사업","01_01_10_P","3340000","PHMB420103340025042400002","20100802","","03","폐업","03","폐업","20110131","","","","051-293-7515","","604852","부산광역시 사하구 하단2동 514번지 6호","부산광역시 사하구 낙동남로1405번길 17 (하단동)","","에덴안마시술소","20110131091450","I","2018-08-31 23:59:59.0","안마시술소","379110.687036291","180471.767350855","안마시술소","2","","","","","16","","661",
"164","의료유사업","01_01_10_P","3340000","PHMB420113340025042400002","20110621","","03","폐업","03","폐업","20121122","","","","","","604848","부산광역시 사하구 하단1동 618번지 1호","부산광역시 사하구 낙동대로457번길 5 (하단동)","","예락 안마시술소","20121122171009","I","2018-08-31 23:59:59.0","안마시술소","379416.907347882","180234.137264888","안마시술소","2","","","","","9","","411.45",
"165","의료유사업","01_01_10_P","3340000","PHMB420123340025042400001","20120130","","03","폐업","03","폐업","20120326","","","","","","604816","부산광역시 사하구 괴정4동 1133번지 18호","부산광역시 사하구 낙동대로327번길 1 (괴정동)","604816","자비손 안마원","20120326141152","I","2018-08-31 23:59:59.0","안마원","380591.54244669","179661.205726793","안마원","1","","","","","","","52.86",
"166","의료유사업","01_01_10_P","3340000","PHMB420053340025042400001","20050128","","01","영업/정상","13","영업중","","","","","051-203-7297","","604832","부산광역시 사하구 신평1동 161번지 71호","부산광역시 사하구 다대로140번길 163 (신평동)","","용인안마원","20130329152153","I","2018-08-31 23:59:59.0","안마원","379986.487951003","178879.72557341","안마원","1","","","","","","","11.78",
"167","의료유사업","01_01_10_P","3340000","PHMB420063340025042400002","20060913","","01","영업/정상","13","영업중","","","","","202-7997","","604832","부산광역시 사하구 신평동 82번지 25호","부산광역시 사하구 다대로136번길 6, 2층 (신평동)","49441","성심안마원","20150508104013","I","2018-08-31 23:59:59.0","안마원","380270.951330976","178612.966505575","안마원","0","","","","","0","0","46.67",
"168","의료유사업","01_01_10_P","3340000","PHMB419963340025042400001","19960325","","01","영업/정상","13","영업중","","","","","051-262-8397","","604042","부산광역시 사하구 장림동 193번지 4호","부산광역시 사하구 장림번영로 105 (장림동)","49464","해동지압원","20140122131623","I","2018-08-31 23:59:59.0","안마원","380213.426915165","177532.283470077","안마원","1","","","","","","","39.2",
"169","의료유사업","01_01_10_P","3340000","PHMB420063340025042400001","20060912","","01","영업/정상","13","영업중","","","","","051-205-0566","","604852","부산광역시 사하구 하단2동 527번지 23호","부산광역시 사하구 낙동남로1423번길 17, 7층 (하단동)","49311","제니스안마시술소","20180716135404","I","2018-08-31 23:59:59.0","안마시술소","379228.183009227","180458.125100092","안마시술소","2","","","","","14","","280.64",
"170","의료유사업","01_01_10_P","3340000","PHMB420103340025042400003","20100910","","01","영업/정상","13","영업중","","","","","051-293-0994","","604813","부산광역시 사하구 괴정동 571번지 8호 10통 8반 일동지엔닌상가 206호","부산광역시 사하구 낙동대로 301, 206호 (괴정동,일동지엔닌상가)","","재생안마원","20130329161617","I","2018-08-31 23:59:59.0","안마원","380853.588688537","179587.091838053","안마원","1","","","","","","","51",
"171","의료유사업","01_01_10_P","3340000","PHMB420103340025042400004","20101116","","01","영업/정상","13","영업중","","","","","051-903-6517","","604831","부산광역시 사하구 당리동 343번지 6호","부산광역시 사하구 낙동대로356번길 19, 1층 (당리동)","49331","덕심지압원","20140626160907","I","2018-08-31 23:59:59.0","안마원","380430.653607464","179925.356699867","안마원","2","","","","","","","52.3",
"172","의료유사업","01_01_10_P","3340000","PHMB420113340025042400001","20110613","","01","영업/정상","13","영업중","","","","","205-2522","","604831","부산광역시 사하구 당리동 321번지 21호","부산광역시 사하구 낙동대로 376, 3층 (당리동)","49329","양지안마지압원","20140620111045","I","2018-08-31 23:59:59.0","안마원","380205.930671604","179962.057266907","안마원","2","","","","","3","","85.77",
"173","의료유사업","01_01_10_P","3340000","PHMB420133340025042400001","20131118","","01","영업/정상","13","영업중","","","","","051-201-0440","","604829","부산광역시 사하구 당리동 305번지 2호","부산광역시 사하구 낙동대로450번길 12, 2층 (당리동)","49326","두드림안마원","20200316131441","U","2020-03-18 02:40:00.0","안마원","379561.421962639","180290.888947226","안마원","0","","","","","0","0","165",
"174","의료유사업","01_01_10_P","3340000","PHMB420163340025042400001","20161109","","01","영업/정상","13","영업중","","","","","051-205-3331","","","부산광역시 사하구 괴정동 550번지 9호 천아하늘정원2차아파트 101호","부산광역시 사하구 장평로449번길 26, 1층 101호 (괴정동, 천아하늘정원2차아파트)","49402","효사랑안마지압원","20161109134954","I","2018-08-31 23:59:59.0","안마원","381013.15069900000","179850.20314200000","안마원","0","","","","","0","0","48.84",
"175","의료유사업","01_01_10_P","3340000","PHMB420163340025042400002","20161109","","01","영업/정상","13","영업중","","","","","051-529-7070","","","부산광역시 사하구 당리동 426번지 4호","부산광역시 사하구 낙동대로 352 (당리동)","49345","강동근안마지압원","20201224182806","U","2020-12-26 02:40:00.0","안마원","380385.73456456","179821.876860769","안마원","0","","","","","0","0","91.57",
"176","의료유사업","01_01_10_P","3340000","PHMB420163340025042400003","20161111","","01","영업/정상","13","영업중","","","","","","","","부산광역시 사하구 하단동 611번지 45호","부산광역시 사하구 동매로81번길 1 (하단동)","49414","행복한 힐링 안마원","20161111141210","I","2018-08-31 23:59:59.0","안마원","379272.846036421","179936.08112558","안마원","0","","","","","","","36.06",
"177","의료유사업","01_01_10_P","3340000","PHMB420193340025042400001","20200102","","01","영업/정상","13","영업중","","","","","051-205-7577","","","부산광역시 사하구 당리동 572번지 당리푸르지오","부산광역시 사하구 승학로71번길 30, 110동 303호 (당리동, 당리푸르지오)","49322","가장좋은날 안마지압원","20200102105142","I","2020-01-04 00:23:37.0","안마원","380204.099112574","180187.93485952","안마원","0","","","","","","","55.06",
"178","의료유사업","01_01_10_P","3340000","PHMB420213340025042400001","20211124","","01","영업/정상","13","영업중","","","","","","","","부산광역시 사하구 괴정동 1284 사하역 비스타 동원 상가 301동 B102호","부산광역시 사하구 낙동대로 280, 301동 B102호 (괴정동, 사하역 비스타 동원)","49343","서강안마지압원","20211124172908","I","2021-11-26 00:22:55.0","안마원","","","안마원","0","0","0","0","0","0","0","49.6",
"179","의료유사업","01_01_10_P","3340000","PHMB420203340025042400001","20201207","","01","영업/정상","13","영업중","","","","","051-262-3089","","","부산광역시 사하구 다대동 1548-37 몰운대종합시장상가","부산광역시 사하구 다대로 704, 몰운대종합시장상가 4층 401호 (다대동)","49505","정다운안마원","20201211163817","I","2020-12-13 00:23:06.0","안마원","379191.329567722","173961.914773076","안마원","1","","","","","","","163.56",
"180","의료유사업","01_01_10_P","3350000","PHMB419963350024042400001","19960326","","03","폐업","03","폐업","20020304","","","","051-522-5311","","609828","부산광역시 금정구 서3동 206번지 3호","부산광역시 금정구 서동로 193-15 (서동)","","향림안마시술소","20090901095121","I","2018-08-31 23:59:59.0","안마시술소","391842.833387012","192672.824505146","안마시술소","3","","","","","25","","730.92",
"181","의료유사업","01_01_10_P","3350000","PHMB420013350024042400001","20011102","","03","폐업","03","폐업","20021112","","","","051-521-5219","","609829","부산광역시 금정구 서1동 494번지","부산광역시 금정구 서동로103번길 58 (서동)","","홍익안마시술소","20090901095227","I","2018-08-31 23:59:59.0","안마시술소","391161.228126064","192978.395491758","안마시술소","1","","","","","1","","27.14",
"182","의료유사업","01_01_10_P","3350000","PHMB420043350024042400001","20040319","","03","폐업","03","폐업","20080618","","","","051-581-6522","","609840","부산광역시 금정구 장전2동 594번지 2호","부산광역시 금정구 금강로 165 (장전동)","","은하장안안마시술소","20090901100108","I","2018-08-31 23:59:59.0","안마시술소","389429.90281586","193565.473990429","안마시술소","1","","","","","1","","320.8",
"183","의료유사업","01_01_10_P","3350000","PHMB419973350024042400001","19970109","","03","폐업","03","폐업","20040319","","","","051-581-6522","","609840","부산광역시 금정구 장전2동 594번지 2호","부산광역시 금정구 금강로 165 (장전동)","","은하장안마시술소","20090901095713","I","2018-08-31 23:59:59.0","안마시술소","389429.90281586","193565.473990429","안마시술소","8","","","","","4","","320.8",
"184","의료유사업","01_01_10_P","3350000","PHMB419943350024042400003","19940322","","03","폐업","03","폐업","19960312","","","","051-522-5311~2","","609850","부산광역시 금정구 서3동 206번지 3호","부산광역시 금정구 서동로 193-15 (서동)","","향림안마시술소","20090901094009","I","2018-08-31 23:59:59.0","안마시술소","391842.833387012","192672.824505146","안마시술소","6","","","","","20","","730.92",
"185","의료유사업","01_01_10_P","3350000","PHMB419983350024042400001","19981026","","03","폐업","03","폐업","20110922","","","","","","609320","부산광역시 금정구 부곡동 607번지 1호","부산광역시 금정구 동부곡로12번길 84-15 (부곡동)","","삼일안마시술소","20110922174351","I","2018-08-31 23:59:59.0","안마시술소","390838.432197383","193683.416965616","안마시술소","1","","","","","1","","25.33",
"186","의료유사업","01_01_10_P","3350000","PHMB419983350024042400002","19980121","","03","폐업","03","폐업","20140624","","","","051-515-0792","","609320","부산광역시 금정구 부곡동 305번지 17호","부산광역시 금정구 부곡로 106 (부곡동)","609851","정수물리지압원","20140624172657","I","2018-08-31 23:59:59.0","안마시술소","390378.131197114","193775.110675835","안마시술소","1","","","","","1","","33",
"187","의료유사업","01_01_10_P","3350000","PHMB420083350024042400001","20080821","","03","폐업","03","폐업","20090410","","","","051-581-6522","","609390","부산광역시 금정구 장전동 594번지 2호 2,3층","부산광역시 금정구 금강로 165 (장전동,2,3층)","","상상안마시술소","20090901100150","I","2018-08-31 23:59:59.0","안마시술소","389429.90281586","193565.473990429","안마시술소","3","","","","","10","","326.88",
"188","의료유사업","01_01_10_P","3350000","PHMB419943350024042400002","19940719","","03","폐업","03","폐업","19980904","","","","051-513-7822","","609811","부산광역시 금정구 남산동 131번지 10호","부산광역시 금정구 두실로24번길 6 (남산동)","","동방물리지압원","20090901101837","I","2018-08-31 23:59:59.0","안마시술소","390016.561155138","197744.03010993","안마시술소","1","","","","","1","","117.39",
"189","의료유사업","01_01_10_P","3350000","PHMB420123350024042400001","20120518","","01","영업/정상","13","영업중","","","","","051-512-5152","","609825","부산광역시 금정구 부곡동 546번지 1호","부산광역시 금정구 동부곡로12번길 39, 1층 (부곡동)","46303","지성안마지압원","20121112173609","I","2018-08-31 23:59:59.0","안마원","390638.715113293","193736.90328688","안마원","1","","","","","","","36.5",
"190","의료유사업","01_01_10_P","3350000","PHMB420023350024042400001","20020326","","01","영업/정상","13","영업중","","","","","051-582-9896","","","부산광역시 금정구 구서동 194번지 9호 2층","부산광역시 금정구 구서중앙로15번길 9 (구서동)","46230","금정안마원","20150830133142","I","2018-08-31 23:59:59.0","안마원","390105.673602204","197014.43559875","안마원","1","","","","","1","","116.8",
"191","의료유사업","01_01_10_P","3350000","PHMB420053350024042400001","20050201","","01","영업/정상","13","영업중","","","","","051-525-9697","","609848","부산광역시 금정구 서3동 167번지 1호 지하1,2층","부산광역시 금정구 서부로 39, 지하1층,2층 (서동)","46318","사랑안마원","20120117135140","I","2018-08-31 23:59:59.0","안마원","391313.595531988","192890.074248768","안마원","1","","","","","1","","100.8",
"192","의료유사업","01_01_10_P","3360000","PHMB420203360024042400001","20190321","","01","영업/정상","13","영업중","","","","","051-553-0754","","","부산광역시 강서구 명지동 3357-1 부산명지지구아이메디컬","부산광역시 강서구 명지국제8로 229, 부산명지지구아이메디컬 201호 (명지동)","46773","부산보건안마센터","20210915180534","U","2021-09-17 02:40:00.0","안마원","374819.186711909","179407.097712782","안마원","1","0","0","0","0","0","0","68.04",
"193","의료유사업","01_01_10_P","3370000","PHMB420063370022042400001","20060512","","03","폐업","03","폐업","20090703","","","","051-851-3342","","611822","부산광역시 연제구 연산4동 724번지 2호","부산광역시 연제구 중앙대로1120번길 8 (연산동)","","엑스안마시술소","20090703114141","I","2018-08-31 23:59:59.0","안마시술소","389550.122115653","189576.717422213","안마시술소","3","","","","","15","","358.57",
"194","의료유사업","01_01_10_P","3370000","PHMB420073370022042400001","20071002","","03","폐업","03","폐업","20100126","","","","051-863-7422","","611820","부산광역시 연제구 연산4동 603번지 6호","부산광역시 연제구 반송로 22 (연산동)","","수 안마시술소","20100126110224","I","2018-08-31 23:59:59.0","안마시술소","389719.695026166","189529.091207964","안마시술소","2","","","","","12","","451.14",
"195","의료유사업","01_01_10_P","3370000","PHMB420093370022042400002","20090206","","03","폐업","03","폐업","20090911","","","","051-863-3280","","611820","부산광역시 연제구 연산4동 588번지 22호","부산광역시 연제구 반송로 37 (연산동)","","펄 안마시술소","20090911152031","I","2018-08-31 23:59:59.0","안마시술소","389784.973705475","189687.749921142","안마시술소","3","","","","","14","","478.5",
"196","의료유사업","01_01_10_P","3370000","PHMB420143370022042400001","20141230","","03","폐업","03","폐업","20200203","","","","051-852-1892","","611828","부산광역시 연제구 연산동 1244번지 2호 3층","부산광역시 연제구 월드컵대로145번길 20, 3층 (연산동)","47540","연안마시술소","20200204140848","U","2020-02-06 02:40:00.0","안마시술소","389397.694353512","189358.066280987","안마시술소","2","","","","","12","","394.22",
"197","의료유사업","01_01_10_P","3370000","PHMB420093370022042400005","20091221","","03","폐업","03","폐업","20100226","","","","051-864-5561","","611831","부산광역시 연제구 연산5동 1126번지 12호","부산광역시 연제구 월드컵대로 144 (연산동)","","비 안마시술소","20100226170220","I","2018-08-31 23:59:59.0","안마시술소","389447.871657583","189478.394670647","안마시술소","2","","","","","15","","518.1",
"198","의료유사업","01_01_10_P","3370000","PHMB420103370022042400001","20100526","","03","폐업","03","폐업","20120910","","","","051-863-7422","","611820","부산광역시 연제구 연산4동 603번지 6호","부산광역시 연제구 반송로 22 (연산동)","","정안마시술소","20120910164533","I","2018-08-31 23:59:59.0","안마시술소","389719.695026166","189529.091207964","안마시술소","2","","","","","11","","451.14",
"199","의료유사업","01_01_10_P","3370000","PHMB420103370022042400002","20100709","","03","폐업","03","폐업","20120830","","","","051-864-5561","","611831","부산광역시 연제구 연산5동 1126번지 12호  (3층)","부산광역시 연제구 월드컵대로 144 (연산동,(3층))","","비 안마시술소","20120830165600","I","2018-08-31 23:59:59.0","안마시술소","389447.871657583","189478.394670647","안마시술소","2","","","","","15","","518",
"200","의료유사업","01_01_10_P","3370000","PHMB420113370022042400001","20110214","","03","폐업","03","폐업","20181112","","","","","","611839","부산광역시 연제구 연산5동 706번지 11호 (1층 전부)","부산광역시 연제구 월드컵대로91번가길 28 (연산동,(1층 전부))","","톡톡건강안마원","20181112115746","U","2018-11-14 02:35:49.0","안마원","389495.196778839","189070.781373324","안마원","1","","","","","","","56.8",
"201","의료유사업","01_01_10_P","3370000","PHMB420123370022042400003","20120403","","03","폐업","03","폐업","20121127","","","","051-864-3617","","611814","부산광역시 연제구 연산1동 590번지 98호","부산광역시 연제구 고분로13번길 41 (연산동)","611814","몸편한약손안마원","20121127184448","I","2018-08-31 23:59:59.0","안마원","389853.12106836","189563.979424065","안마원","1","","","","","","","87.75",
"202","의료유사업","01_01_10_P","3370000","PHMB420093370022042400003","20090914","","03","폐업","03","폐업","20210825","","","","051-851-2025","","611820","부산광역시 연제구 연산4동 588번지 22호","부산광역시 연제구 반송로 37 (연산동)","","펄 안마시술소","20210825175748","U","2021-08-27 02:40:00.0","안마시술소","389784.973705475","189687.749921142","안마시술소","2","0","0","0","0","14","0","478.55",
"203","의료유사업","01_01_10_P","3370000","PHMB420093370022042400004","20091119","","03","폐업","03","폐업","20100927","","","","051-853-0775","","611820","부산광역시 연제구 연산4동 586번지 15호","부산광역시 연제구 중앙대로1134번길 9 (연산동)","","약손안마원","20100927134156","I","2018-08-31 23:59:59.0","안마원","389524.792556655","189734.985791166","안마원","1","","","","","","","32.55",
"204","의료유사업","01_01_10_P","3370000","PHMB420113370022042400002","20110906","","03","폐업","03","폐업","20181129","","","","051-868-4993","","611820","부산광역시 연제구 연산4동 603번지 1호 2층","부산광역시 연제구 반송로 30 (연산동)","47549","앤안마시술소","20181129185123","U","2018-12-01 02:40:00.0","안마시술소","389769.596168536","189597.688249197","안마시술소","2","","","","","15","","434.57",
"205","의료유사업","01_01_10_P","3370000","PHMB420123370022042400001","20120112","","03","폐업","03","폐업","20130128","","","","051-853-0675","","611840","부산광역시 연제구 연산2동 844번지 10호","부산광역시 연제구 연수로 88 (연산동)","611840","승록안마원","20130128131952","I","2018-08-31 23:59:59.0","안마원","389458.253276027","188210.538329795","안마원","1","","","","","","","13.03",
"206","의료유사업","01_01_10_P","3370000","PHMB420123370022042400002","20120216","","03","폐업","03","폐업","20120629","","","","051-852-1107","","611831","부산광역시 연제구 연산5동 1142번지 7호 샤이나오피스텔 301호","부산광역시 연제구 월드컵대로 173 (연산동, 샤이나오피스텔 301호)","611831","약손안마원","20130417095913","I","2018-08-31 23:59:59.0","안마원","389158.602312428","189529.725684087","안마원","1","","","","","","","26.18",
"207","의료유사업","01_01_10_P","3370000","PHMB420123370022042400004","20120504","","03","폐업","03","폐업","20150911","","","","051-867-8588","","611825","부산광역시 연제구 연산6동 1999번지 13호 2층","부산광역시 연제구 연수로 130 (연산동, 2층)","47610","한마음안마원","20151020113148","I","2018-08-31 23:59:59.0","안마원","389857.445982341","188153.673598994","안마원","1","","","","","","","59.83",
"208","의료유사업","01_01_10_P","3370000","PHMB420133370022042400002","20131113","","03","폐업","03","폐업","20161028","","","","051-852-3811","","611831","부산광역시 연제구 연산5동 1126번지 12호 3층","부산광역시 연제구 월드컵대로 144, 3층 (연산동)","47524","힐링안마시술소","20161028174659","I","2018-08-31 23:59:59.0","안마시술소","389447.871657583","189478.394670647","안마시술소","3","","","","","10","","518.1",
"209","의료유사업","01_01_10_P","3370000","PHMB420083370022042400001","20080314","","03","폐업","03","폐업","20091118","20091007","20091106","","051-864-0663","","611080","부산광역시 연제구 연산동 1126번지 12호","부산광역시 연제구 월드컵대로 144 (연산동)","","비 안마시술소","20091118175923","I","2018-08-31 23:59:59.0","안마시술소","389447.871657583","189478.394670647","안마시술소","4","","","","","15","","518.1",
"210","의료유사업","01_01_10_P","3370000","PHMB420053370022042400001","20050406","","03","폐업","03","폐업","20130902","","","","051-867-9008","","611831","부산광역시 연제구 연산5동 1124번지 7호","부산광역시 연제구 중앙대로 1117 (연산동)","","킹","20130925172405","I","2018-08-31 23:59:59.0","안마시술소","389478.870984061","189542.065731877","안마시술소","3","","","","","16","","705.12",
"211","의료유사업","01_01_10_P","3370000","PHMB420053370022042400002","20051227","","03","폐업","03","폐업","20090430","","","","051-865-6580","","611831","부산광역시 연제구 연산5동 1127번지 30호","부산광역시 연제구 거제천로182번길 42-4 (연산동)","","에스안마시술소","20090730114332","I","2018-08-31 23:59:59.0","안마시술소","389331.727220526","189557.975328762","안마시술소","2","","","","","19","","493.13",
"212","의료유사업","01_01_10_P","3370000","PHMB420183370022042400001","20181017","","03","폐업","03","폐업","20210129","","","","","","","부산광역시 연제구 연산동 723번지 15호 해조빌딩","부산광역시 연제구 중앙대로1120번길 14-7, 해조빌딩 5층 (연산동)","47520","제이안마시술소","20210129172528","U","2021-01-31 02:40:00.0","안마시술소","389617.508928887","189565.405213778","안마시술소","2","","","","","8","","515.38",
"213","의료유사업","01_01_10_P","3370000","PHMB420093370022042400001","20090430","","01","영업/정상","13","영업중","","","","","051-865-6580","","611831","부산광역시 연제구 연산5동 1127번지 30호","부산광역시 연제구 거제천로182번길 42-4 (연산동)","47524","에스안마시술소","20210706132540","U","2021-07-08 02:40:00.0","안마시술소","389331.727220526","189557.975328762","안마시술소","3","0","0","0","0","18","0","493.13",
"214","의료유사업","01_01_10_P","3370000","PHMB420113370022042400004","20111208","","01","영업/정상","13","영업중","","","","","051-751-4976","","611819","부산광역시 연제구 연산9동 2235번지 10호  2충","부산광역시 연제구 과정로 82 (연산동)","47573","건강한미안마지압원","20220115095557","U","2022-01-18 02:40:00.0","안마원","391902.30001519","188631.167238132","안마원","1","0","0","0","0","0","0","55.02",
"215","의료유사업","01_01_10_P","3370000","PHMB420133370022042400001","20130320","","01","영업/정상","13","영업중","","","","","051-864-3617","","611814","부산광역시 연제구 연산1동 590번지 4호 1층","부산광역시 연제구 고분로13번길 61-3 (연산동)","47551","몸편한약손약발지압원","20200707180103","U","2020-07-09 02:40:00.0","안마원","389904.904883917","189670.938137221","안마원","1","","","","","","","91.3",
"216","의료유사업","01_01_10_P","3370000","PHMB420173370022042400001","20170106","","01","영업/정상","13","영업중","","","","","051-544-9928","","","","부산광역시 연제구 월드컵대로 10, 1층 (연산동)","47592","연산우리들안마원","20170113171226","I","2018-08-31 23:59:59.0","안마원","390009.298983563","188254.942120883","안마원","1","","","","","","","34.71",
"217","의료유사업","01_01_10_P","3370000","PHMB420173370022042400002","20170210","","01","영업/정상","13","영업중","","","","","","","","","부산광역시 연제구 거제천로118번길 23, 상가동 203호 (연산동, 엔학미지앙)","47541","소생안마원","20170210181452","I","2018-08-31 23:59:59.0","안마원","389036.444191863","189161.558118678","안마원","1","","","","","","","36.48",
"218","의료유사업","01_01_10_P","3370000","PHMB420203370022042400001","20200526","","01","영업/정상","13","영업중","","","","","","","","부산광역시 연제구 연산동 479번지 7호 삼호라이프레포츠텔","부산광역시 연제구 과정로 137, 삼호라이프레포츠텔 지하2층 (연산동)","47586","강남안마시술소","20210629152410","U","2021-07-01 02:40:00.0","안마시술소","391834.082986499","189185.417047275","안마시술소","2","","","","","12","","469.87",
"219","의료유사업","01_01_10_P","3370000","PHMB420183370022042400002","20181119","","01","영업/정상","13","영업중","","","","","","","","부산광역시 연제구 연산동 401번지 15호","부산광역시 연제구 과정로 202, 2층 (연산동)","47567","우리전통안마원","20181128114009","I","2018-11-30 02:20:02.0","안마원","391684.626892236","189672.442554649","안마원","1","","","","","","","99.4",
"220","의료유사업","01_01_10_P","3370000","PHMB420113370022042400003","20111207","","04","취소/말소/만료/정지/중지","24","직권폐업","20141001","","","","051-852-1892","","611828","부산광역시 연제구 연산5동 1244번지 2호","부산광역시 연제구 월드컵대로145번길 20 (연산동)","611828","궁안마시술소","20141017091531","I","2018-08-31 23:59:59.0","안마시술소","389397.694353512","189358.066280987","안마시술소","2","","","","","12","","394.22",
"221","의료유사업","01_01_10_P","3380000","PHMB420023380023042400001","20020408","","03","폐업","03","폐업","20090922","","","","051-754-7664","","613120","부산광역시 수영구 수영동 450번지 8호","부산광역시 수영구 연수로415번길 9 (수영동)","","금강안마시술소","20090922181917","I","2018-08-31 23:59:59.0","안마시술소","392580.143672738","187509.943645348","안마시술소","2","","","","","14","","410.79",
"222","의료유사업","01_01_10_P","3380000","PHMB420183380023042400001","20181120","","03","폐업","03","폐업","20201110","","","","","","","","부산광역시 수영구 수영로 759, 알파오피스텔 1층 101호 (수영동)","48222","최훈안마원","20201111091947","U","2020-11-13 02:40:00.0","안마원","393284.046237794","187432.534573096","안마원","1","","","","","1","0","50.05",
"223","의료유사업","01_01_10_P","3380000","PHMB420193380023042400001","20190111","","01","영업/정상","13","영업중","","","","","051-728-1844","","","","부산광역시 수영구 광안로7번길 8, 3층 (광안동)","48297","광안건강안마원","20190116171126","I","2019-01-18 02:20:52.0","안마원","392559.380085871","186291.615528644","안마원","2","","","","","","0","86.44",
"224","의료유사업","01_01_10_P","3380000","PHMB420103380023042400001","20101007","","01","영업/정상","13","영업중","","","","","051-761-1188","","613830","부산광역시 수영구 수영동 450번지 15호 4층","부산광역시 수영구 연수로401번길 4, 4층 (수영동)","48232","바른몸건강지킴이안마원","20191127163139","U","2019-11-29 02:40:00.0","안마원","392486.770794517","187552.427076173","안마원","4","","","","","","","112.22",
"225","의료유사업","01_01_10_P","3380000","PHMB420133380023042400001","20131004","","01","영업/정상","13","영업중","","","","","051-622-2807","","","부산광역시 수영구 남천동 271번지 3호","부산광역시 수영구 수영로384번길 26, 2층 (남천동)","48312","지압박사 안마원","20180710180002","I","2018-08-31 23:59:59.0","안마원","392008.52723657","184333.352487596","안마원","0","","","","","","0","62.78",
"226","의료유사업","01_01_10_P","3380000","PHMB420203380023042400001","20200707","","01","영업/정상","13","영업중","","","","","051-623-1120","","","부산광역시 수영구 남천동 69-22","부산광역시 수영구 남천서로 4, 3층 (남천동)","48316","탑지압테라피안마원","20210419190444","U","2021-04-21 02:40:00.0","안마원","392046.659199305","184639.124407134","안마원","1","","","","","","","250.04",
"227","의료유사업","01_01_10_P","3380000","PHMB420203380023042400002","20201221","","01","영업/정상","13","영업중","","","","","051-759-7577","","","부산광역시 수영구 수영동 445-1","부산광역시 수영구 수영로 691-10, 2층 (수영동)","48228","가온안마지압원","20201222092746","I","2020-12-24 00:23:06.0","안마원","392662.52901849","187496.932987579","안마원","2","","","","","","","141.46",
"228","의료유사업","01_01_10_P","3380000","PHMB420073380023042400001","20070131","","04","취소/말소/만료/정지/중지","24","직권폐업","20150610","","","","051-752-4999","","613103","부산광역시 수영구 광안동 50번지 25호","부산광역시 수영구 수영로 706-6 (광안동)","613800","수영장안마시술소","20150609154826","I","2018-08-31 23:59:59.0","안마시술소","392776.630111064","187410.800028534","안마시술소","1","","","","","4","","231.4",
"229","의료유사업","01_01_10_P","3390000","PHMB420033390023042400001","20030531","","03","폐업","03","폐업","20090729","","","","","","617801","부산광역시 사상구 감전동 153번지 21호","부산광역시 사상구 새벽로 136 (감전동)","","유아이안마시술소","20090730090345","I","2018-08-31 23:59:59.0","안마시술소","380615.4188517","185587.619059178","안마시술소","1","","","","","4","41.08","291.48",
"230","의료유사업","01_01_10_P","3390000","PHMB420043390023042400001","20040722","","03","폐업","03","폐업","20200319","","","","326-0757","","","부산광역시 사상구 주례동 23번지 2호 301호","부산광역시 사상구 가야대로 289, 2층 (주례동)","47003","삼지지압원","20200319150602","U","2020-03-21 02:40:00.0","안마원","383345.200417545","185460.585513187","안마원","0","","","","","","","82.7",
"231","의료유사업","01_01_10_P","3390000","PHMB420123390023042400001","20120328","","03","폐업","03","폐업","20161004","","","","327-3872","","","","부산광역시 사상구 주례로28번길 9 (주례동)","47008","아침교정지압안마원","20161004124052","I","2018-08-31 23:59:59.0","안마원","383184.087677172","185113.638460158","안마원","1","","","","","","","102.85",
"232","의료유사업","01_01_10_P","3390000","PHMB420153390023042400001","20150414","","01","영업/정상","13","영업중","","","","","051-312-8575","","617838","주례동 1162번지 3호","부산광역시 사상구 가야대로 258, 3층 (주례동)","47012","로하스안마원","20150506091417","I","2018-08-31 23:59:59.0","안마원","382265.739218046","185261.739189544","안마원","1","","","","","","","89.1",
"233","의료유사업","01_01_10_P","3390000","PHMB420153390023042400002","20150810","","01","영업/정상","13","영업중","","","","","051-304-9801","","","","부산광역시 사상구 사상로 512, A-204호 (모라동, 모라리버빌)","46919","다손안마원","20151026164701","I","2018-08-31 23:59:59.0","안마원","381114.783397182","189674.910419057","안마원","1","","","","","","","101.51",
"234","의료유사업","01_01_10_P","3390000","PHMB420103390023042400001","20100601","","01","영업/정상","13","영업중","","","","","051-311-7677","","617807","부산광역시 사상구 괘법동 554번지 4호","부산광역시 사상구 사상로 175 (괘법동)","46974","더죤안마지압원","20190927094129","U","2019-09-29 02:40:00.0","안마원","380840.76048753","186459.307364669","안마원","1","","","","","","","50",
"235","의료유사업","01_01_10_P","3390000","PHMB420133390023042400001","20130109","","01","영업/정상","13","영업중","","","","","805-7575","","617010","부산광역시 사상구 주례동 189번지 20호 삼선빌딩 4층","부산광역시 사상구 가야대로 330, 4층 (주례동, 삼선빌딩)","47007","김현희안마원","20130111165825","I","2018-08-31 23:59:59.0","안마원","382968.835346141","185345.558787613","안마원","1","","","","","","","109",
"236","의료유사업","01_01_10_P","3390000","PHMB420213390023042400001","20211108","","01","영업/정상","13","영업중","","","","","051-313-0188","","","부산광역시 사상구 감전동 380-3 TY빌딩","부산광역시 사상구 사상로 88, TY빌딩 5층 (감전동)","46983","팔팔지압원","20211112181136","I","2021-11-14 00:22:45.0","안마원","381452.510712915","185817.476229935","안마원","1","0","0","0","0","0","0","93.32",
"237","의료유사업","01_01_10_P","3400000","PHMB420113400013042400001","20110817","","03","폐업","03","폐업","20170525","","","","723-7575","","619903","부산광역시 기장군 기장읍 대라리 35번지 19호","부산광역시 기장군 기장읍 차성로288번길 66","","기장지압원","20170525130638","I","2018-08-31 23:59:59.0","안마원","401746.064349807","195989.126575442","안마원","2","","","","","4","","88.25",
"238","의료유사업","01_01_10_P","3400000","PHMB419993400013042400001","19991216","","03","폐업","03","폐업","20140331","","","","051-721-5059","","619903","부산광역시 기장군 기장읍 대라리 96번지 9호 외1필지(92-3)","부산광역시 기장군 기장읍 차성남로89번길 5","619903","기장안마시술소","20140331143552","I","2018-08-31 23:59:59.0","안마시술소","401792.376705452","195819.720071328","안마시술소","2","","","","","9","","340.39",
"239","의료유사업","01_01_10_P","3400000","PHMB420123400013042400001","20120118","","03","폐업","03","폐업","20130213","20120830","20130119","","","","619905","부산광역시 기장군 기장읍 동부리 362번지 9호","부산광역시 기장군 기장읍 차성동로102번길 5","619905","감초당안마원","20130213135026","I","2018-08-31 23:59:59.0","안마원","401741.215395072","196436.524452688","안마원","1","","","","","3","","38.94",
"240","의료유사업","01_01_10_P","3400000","PHMB420133400013042400001","20131113","","03","폐업","03","폐업","20150623","","","","","","619963","부산광역시 기장군 정관면 매학리 743번지 3호","부산광역시 기장군 정관면 구연로 3","619963","뉴힐링안마시술소","20160616195100","I","2018-08-31 23:59:59.0","안마시술소","398248.01573200000","205026.74550600000","안마시술소","9","","","","","13","39.75","312.36",
"241","의료유사업","01_01_10_P","3400000","PHMB420153400013042400001","20151012","","03","폐업","03","폐업","20180320","","","","727-5358","","","부산광역시 기장군 정관읍 매학리 743번지 3호","부산광역시 기장군 정관읍 구연로 3","46023","뉴힐링안마시술소","20180320143259","I","2018-08-31 23:59:59.0","안마시술소","398175.062742079","204719.77547837","안마시술소","2","","","","","13","39.75","312.36",
"242","의료유사업","01_01_10_P","3400000","PHMB420193400013042400001","20190116","","01","영업/정상","13","영업중","","","","","0517233631","","","","부산광역시 기장군 기장읍 대청로22번길 19, 1층","46074","기장지압안마원","20201202100323","U","2020-12-04 02:40:00.0","안마원","","","안마원","1","","","","","","","64.48",
"243","의료유사업","01_01_10_P","3400000","PHMB420153400013042400002","20151229","","01","영업/정상","13","영업중","","","","","727-2778","","","부산광역시 기장군 정관읍 용수리 1328번지 2호","부산광역시 기장군 정관읍 정관로 499, 4층 401호 (드림빌딩)","46015","착한손바른안마원","20151229170639","I","2018-08-31 23:59:59.0","안마원","397327.035811071","205082.149335562","안마원","1","","","","","3","","162",
