"번호","개방서비스명","개방서비스아이디","개방자치단체코드","관리번호","인허가일자","인허가취소일자","영업상태구분코드","영업상태명","상세영업상태코드","상세영업상태명","폐업일자","휴업시작일자","휴업종료일자","재개업일자","소재지전화","소재지면적","소재지우편번호","소재지전체주소","도로명전체주소","도로명우편번호","사업장명","최종수정시점","데이터갱신구분","데이터갱신일자","업태구분명","좌표정보(x)","좌표정보(y)","축산업무구분명","축산물가공업구분명","축산일련번호","권리주체일련번호","총종업원수","주사육업종",
"1","가축사육업","02_04_01_P","3400000","340000003320140001","20140418","","04","취소/말소/만료/정지/중지","0004","말소","","","","","","","619906","부산광역시 기장군 기장읍 청강리 ***번지","","","이진건농장","20171208131701","I","2018-08-31 23:59:59.0","","402302.331550158","194956.105342444","가축사육업","","126","000","","한우",
"2","가축사육업","02_04_01_P","3350000","335000003320080009","20080624","","04","취소/말소/만료/정지/중지","0004","말소","","","","","","0","609420","부산광역시 금정구 금성동 ***번지","부산광역시 금정구 죽전*길 **-** (금성동)","","한영자","20140529092130","I","2018-08-31 23:59:59.0","","387237.895271799","196974.265923632","가축사육업","","10","000","","젖소",
"3","가축사육업","02_04_01_P","3350000","335000003320080010","20080624","","04","취소/말소/만료/정지/중지","0004","말소","","","","","","0","609420","부산광역시 금정구 금성동 ***-*번지","부산광역시 금정구 산성로 *** (금성동)","","정길목장","20140529092157","I","2018-08-31 23:59:59.0","","386644.745984056","196641.948937039","가축사육업","","11","000","","젖소",
"4","가축사육업","02_04_01_P","3350000","335000003320080012","20080624","","04","취소/말소/만료/정지/중지","0004","말소","","","","","","0","609420","부산광역시 금정구 금성동 ***번지","","","김진자","20140529092056","I","2018-08-31 23:59:59.0","","387069.397549126","196873.506874059","가축사육업","","13","000","","젖소",
"5","가축사육업","02_04_01_P","3350000","335000003320050001","20051013","","04","취소/말소/만료/정지/중지","0004","말소","","","","","582-8128","0","609311","부산광역시 금정구 구서동 **-*번지","","","금단농장","20140526181222","I","2018-08-31 23:59:59.0","","","","가축사육업","","1","000","","돼지",
"6","가축사육업","02_04_01_P","3350000","335000003320080001","20080624","","04","취소/말소/만료/정지/중지","0004","말소","","","","","","0","609420","부산광역시 금정구 금성동 ***번지","","","금성농장","20140529091230","I","2018-08-31 23:59:59.0","","386966.691668604","195680.228306193","가축사육업","","2","000","","한우",
"7","가축사육업","02_04_01_P","3400000","340000003320130013","20130227","","04","취소/말소/만료/정지/중지","0004","말소","","","","","","","619912","부산광역시 기장군 일광면 삼성리 ***번지","","","한일농장","20180131194000","I","2018-08-31 23:59:59.0","","401962.94712182","198750.86750694","가축사육업","","98","000","","육계",
"8","가축사육업","02_04_01_P","3400000","340000003320080007","20080703","","04","취소/말소/만료/정지/중지","0004","말소","","","","","","0","619903","부산광역시 기장군 기장읍 대라리 산 **번지","부산광역시 기장군 기장읍 안평로**번가길 ***-**","","강대진농장","20150625093627","I","2018-08-31 23:59:59.0","","399290.304973877","194753.889038731","가축사육업","","68","000","","한우",
"9","가축사육업","02_04_01_P","3330000","333000003320140008","20140618","","04","취소/말소/만료/정지/중지","0004","말소","","","","","","","612030","","부산광역시 해운대구 장산로 ***-*** (우동)","612823","백운산장","20220303145127","U","2022-03-05 02:40:00.0","","397536.615621175","190880.474291132","가축사육업","","13","000","0","오리",
"10","가축사육업","02_04_01_P","3400000","340000003320050009","20050524","","04","취소/말소/만료/정지/중지","0004","말소","","","","","11-870-4917","0","619912","부산광역시 기장군 일광면 삼성리 *-*번지","","","삼성농장","20180131193915","I","2018-08-31 23:59:59.0","","403066.822892734","198663.923015564","가축사육업","","9","000","","한우",
"11","가축사육업","02_04_01_P","3400000","340000003320050010","20050524","","04","취소/말소/만료/정지/중지","0004","말소","","","","","","0","619913","부산광역시 기장군 일광면 원리 **-*번지","","","원리농장","20070828100955","I","2018-08-31 23:59:59.0","","","","가축사육업","","10","000","","한우",
"12","가축사육업","02_04_01_P","3400000","340000003320050012","20050524","","04","취소/말소/만료/정지/중지","0004","말소","","","","","727-1182","0","619913","부산광역시 기장군 일광면 원리 **-*번지","부산광역시 기장군 일광면 기장대로 ****","","원리농장","20070828101038","I","2018-08-31 23:59:59.0","","403481.57707848","202486.550443392","가축사육업","","12","000","","한우",
"13","가축사육업","02_04_01_P","3400000","340000003320050019","20050524","","04","취소/말소/만료/정지/중지","0004","말소","","","","","","0","619902","부산광역시 기장군 기장읍 내리 ***번지","부산광역시 기장군 기장읍 내리길 ***","","내리양어장","20070828102019","I","2018-08-31 23:59:59.0","","399565.504852065","193057.27672369","가축사육업","","19","000","","한우",
"14","가축사육업","02_04_01_P","3400000","340000003320050020","20050524","","04","취소/말소/만료/정지/중지","0004","말소","","","","","728-3687","0","619961","부산광역시 기장군 정관면 예림리 ****-**번지","부산광역시 기장군 정관면 예림*길 **-*","","부금축산","20130408180021","I","2018-08-31 23:59:59.0","","400532.31210500000","205037.86516800000","가축사육업","","20","000","","돼지",
"15","가축사육업","02_04_01_P","3400000","340000003320050021","20050524","","04","취소/말소/만료/정지/중지","0004","말소","","","","","722-3338","0","619906","부산광역시 기장군 일광면 용천리 산 ***-*번지","","","기장목장","20070828102046","I","2018-08-31 23:59:59.0","","399170.594475502","201146.846142692","가축사육업","","21","000","","한우",
"16","가축사육업","02_04_01_P","3400000","340000003320050022","20050524","","04","취소/말소/만료/정지/중지","0004","말소","","","","","728-3979","0","619961","부산광역시 기장군 정관면 달산리 ***-**번지","부산광역시 기장군 정관면 산단*로 **-**","","달산농장","20140915182127","I","2018-08-31 23:59:59.0","","398128.22954000000","204066.15231200000","가축사육업","","22","000","","돼지",
"17","가축사육업","02_04_01_P","3330000","333000003320050002","20051010","","04","취소/말소/만료/정지/중지","0004","말소","","","","","","0","612070","부산광역시 해운대구 석대동 산 **-*","부산광역시 해운대구 반송로***번길 ** (석대동)","48001","동일농장","20220303144901","U","2022-03-05 02:40:00.0","","395087.272068723","193560.618164728","가축사육업","","2","000","0","돼지",
"18","가축사육업","02_04_01_P","3330000","333000003320140002","20140618","","04","취소/말소/만료/정지/중지","0004","말소","","","","","","","612020","","부산광역시 해운대구 우동*로 *** (우동)","48085","김영숙 농원","20220303144953","U","2022-03-05 02:40:00.0","","396174.347915583","187846.827852891","가축사육업","","7","000","0","육계",
"19","가축사육업","02_04_01_P","3330000","333000003320140003","20140618","","04","취소/말소/만료/정지/중지","0004","말소","","","","","","","612701","","부산광역시 해운대구 장산로 ***-*** (좌동)","48066","안동쉼터","20220303145021","U","2022-03-05 02:40:00.0","","396574.597240281","191654.476173722","가축사육업","","8","000","0","육계",
"20","가축사육업","02_04_01_P","3330000","333000003320140006","20140618","","04","취소/말소/만료/정지/중지","0004","말소","","","","","","","612030","","부산광역시 해운대구 장산로 *****-*** (우동)","612823","화암농장","20220303145054","U","2022-03-05 02:40:00.0","","","","가축사육업","","11","000","0","육계",
"21","가축사육업","02_04_01_P","3330000","333000003320140010","20140618","","04","취소/말소/만료/정지/중지","0004","말소","","","","","","","612034","","부산광역시 해운대구 장산로 ***-*** (우동)","612823","장산농장","20210511175856","U","2021-05-13 02:40:00.0","","397117.341896492","190146.872628616","가축사육업","","15","000","","육계",
"22","가축사육업","02_04_01_P","3330000","333000003320140013","20140913","","04","취소/말소/만료/정지/중지","0004","말소","","","","","","","612082","부산광역시 해운대구 반송동","부산광역시 해운대구 반송로***번길 *** (반송동, 운송농원)","48000","운송농원","20220303145230","U","2022-03-05 02:40:00.0","","395607.595160469","194949.878359568","가축사육업","","18","000","0","염소",
"23","가축사육업","02_04_01_P","3400000","340000003320050001","20070807","","04","취소/말소/만료/정지/중지","0004","말소","","","","","","0","619906","부산광역시 기장군 기장읍 신천리 ***번지","","","신천농장","20070828100645","I","2018-08-31 23:59:59.0","","","","가축사육업","","1","000","","한우",
"24","가축사육업","02_04_01_P","3400000","340000003320050024","20050524","","04","취소/말소/만료/정지/중지","0004","말소","","","","","","0","619901","부산광역시 기장군 기장읍 만화리 ***-*번지","부산광역시 기장군 기장읍 동서길 **","","만화축산","20070828102113","I","2018-08-31 23:59:59.0","","400097.656411919","197428.150648494","가축사육업","","24","000","","한우",
"25","가축사육업","02_04_01_P","3400000","340000003320050030","20050524","","04","취소/말소/만료/정지/중지","0004","말소","","","","","","0","619963","부산광역시 기장군 정관면 용수리 ***번지","부산광역시 기장군 정관면 용수로 **-*","","용수농장","20070828104042","I","2018-08-31 23:59:59.0","","397952.58267900000","205566.98725400000","가축사육업","","30","000","","한우",
"26","가축사육업","02_04_01_P","3400000","340000003320090004","20090713","","04","취소/말소/만료/정지/중지","0004","말소","","","","","","0","619871","부산광역시 기장군 철마면 안평리 ***-*번지","부산광역시 기장군 철마면 안평로**번나길 *","","이철민농장","20180131194120","I","2018-08-31 23:59:59.0","","398117.917795248","195044.780505107","가축사육업","","75","000","","돼지",
"27","가축사육업","02_04_01_P","3400000","340000003320070001","20070119","","04","취소/말소/만료/정지/중지","0004","말소","","","","","727-2386","0","619951","부산광역시 기장군 장안읍 오리 산 **-**번지","부산광역시 기장군 장안읍 대룡*길 **","","정미농장","20070828104452","I","2018-08-31 23:59:59.0","","406227.942803002","210508.219355888","가축사육업","","49","000","","한우",
"28","가축사육업","02_04_01_P","3400000","340000003320070002","20070122","","04","취소/말소/만료/정지/중지","0004","말소","","","","","","0","619951","부산광역시 기장군 장안읍 명례리 **번지","부산광역시 기장군 장안읍 구운달길 **","","영화농장","20070828104525","I","2018-08-31 23:59:59.0","","405803.262983284","211388.023059038","가축사육업","","50","000","","한우",
"29","가축사육업","02_04_01_P","3400000","340000003320070004","20070126","","04","취소/말소/만료/정지/중지","0004","말소","","","","","051-727-3011","0","619951","부산광역시 기장군 장안읍 오리 ***-**번지","","","김경조 농장","20180131193814","I","2018-08-31 23:59:59.0","","","","가축사육업","","52","000","","한우",
"30","가축사육업","02_04_01_P","3400000","340000003320050042","20050930","","04","취소/말소/만료/정지/중지","0004","말소","","","","","051-721-4908","0","619912","부산광역시 기장군 일광면 화전리 ***-*번지","부산광역시 기장군 일광면 화전*길 **-*","","화전농장","20071210175959","I","2018-08-31 23:59:59.0","","402751.395454831","200342.657296671","가축사육업","","42","000","","한우",
"31","가축사육업","02_04_01_P","3400000","340000003320050043","20051128","","04","취소/말소/만료/정지/중지","0004","말소","","","","","721-8040","0","619913","부산광역시 기장군 일광면 원리 ***번지","부산광역시 기장군 일광면 청원길 ***-**","","박성주 농장","20070828104316","I","2018-08-31 23:59:59.0","","403041.632406935","203925.17543774","가축사육업","","43","000","","한우",
"32","가축사육업","02_04_01_P","3400000","340000003320130005","20130220","","04","취소/말소/만료/정지/중지","0004","말소","","","","","","","619962","부산광역시 기장군 정관면 월평리 ***-**번지","","","윤정만 농장","20180131194040","I","2018-08-31 23:59:59.0","","","","가축사육업","","90","000","","한우",
"33","가축사육업","02_04_01_P","3400000","340000003320050035","20050524","","04","취소/말소/만료/정지/중지","0004","말소","","","","","","0","619913","부산광역시 기장군 장안읍 오리 산 **-*   번지","","","경호농장","20090216164359","I","2018-08-31 23:59:59.0","","","","가축사육업","","35","000","","한우",
"34","가축사육업","02_04_01_P","3400000","340000003320050036","20050524","","04","취소/말소/만료/정지/중지","0004","말소","","","","","","0","619872","부산광역시 기장군 철마면 웅천리 ***-*번지","","","아홉산버섯한우농장","20070828104155","I","2018-08-31 23:59:59.0","","397339.494421156","201087.217984301","가축사육업","","36","000","","한우",
"35","가축사육업","02_04_01_P","3400000","340000003320050040","20070807","","04","취소/말소/만료/정지/중지","0004","말소","","","","","051-727-2233","0","619952","부산광역시 기장군 장안읍 길천리 ***-*번지","부산광역시 기장군 장안읍 천산로 **","","가나안농장","20070828104217","I","2018-08-31 23:59:59.0","","407439.482201202","206005.15512316","가축사육업","","40","000","","한우",
"36","가축사육업","02_04_01_P","3400000","340000003320130011","20130227","","04","취소/말소/만료/정지/중지","0004","말소","","","","","","","619952","부산광역시 기장군 장안읍 길천리 ***번지","부산광역시 기장군 장안읍 고무로 ***-*","46035","최해조 농장","20180131194202","I","2018-08-31 23:59:59.0","","406862.680710874","206366.349179599","가축사육업","","96","000","","돼지",
"37","가축사육업","02_04_01_P","3360000","336000003320050002","20050203","","04","취소/말소/만료/정지/중지","0004","말소","","","","","051-973-4476","0","618804","부산광역시 강서구 대저*동 ***-*번지","부산광역시 강서구 울만로 **-** (대저*동)","","입소농장","20070906090332","I","2018-08-31 23:59:59.0","","374888.076329178","187886.209103756","가축사육업","","5","000","","한우",
"38","가축사육업","02_04_01_P","3360000","336000003320050004","20050224","","04","취소/말소/만료/정지/중지","0004","말소","","","","","","0","618141","부산광역시 강서구 대저*동 ****-*번지 외*필지(****-*, ****-*)","","","축산농원","20150307162436","I","2018-08-31 23:59:59.0","","377814.632352126","193152.067101263","가축사육업","","7","000","","한우",
"39","가축사육업","02_04_01_P","3360000","336000003320050032","20051017","","04","취소/말소/만료/정지/중지","0004","말소","","","","","051-971-0473","0","618220","부산광역시 강서구 미음동 ****번지","부산광역시 강서구 미음산단*로**번길 ** (미음동)","","심산농장","20070906090522","I","2018-08-31 23:59:59.0","","369134.78259000000","185974.80990500000","가축사육업","","35","000","","한우",
"40","가축사육업","02_04_01_P","3360000","336000003320050033","20051017","","04","취소/말소/만료/정지/중지","0004","말소","","","","","","0","618280","부산광역시 강서구 화전동 ***번지","부산광역시 강서구 낙동남로***번길 *** (화전동)","","부산농장","20070906090606","I","2018-08-31 23:59:59.0","","370584.516800562","180180.947174267","가축사육업","","36","000","","한우",
"41","가축사육업","02_04_01_P","3350000","335000003320080005","20080624","","04","취소/말소/만료/정지/중지","0004","말소","","","","","","0","609420","부산광역시 금정구 금성동 ***번지","부산광역시 금정구 공해*길 ** (금성동)","","박병운","20140529091402","I","2018-08-31 23:59:59.0","","387299.954358253","195998.024257287","가축사육업","","6","000","","한우",
"42","가축사육업","02_04_01_P","3350000","335000003320080006","20080624","","04","취소/말소/만료/정지/중지","0004","말소","","","","","","0","609420","부산광역시 금정구 금성동 ***번지","","","김봉식","20140529091436","I","2018-08-31 23:59:59.0","","387062.460593611","196860.476280964","가축사육업","","7","000","","한우",
"43","가축사육업","02_04_01_P","3360000","336000003320050021","20050811","","04","취소/말소/만료/정지/중지","0004","말소","","","","","051-971-8677","0","618230","부산광역시 강서구 지사동 **-*번지 외*필지(지사동 **-*, **-*, **, **-*)","","","춘화농장","20180709145622","I","2018-08-31 23:59:59.0","","367809.492172832","184255.823902073","가축사육업","","24","000","","돼지",
"44","가축사육업","02_04_01_P","3340000","334000003320050002","20051117","","04","취소/말소/만료/정지/중지","0004","말소","","","","","","0","604041","부산광역시 사하구 장림동 ***번지","","","장림농장","20070816105937","I","2018-08-31 23:59:59.0","","","","가축사육업","","2","000","","돼지",
"45","가축사육업","02_04_01_P","3340000","334000003320050003","20051117","","04","취소/말소/만료/정지/중지","0004","말소","","","","","","0","604041","부산광역시 사하구 장림동 ***-*번지","","","리자축산","20070816105719","I","2018-08-31 23:59:59.0","","","","가축사육업","","3","000","","돼지",
"46","가축사육업","02_04_01_P","3340000","334000003320050004","20051117","","04","취소/말소/만료/정지/중지","0004","말소","","","","","","0","604041","부산광역시 사하구 장림동 ***-*번지","","","장림축견","20070816110012","I","2018-08-31 23:59:59.0","","","","가축사육업","","4","000","","돼지",
"47","가축사육업","02_04_01_P","3340000","334000003320050005","20051117","","04","취소/말소/만료/정지/중지","0004","말소","","","","","","0","604041","부산광역시 사하구 장림동 ***-*번지","","","명진축산","20070829094802","I","2018-08-31 23:59:59.0","","379096.391711464","176401.886480645","가축사육업","","5","000","","돼지",
"48","가축사육업","02_04_01_P","3340000","334000003320050006","20051117","","04","취소/말소/만료/정지/중지","0004","말소","","","","","2660127","0","604041","부산광역시 사하구 장림동 ***번지","","","다대농장","20070816105627","I","2018-08-31 23:59:59.0","","378481.142782943","176979.941063897","가축사육업","","6","000","","돼지",
"49","가축사육업","02_04_01_P","3360000","336000003320050040","20051109","","04","취소/말소/만료/정지/중지","0004","말소","","","","","","0","618805","부산광역시 강서구 대저*동 ***-*번지 외 *필지(대저*동 ***-*, ***-*)","","","충무농장","20150331113610","I","2018-08-31 23:59:59.0","","379131.51745956","193255.278639183","가축사육업","","43","000","","육계",
"50","가축사육업","02_04_01_P","3400000","340000003320070007","20070521","","04","취소/말소/만료/정지/중지","0004","말소","","","","","","0","619961","부산광역시 기장군 정관면 예림리 ****-**번지","부산광역시 기장군 정관면 예림*길 **-*","","김근성 농장","20150108092929","I","2018-08-31 23:59:59.0","","400532.31210500000","205037.86516800000","가축사육업","","55","000","","돼지",
"51","가축사육업","02_04_01_P","3400000","340000003320080001","20080115","","04","취소/말소/만료/정지/중지","0004","말소","","","","","721-9269","0","619872","부산광역시 기장군 철마면 이곡리 **번지","","","초영목장","20150108093226","I","2018-08-31 23:59:59.0","","","","가축사육업","","62","000","","젖소",
"52","가축사육업","02_04_01_P","3330000","333000003320140009","20140618","","04","취소/말소/만료/정지/중지","0004","말소","","","","","","","612034","","부산광역시 해운대구 장산로 ***-*** (우동)","612823","전우양 농장","20220303145202","U","2022-03-05 02:40:00.0","","397542.036817564","191038.842432061","가축사육업","","14","000","0","육계",
"53","가축사육업","02_04_01_P","3400000","340000003320130010","20130227","","04","취소/말소/만료/정지/중지","0004","말소","","","","","","","619871","부산광역시 기장군 철마면 안평리 ***번지","","","황석주 농장","20180131194244","I","2018-08-31 23:59:59.0","","397877.978557894","194651.506789508","가축사육업","","95","000","","돼지",
"54","가축사육업","02_04_01_P","3400000","340000003320190001","20190123","","01","영업/정상","0000","정상","","","","","","","","부산광역시 기장군 일광면 원리 ***번지","","","준승축산","20190123092332","I","2019-01-25 02:21:00.0","","403312.622608358","202607.202814744","가축사육업","","161","000","","한우",
"55","가축사육업","02_04_01_P","3400000","340000003320190002","20190501","","01","영업/정상","0000","정상","","","","","","","","부산광역시 기장군 철마면 안평리 ***번지","부산광역시 기장군 철마면 반송로 ****-**","46051","송지축산","20200107173111","U","2020-01-09 02:40:00.0","","398334.721833591","195858.277813453","가축사육업","","162","000","","한우",
"56","가축사육업","02_04_01_P","3400000","340000003320150003","20150608","","01","영업/정상","0000","정상","","","","","","","619903","부산광역시 기장군 기장읍 대라리 산 **-*번지","부산광역시 기장군 기장읍 안평로**번가길 ***-**","46068","채원 농장","20150609143246","I","2018-08-31 23:59:59.0","","399292.006687526","195140.742765072","가축사육업","","152","000","","육계",
"57","가축사육업","02_04_01_P","3400000","340000003320160001","20160524","","01","영업/정상","0000","정상","","","","","","","46002","부산광역시 기장군 철마면 임기리 ***번지","부산광역시 기장군 철마면 임기*길 *-*","46002","김두줄농장","20160524082842","I","2018-08-31 23:59:59.0","","392901.169749053","204282.161702497","가축사육업","","153","000","","한우",
"58","가축사육업","02_04_01_P","3400000","340000003320170001","20170327","","01","영업/정상","0000","정상","","","","","","","","부산광역시 기장군 장안읍 덕선리 ***","","","황보농장","20210806140158","U","2021-08-08 02:40:00.0","","402765.9642452","205943.385316815","가축사육업","","154","000","0","한우",
"59","가축사육업","02_04_01_P","3400000","340000003320170002","20170925","","01","영업/정상","0000","정상","","","","","","","","부산광역시 기장군 장안읍 오리 ***-*번지","","","강원농장","20191002092927","U","2019-10-04 02:40:00.0","","406946.906830735","207960.376838926","가축사육업","","155","000","","육계",
"60","가축사육업","02_04_01_P","3400000","340000003320170003","20171115","","01","영업/정상","0000","정상","","","","","","","","부산광역시 기장군 장안읍 덕선리 **","","","이종태 농장","20210419132106","U","2021-04-21 02:40:00.0","","402823.243689541","205942.296607407","가축사육업","","156","000","","한우",
"61","가축사육업","02_04_01_P","3400000","340000003320180001","20180209","","01","영업/정상","0000","정상","","","","","","","619953","부산광역시 기장군 장안읍 좌천리 **번지","","","일이농원","20180209170343","I","2018-08-31 23:59:59.0","","404257.083214519","203425.457734724","가축사육업","","157","000","","육계",
"62","가축사육업","02_04_01_P","3400000","340000003320180002","20180212","","01","영업/정상","0000","정상","","","","","","","","부산광역시 기장군 철마면 안평리 ***-*번지","","","성지농원","20180212172704","I","2018-08-31 23:59:59.0","","398282.211503276","194637.745913119","가축사육업","","158","000","","한우",
"63","가축사육업","02_04_01_P","3400000","340000003320180003","20180222","","01","영업/정상","0000","정상","","","","","","","","부산광역시 기장군 장안읍 덕선리 산 **번지","부산광역시 기장군 장안읍 선암길 **-***","46029","장안농장","20180731092519","I","2018-08-31 23:59:59.0","","402433.430068407","206737.288859576","가축사육업","","159","L00","","육계",
"64","가축사육업","02_04_01_P","3400000","340000003320180004","20180222","","01","영업/정상","0000","정상","","","","","","","","부산광역시 기장군 장안읍 기룡리 **번지","부산광역시 기장군 장안읍 한골길 ***","46031","이동수 농장","20180222190215","I","2018-08-31 23:59:59.0","","405580.34677801","208766.009748261","가축사육업","","160","000","","육계",
"65","가축사육업","02_04_01_P","3400000","340000003320130029","20131128","","01","영업/정상","0000","정상","","","","","051-727-8040","","619952","부산광역시 기장군 장안읍 반룡리 ***번지","","","손택천 농장","20131128140621","I","2018-08-31 23:59:59.0","","405884.633051377","207520.135862947","가축사육업","","114","000","","산양",
"66","가축사육업","02_04_01_P","3400000","340000003320130031","20131128","","01","영업/정상","0000","정상","","","","","","","","부산광역시 기장군 일광면 원리 ***-*번지","부산광역시 기장군 일광면 기장대로 ****","46047","박근수 농장","20200206165915","U","2020-02-08 02:40:00.0","","403527.560985935","202746.792639776","가축사육업","","116","000","","한우",
"67","가축사육업","02_04_01_P","3400000","340000003320130032","20131128","","01","영업/정상","0000","정상","","","","","","","619962","부산광역시 기장군 정관면 월평리 ***-*번지","부산광역시 기장군 정관면 월평*길 **-*","46000","김일규 농장","20131128155135","I","2018-08-31 23:59:59.0","","394259.73982700000","209454.11755700000","가축사육업","","117","000","","한우",
"68","가축사육업","02_04_01_P","3400000","340000003320130033","20131128","","01","영업/정상","0000","정상","","","","","","","619872","부산광역시 기장군 철마면 연구리 ***-*번지","","","송성근 농장","20131128155359","I","2018-08-31 23:59:59.0","","396937.35251732","199536.971014993","가축사육업","","118","000","","한우",
"69","가축사육업","02_04_01_P","3400000","340000003320140013","20140418","","01","영업/정상","0000","정상","","","","","","","619951","부산광역시 기장군 장안읍 명례리 ***번지","부산광역시 기장군 장안읍 신명길 **-**","46030","명례신명농장","20140418102109","I","2018-08-31 23:59:59.0","","405246.753522546","211622.077291642","가축사육업","","138","000","","한우",
"70","가축사육업","02_04_01_P","3400000","340000003320130034","20131128","","01","영업/정상","0000","정상","","","","","","","619872","부산광역시 기장군 철마면 이곡리 ***번지","","","바보농장","20131128155708","I","2018-08-31 23:59:59.0","","398132.558149813","199874.03285901","가축사육업","","119","000","","산양",
"71","가축사육업","02_04_01_P","3400000","340000003320130036","20131128","","01","영업/정상","0000","정상","","","","","","","619872","부산광역시 기장군 철마면 이곡리 ***번지","","","이종우 농장","20131128160355","I","2018-08-31 23:59:59.0","","398314.165896999","199711.178661433","가축사육업","","121","000","","한우",
"72","가축사육업","02_04_01_P","3400000","340000003320130037","20131128","","01","영업/정상","0000","정상","","","","","","","619951","부산광역시 기장군 장안읍 명례리 ***-*번지","부산광역시 기장군 장안읍 신명길 **","46030","김재덕 농장","20131128160654","I","2018-08-31 23:59:59.0","","405261.54076874","211672.801984107","가축사육업","","122","000","","한우",
"73","가축사육업","02_04_01_P","3400000","340000003320140012","20140418","","01","영업/정상","0000","정상","","","","","","","619951","부산광역시 기장군 장안읍 명례리 ***-*번지","부산광역시 기장군 장안읍 협동로 ***","46028","변해옥 농장","20140418101835","I","2018-08-31 23:59:59.0","","404444.080114163","210937.039943032","가축사육업","","137","000","","한우",
"74","가축사육업","02_04_01_P","3400000","340000003320140002","20140418","","01","영업/정상","0000","정상","","","","","051-721-6601","","619871","부산광역시 기장군 철마면 안평리 ***-*번지","부산광역시 기장군 철마면 안평로**번길 **-**","46051","장경연 농장","20140418092358","I","2018-08-31 23:59:59.0","","398128.424478063","195343.641130742","가축사육업","","127","000","","한우",
"75","가축사육업","02_04_01_P","3400000","340000003320140005","20140418","","01","영업/정상","0000","정상","","","","","","","619901","부산광역시 기장군 기장읍 만화리 **-*번지","부산광역시 기장군 기장읍 동서길 ***","46052","이정호 농장","20140418095935","I","2018-08-31 23:59:59.0","","400234.442212209","197980.199848731","가축사육업","","130","000","","산양",
"76","가축사육업","02_04_01_P","3400000","340000003320140017","20140418","","01","영업/정상","0000","정상","","","","","","","619871","부산광역시 기장군 철마면 안평리 ***-*번지","부산광역시 기장군 철마면 안평로**번길 **-*","46051","송봉완 농장","20140418102602","I","2018-08-31 23:59:59.0","","398044.125776233","195208.656328194","가축사육업","","142","000","","한우",
"77","가축사육업","02_04_01_P","3400000","340000003320140019","20140418","","01","영업/정상","0000","정상","","","","","","","619872","부산광역시 기장군 철마면 와여리 ***번지","부산광역시 기장군 철마면 장전*길 **","46049","양수주 농장","20200102113047","U","2020-01-04 02:40:00.0","","394701.769071125","200713.462680278","가축사육업","","144","000","","한우",
"78","가축사육업","02_04_01_P","3400000","340000003320140020","20140418","","01","영업/정상","0000","정상","","","","","","","619951","부산광역시 기장군 장안읍 오리 **-**번지","","","정진성농장","20140418103146","I","2018-08-31 23:59:59.0","","","","가축사육업","","145","000","","사슴",
"79","가축사육업","02_04_01_P","3400000","340000003320140023","20140716","","01","영업/정상","0000","정상","","","","","","","619951","부산광역시 기장군 장안읍 명례리 ***-*","부산광역시 기장군 장안읍 신명길 **-**","46030","풍림농원","20200702183357","U","2020-07-04 02:40:00.0","","405335.428512862","211723.12916194","가축사육업","","148","000","","한우",
"80","가축사육업","02_04_01_P","3400000","340000003320150001","20150410","","01","영업/정상","0000","정상","","","","","","","619871","부산광역시 기장군 철마면 고촌리 산 **-*번지","","","이소량 농장","20150410092047","I","2018-08-31 23:59:59.0","","397067.70307558","196325.422382253","가축사육업","","150","000","","한우",
"81","가축사육업","02_04_01_P","3360000","336000003320190002","20191202","","01","영업/정상","0000","정상","","","","","","","","부산광역시 강서구 죽동동 **-*번지","부산광역시 강서구 죽동길***번길 ***-** (죽동동)","46708","가락농장","20200103094149","U","2020-01-05 02:40:00.0","","371687.159556938","191623.169286636","가축사육업","","108","000","","육계",
"82","가축사육업","02_04_01_P","3360000","336000003320190001","20191111","","01","영업/정상","0000","정상","","","","","","","","부산광역시 강서구 봉림동 ***-**번지","부산광역시 강서구 해포*길 **-* (봉림동)","46709","알개섬 농장","20191111154933","I","2019-11-13 00:23:24.0","","372542.519927253","186403.645793463","가축사육업","","107","000","","한우",
"83","가축사육업","02_04_01_P","3360000","336000003320220001","20220128","","01","영업/정상","0000","정상","","","","","","","","부산광역시 강서구 봉림동 ***-*","부산광역시 강서구 봉림길 ** (봉림동)","46709","강병식 농장","20220128120308","I","2022-01-30 00:22:49.0","","372658.335511899","187357.004332081","가축사육업","","114","000","0","한우",
"84","가축사육업","02_04_01_P","3350000","335000003320080011","20080624","","01","영업/정상","0000","정상","","","","","","0","609420","부산광역시 금정구 금성동 산 **-*번지","부산광역시 금정구 땅곡길 *** (금성동)","","금성목장","20170201191351","I","2018-08-31 23:59:59.0","","386516.266379567","196808.842640052","가축사육업","","12","000","","한우",
"85","가축사육업","02_04_01_P","3350000","335000003320080013","20080624","","01","영업/정상","0000","정상","","","","","","0","609420","부산광역시 금정구 금성동 ***번지","부산광역시 금정구 죽전*길 ** (금성동)","","김정석","20170201191458","I","2018-08-31 23:59:59.0","","387079.588070205","196897.163140678","가축사육업","","14","000","","젖소",
"86","가축사육업","02_04_01_P","3360000","336000003320050011","20050422","","01","영업/정상","0000","정상","","","","","","0","618141","부산광역시 강서구 대저*동 ****-**","부산광역시 강서구 평강로***번길 ** (대저*동)","","세경축산","20210524093127","U","2021-05-26 02:40:00.0","","377374.515041019","193273.806617049","가축사육업","","14","000","","육계",
"87","가축사육업","02_04_01_P","3330000","333000003320140007","20140618","","01","영업/정상","0000","정상","","","","","","","612861","","부산광역시 해운대구 좌동순환로**번길 **-* (우동)","612818","대성농장","20220307112829","U","2022-03-09 02:40:00.0","","","","가축사육업","","12","000","0","육계",
"88","가축사육업","02_04_01_P","3350000","335000003320080002","20080624","","01","영업/정상","0000","정상","","","","","","0","609420","부산광역시 금정구 금성동 ****번지","부산광역시 금정구 공해*길 ** (금성동)","","박병조","20170201191427","I","2018-08-31 23:59:59.0","","387179.954673229","195499.172108245","가축사육업","","3","000","","한우",
"89","가축사육업","02_04_01_P","3400000","340000003320130014","20130607","","01","영업/정상","0000","정상","","","","","","","619953","부산광역시 기장군 장안읍 덕선리 ***","부산광역시 기장군 장안읍 선암길 **-**","46029","서남농장","20210224170714","U","2021-02-26 02:40:00.0","","403031.344441611","206150.073067224","가축사육업","","99","000","","산양",
"90","가축사육업","02_04_01_P","3400000","340000003320130016","20131128","","01","영업/정상","0000","정상","","","","","","","619953","부산광역시 기장군 장안읍 좌동리 ***번지","","","신흥노 농장","20131128112212","I","2018-08-31 23:59:59.0","","404104.741165718","204554.393111825","가축사육업","","101","000","","한우",
"91","가축사육업","02_04_01_P","3400000","340000003320130017","20131128","","01","영업/정상","0000","정상","","","","","","","619953","부산광역시 기장군 장안읍 용소리 ***-*번지","","","김덕규 농장","20131128113924","I","2018-08-31 23:59:59.0","","403924.647372572","207405.013607424","가축사육업","","102","000","","한우",
"92","가축사육업","02_04_01_P","3400000","340000003320130026","20131128","","01","영업/정상","0000","정상","","","","","051-508-4785","","619962","부산광역시 기장군 정관읍 월평리 ***-*번지","부산광역시 기장군 정관읍 월평*길 **-*","46000","김진득 농장","20180125172533","I","2018-08-31 23:59:59.0","","394114.664250923","209306.006830088","가축사육업","","111","000","","한우",
"93","가축사육업","02_04_01_P","3400000","340000003320080004","20080418","","01","영업/정상","0000","정상","","","","","","0","619871","부산광역시 기장군 철마면 안평리 ***번지","부산광역시 기장군 철마면 안평로 **","","송대용농장","20080418091457","I","2018-08-31 23:59:59.0","","397928.508317774","194905.068636471","가축사육업","","65","000","","한우",
"94","가축사육업","02_04_01_P","3400000","340000003320080008","20080811","","01","영업/정상","0000","정상","","","","","","0","619873","부산광역시 기장군 철마면 송정리 **번지","부산광역시 기장군 철마면 입석길 **-**","","차정희농장","20080811135910","I","2018-08-31 23:59:59.0","","392679.143713184","203140.035404515","가축사육업","","69","000","","한우",
"95","가축사육업","02_04_01_P","3400000","340000003320080009","20080811","","01","영업/정상","0000","정상","","","","","","0","619872","부산광역시 기장군 철마면 연구리 ***번지","","","오인석농장","20080811140435","I","2018-08-31 23:59:59.0","","","","가축사육업","","70","000","","한우",
"96","가축사육업","02_04_01_P","3400000","340000003320080010","20080923","","01","영업/정상","0000","정상","","","","","","0","619951","부산광역시 기장군 장안읍 명례리 ***-*번지","부산광역시 기장군 장안읍 신명길 **-**","","김천수농장","20080923132602","I","2018-08-31 23:59:59.0","","405335.428512862","211723.12916194","가축사육업","","71","000","","한우",
"97","가축사육업","02_04_01_P","3400000","340000003320090001","20090203","","01","영업/정상","0000","정상","","","","","","0","619872","부산광역시 기장군 철마면 웅천리 ***-*번지","부산광역시 기장군 철마면 중리*길 **-*","","문계훈농장","20090203173052","I","2018-08-31 23:59:59.0","","397163.054455188","201220.598150664","가축사육업","","72","000","","한우",
"98","가축사육업","02_04_01_P","3400000","340000003320130022","20131128","","01","영업/정상","0000","정상","","","","","","","619872","부산광역시 기장군 철마면 웅천리 ***번지","","","문길원 농장","20140729092003","I","2018-08-31 23:59:59.0","","397421.672579057","201912.942391533","가축사육업","","107","000","","한우",
"99","가축사육업","02_04_01_P","3400000","340000003320050005","20050524","","01","영업/정상","0000","정상","","","","","","0","619953","부산광역시 기장군 장안읍 용소리 ***","부산광역시 기장군 장안읍 기장대로 ****-***","","태백축산","20211029151810","U","2021-10-31 02:40:00.0","","403566.532155077","206628.539691546","가축사육업","","5","000","0","돼지",
"100","가축사육업","02_04_01_P","3400000","340000003320050006","20050524","","01","영업/정상","0000","정상","","","","","727-1342","0","619911","부산광역시 기장군 일광면 문중리 ***번지","부산광역시 기장군 일광면 박영준길 **-**","","대화진목장","20071026135933","I","2018-08-31 23:59:59.0","","404601.607529557","202532.006242533","가축사육업","","6","000","","한우",
"101","가축사육업","02_04_01_P","3400000","340000003320050007","20050524","","01","영업/정상","0000","정상","","","","","727-0586","0","619911","부산광역시 기장군 일광면 문동리 ***번지","","","상훈축산","20150625105452","I","2018-08-31 23:59:59.0","","","","가축사육업","","7","000","","한우",
"102","가축사육업","02_04_01_P","3330000","333000003320120001","20120201","","01","영업/정상","0000","정상","","","","","531-0751","","612080","부산광역시 해운대구 석대동 산 **-*번지","부산광역시 해운대구 반송로***번길 ** (석대동)","48001","현정원 농장","20140615165859","I","2018-08-31 23:59:59.0","","395087.272068723","193560.618164728","가축사육업","","5","000","","돼지",
"103","가축사육업","02_04_01_P","3330000","333000003320140001","20140615","","01","영업/정상","0000","정상","","","","","","","612030","부산광역시 해운대구 좌동 ***-***번지","부산광역시 해운대구 장산로 ***-*** (좌동)","48066","녹차농원","20200428113237","U","2020-04-30 02:40:00.0","","396712.510265819","191520.967067694","가축사육업","","6","000","","육계",
"104","가축사육업","02_04_01_P","3330000","333000003320140004","20140618","","01","영업/정상","0000","정상","","","","","","","612034","","부산광역시 해운대구 장산로 ***-*** (좌동)","48066","산수정","20200428113528","U","2020-04-30 02:40:00.0","","397576.480103177","190956.059874822","가축사육업","","9","000","","육계",
"105","가축사육업","02_04_01_P","3330000","333000003320140005","20140618","","01","영업/정상","0000","정상","","","","","","","612030","","부산광역시 해운대구 장산로 ***-*** (좌동)","48066","만물농장","20140618144241","I","2018-08-31 23:59:59.0","","397772.567343613","191105.448883628","가축사육업","","10","000","","오리",
"106","가축사육업","02_04_01_P","3330000","333000003320140012","20140702","","01","영업/정상","0000","정상","","","","","","","612030","","부산광역시 해운대구 장산로 ***-*** (우동)","612823","김종현 농장","20220216112606","U","2022-02-18 02:40:00.0","","396755.419423249","191711.426456971","가축사육업","","17","000","0","육계",
"107","가축사육업","02_04_01_P","3400000","340000003320110002","20110324","","01","영업/정상","0000","정상","","","","","","0","619951","부산광역시 기장군 장안읍 오리 산 **-*번지","부산광역시 기장군 장안읍 대룡*길 **","","구본조 농장","20110324095014","I","2018-08-31 23:59:59.0","","406080.594458643","210286.675087885","가축사육업","","80","000","","한우",
"108","가축사육업","02_04_01_P","3400000","340000003320050002","20050524","","01","영업/정상","0000","정상","","","","","723-2123","0","619953","부산광역시 기장군 장안읍 용소리 ***","부산광역시 기장군 장안읍 기장대로 ****-***","46029","박실신약 제2농장","20220418140630","U","2022-04-20 02:40:00.0","","403647.403692196","206691.762383626","가축사육업","","2","000","0","오리",
"109","가축사육업","02_04_01_P","3400000","340000003320050003","20050524","","01","영업/정상","0000","정상","","","","","","0","619902","부산광역시 기장군 기장읍 내리 ***-*번지","부산광역시 기장군 기장읍 백동길 **","","내리농장","20080220102900","I","2018-08-31 23:59:59.0","","400521.304491288","191062.240655313","가축사육업","","3","000","","한우",
"110","가축사육업","02_04_01_P","3400000","340000003320120002","20120321","","01","영업/정상","0000","정상","","","","","","","619953","부산광역시 기장군 장안읍 좌동리 **-*번지 외 *필지","","","청솔원","20120321094521","I","2018-08-31 23:59:59.0","","","","가축사육업","","83","000","","육계",
"111","가축사육업","02_04_01_P","3400000","340000003320110001","20110303","","01","영업/정상","0000","정상","","","","","","0","619951","부산광역시 기장군 장안읍 오리 ***번지","","","이옥남 농장","20131228113632","I","2018-08-31 23:59:59.0","","405718.326351024","209907.257551448","가축사육업","","79","000","","한우",
"112","가축사육업","02_04_01_P","3400000","340000003320110003","20111031","","01","영업/정상","0000","정상","","","","","051-722-4663","","619871","부산광역시 기장군 철마면 고촌리 ***번지","부산광역시 기장군 철마면 사등길 **","46051","애바다 농장","20191217092653","U","2019-12-19 02:40:00.0","","396570.704986449","196040.495846052","가축사육업","","81","000","","육우",
"113","가축사육업","02_04_01_P","3400000","340000003320050025","20050524","","01","영업/정상","0000","정상","","","","","728-4727","0","619961","부산광역시 기장군 정관면 달산리 산 **번지","부산광역시 기장군 정관면 산단*로 **-**","","소정목장","20150625105544","I","2018-08-31 23:59:59.0","","398550.51775900000","203878.37129900000","가축사육업","","25","000","","한우",
"114","가축사육업","02_04_01_P","3400000","340000003320050028","20050524","","01","영업/정상","0000","정상","","","","","","0","619951","부산광역시 기장군 장안읍 명례리 ***-*번지","부산광역시 기장군 장안읍 신명길 **","","태호농장","20050524164026","I","2018-08-31 23:59:59.0","","405194.310720527","211609.800859166","가축사육업","","28","000","","한우",
"115","가축사육업","02_04_01_P","3400000","340000003320130004","20130220","","01","영업/정상","0000","정상","","","","","","","619913","부산광역시 기장군 일광면 청광리 산 **-*번지","","46047","삼미축산","20180703101657","I","2018-08-31 23:59:59.0","","402216.431320971","202073.420625202","가축사육업","","89","000","","한우",
"116","가축사육업","02_04_01_P","3400000","340000003320120004","20120817","","01","영업/정상","0000","정상","","","","","","","619872","부산광역시 기장군 철마면 와여리 ***번지","","","종순 한우","20130304132441","I","2018-08-31 23:59:59.0","","394734.499472613","200689.762717629","가축사육업","","85","000","","한우",
"117","가축사육업","02_04_01_P","3400000","340000003320130007","20130220","","01","영업/정상","0000","정상","","","","","","","619952","부산광역시 기장군 장안읍 반룡리 **번지","","","세쌍둥이 농장","20200323180715","U","2020-03-25 02:40:00.0","","406420.285443269","206624.37868706","가축사육업","","92","000","","육계",
"118","가축사육업","02_04_01_P","3400000","340000003320050044","20051128","","01","영업/정상","0000","정상","","","","","721-0719","0","619871","부산광역시 기장군 철마면 안평리 ***-*번지","부산광역시 기장군 철마면 안평로**번가길 **","","솔잎목장","20071024095758","I","2018-08-31 23:59:59.0","","398203.424870013","195338.885221404","가축사육업","","44","000","","젖소",
"119","가축사육업","02_04_01_P","3400000","340000003320050046","20051213","","01","영업/정상","0000","정상","","","","","727-3525","0","619951","부산광역시 기장군 장안읍 명례리 ***번지","부산광역시 기장군 장안읍 못안길 ***","","박정술농장","20130219113305","I","2018-08-31 23:59:59.0","","405509.143561508","211719.103603345","가축사육업","","46","000","","한우",
"120","가축사육업","02_04_01_P","3400000","340000003320050047","20051222","","01","영업/정상","0000","정상","","","","","721-6085","0","619903","부산광역시 기장군 기장읍 대라리 산 **-*   번지","","","한울농장","20091211114022","I","2018-08-31 23:59:59.0","","","","가축사육업","","47","000","","돼지",
"121","가축사육업","02_04_01_P","3400000","340000003320050048","20051227","","01","영업/정상","0000","정상","","","","","721-5379","0","619871","부산광역시 기장군 철마면 안평리 **","부산광역시 기장군 철마면 안평로**번가길 **","","박종섭농장","20210224164306","U","2021-02-26 02:40:00.0","","398672.849475183","194993.344005001","가축사육업","","48","000","","젖소",
"122","가축사육업","02_04_01_P","3400000","340000003320130002","20130220","","01","영업/정상","0000","정상","","","","","","","619911","부산광역시 기장군 장안읍 반룡리 ***-**","","","김봉호 농장","20210430093758","U","2021-05-02 02:40:00.0","","","","가축사육업","","87","000","","한우",
"123","가축사육업","02_04_01_P","3400000","340000003320130003","20130220","","01","영업/정상","0000","정상","","","","","","","619872","부산광역시 기장군 철마면 와여리 **-*번지","","","김정태 농장","20130220161305","I","2018-08-31 23:59:59.0","","394508.599314328","200864.820040636","가축사육업","","88","000","","한우",
"124","가축사육업","02_04_01_P","3400000","340000003320130006","20130220","","01","영업/정상","0000","정상","","","","","","","619872","부산광역시 기장군 철마면 이곡리 ***번지","","","이인수 농장","20130220162440","I","2018-08-31 23:59:59.0","","398357.876345633","199509.825501382","가축사육업","","91","000","","한우",
"125","가축사육업","02_04_01_P","3400000","340000003320130008","20130220","","01","영업/정상","0000","정상","","","","","","","619901","부산광역시 기장군 기장읍 만화리 ***-*번지","부산광역시 기장군 기장읍 동서길 **","46052","안장명 농장","20130220163830","I","2018-08-31 23:59:59.0","","400097.656411919","197428.150648494","가축사육업","","93","000","","한우",
"126","가축사육업","02_04_01_P","3400000","340000003320050032","20050524","","01","영업/정상","0000","정상","","","","","727-4873","0","619953","부산광역시 기장군 장안읍 덕선리 ***번지","부산광역시 기장군 장안읍 선암길 **-**","","유샘낙농","20050524165151","I","2018-08-31 23:59:59.0","","402481.638823288","206121.195352235","가축사육업","","32","000","","한우",
"127","가축사육업","02_04_01_P","3400000","340000003320050034","20070803","","01","영업/정상","0000","정상","","","","","727-1392","0","619951","부산광역시 기장군 장안읍 오리 **-*번지","부산광역시 기장군 장안읍 대룡*길 **-**","","대성목장","20150625110602","I","2018-08-31 23:59:59.0","","405982.46033018","210361.664907079","가축사육업","","34","000","","한우",
"128","가축사육업","02_04_01_P","3400000","340000003320050037","20050930","","01","영업/정상","0000","정상","","","","","051-723-2123","0","619903","부산광역시 기장군 기장읍 대라리 산 **번지","부산광역시 기장군 기장읍 안평로**번가길 ***","","베델농장","20150603150821","I","2018-08-31 23:59:59.0","","399649.880129538","194670.0009039","가축사육업","","37","000","","돼지",
"129","가축사육업","02_04_01_P","3400000","340000003320050038","20050930","","01","영업/정상","0000","정상","","","","","051-751-5700","0","619871","부산광역시 기장군 철마면 안평리 ***-**번지","부산광역시 기장군 철마면 안평로**번길 **-*","","은호목장","20050930131401","I","2018-08-31 23:59:59.0","","398052.063099416","195346.395142772","가축사육업","","38","000","","젖소",
"130","가축사육업","02_04_01_P","3400000","340000003320070006","20070509","","01","영업/정상","0000","정상","","","","","051-727-1673","0","619952","부산광역시 기장군 장안읍 반룡리 ***번지","부산광역시 기장군 장안읍 방모산*길 **-*","","방주목장","20130214153647","I","2018-08-31 23:59:59.0","","405046.97661969","206736.474479427","가축사육업","","54","000","","젖소",
"131","가축사육업","02_04_01_P","3400000","340000003320130018","20131128","","01","영업/정상","0000","정상","","","","","","","619962","부산광역시 기장군 정관면 병산리 ***-*번지","부산광역시 기장군 정관면 병산로 ***","","박호성 농장","20131128131651","I","2018-08-31 23:59:59.0","","398870.72756100000","208017.78307900000","가축사육업","","103","000","","한우",
"132","가축사육업","02_04_01_P","3360000","336000003320050009","20050415","","01","영업/정상","0000","정상","","","","","051-972-8638","0","618806","부산광역시 강서구 대저*동 ****-*번지","","","평강농장","20050415091710","I","2018-08-31 23:59:59.0","","376595.700997201","191483.112331424","가축사육업","","12","000","","한우",
"133","가축사육업","02_04_01_P","3340000","334000003320070004","20070829","","01","영업/정상","0000","정상","","","","","264-9327","0","604041","부산광역시 사하구 장림동 ***","부산광역시 사하구 하신중앙로*번길 **-* (장림동)","49478","초원축산","20220310111817","U","2022-03-12 02:40:00.0","","378481.142782943","176979.941063897","가축사육업","","10","000","0","돼지",
"134","가축사육업","02_04_01_P","3360000","336000003320140004","20140227","","01","영업/정상","0000","정상","","","","","","","618806","부산광역시 강서구 대저*동 ****-**","부산광역시 강서구 평강로***번가길 ** (대저*동)","46700","강동축산","20200819115810","U","2020-08-21 02:40:00.0","","377057.804508284","193419.690281129","가축사육업","","85","000","","돼지",
"135","가축사육업","02_04_01_P","3360000","336000003320140006","20140717","","01","영업/정상","0000","정상","","","","","","","618300","부산광역시 강서구 강동동 ****-*번지","","","금수목장","20200619172148","U","2020-06-21 02:40:00.0","","373925.745073981","187224.634736667","가축사육업","","87","000","","육우",
"136","가축사육업","02_04_01_P","3360000","336000003320150001","20150305","","01","영업/정상","0000","정상","","","","","","","618320","부산광역시 강서구 죽동동 ***-*번지","부산광역시 강서구 봉죽길***번길 *** (죽동동)","46708","안홍태농장","20200623100717","U","2020-06-25 02:40:00.0","","","","가축사육업","","89","000","","한우",
"137","가축사육업","02_04_01_P","3360000","336000003320160001","20160107","","01","영업/정상","0000","정상","","","","","","","618350","부산광역시 강서구 봉림동 **-**","부산광역시 강서구 가락대로 ****-** (봉림동)","46708","봉림 닭 농장","20220126131316","U","2022-01-28 02:40:00.0","","373047.958770769","188656.015574272","가축사육업","","96","000","0","육계",
"138","가축사육업","02_04_01_P","3360000","336000003320160002","20160330","","01","영업/정상","0000","정상","","","","","","","618320","부산광역시 강서구 죽동동 ***","부산광역시 강서구 죽동길***번길 **-* (죽동동)","46708","금천농원","20200706104426","U","2020-07-08 02:40:00.0","","370666.341728019","190567.127498937","가축사육업","","97","000","","한우",
"139","가축사육업","02_04_01_P","3360000","336000003320160003","20160520","","01","영업/정상","0000","정상","","","","","","","618141","부산광역시 강서구 대저*동 ****-*번지","","","늘푸른농원","20200331155517","U","2020-04-02 02:40:00.0","","378759.314788045","191959.013930909","가축사육업","","98","000","","육계",
"140","가축사육업","02_04_01_P","3360000","336000003320160004","20160520","","01","영업/정상","0000","정상","","","","","","","618320","부산광역시 강서구 죽동동 ***번지","","","금천농장","20160520103205","I","2018-08-31 23:59:59.0","","370666.341728019","190567.127498937","가축사육업","","99","000","","한우",
"141","가축사육업","02_04_01_P","3360000","336000003320160006","20160714","","01","영업/정상","0000","정상","","","","","","","","부산광역시 강서구 대저*동 ****번지","","","청솔","20200331155600","U","2020-04-02 02:40:00.0","","378760.018991628","191939.002103632","가축사육업","","101","000","","육계",
"142","가축사육업","02_04_01_P","3360000","336000003320050055","20051201","","01","영업/정상","0000","정상","","","","","","0","618804","부산광역시 강서구 대저*동 ***-*번지","","","화해농장","20200619172118","U","2020-06-21 02:40:00.0","","375520.149529832","188061.473296472","가축사육업","","58","000","","한우",
"143","가축사육업","02_04_01_P","3360000","336000003320170003","20170724","","01","영업/정상","0000","정상","","","","","","","","부산광역시 강서구 강동동 ***-**번지","부산광역시 강서구 제도로****번길 ***-* (강동동)","46706","현아네 농장","20200331155427","U","2020-04-02 02:40:00.0","","375163.537458598","192131.267874247","가축사육업","","104","000","","육계",
"144","가축사육업","02_04_01_P","3360000","336000003320180001","20180226","","01","영업/정상","0000","정상","","","","","","","","부산광역시 강서구 동선동 **-*번지","","","한아름 사슴 농장","20180226143450","I","2018-08-31 23:59:59.0","","367594.592942875","173271.637829706","가축사육업","","105","000","","사슴",
"145","가축사육업","02_04_01_P","3360000","336000003320050001","20050118","","01","영업/정상","0000","정상","","","","","051-973-3140","0","618804","부산광역시 강서구 대저*동 ***-*","","","울만한우농장","20220322160055","U","2022-03-24 02:40:00.0","","374820.834439346","187981.174534467","가축사육업","","4","000","0","한우",
"146","가축사육업","02_04_01_P","3360000","336000003320050016","20050603","","01","영업/정상","0000","정상","","","","","","0","618806","부산광역시 강서구 대저*동 ****","부산광역시 강서구 대저중앙로**번길 ** (대저*동)","","구구농장","20220209171354","U","2022-02-11 02:40:00.0","","377667.455457566","192859.537068121","가축사육업","","19","000","0","육계",
"147","가축사육업","02_04_01_P","3350000","335000003320100001","20100317","","01","영업/정상","0000","정상","","","","","517-5248","0","609420","부산광역시 금정구 금성동 ***번지","부산광역시 금정구 동문로 ** (금성동)","","두레농산","20120126105858","I","2018-08-31 23:59:59.0","","387543.704345536","196267.819834875","가축사육업","","17","000","","육계",
"148","가축사육업","02_04_01_P","3350000","335000003320130001","20130605","","01","영업/정상","0000","정상","","","","","","","609420","부산광역시 금정구 금성동 ***번지","","","변재현","20130605145656","I","2018-08-31 23:59:59.0","","386875.468403414","195690.353725193","가축사육업","","18","000","","산양",
"149","가축사육업","02_04_01_P","3350000","335000003320130002","20130826","","01","영업/정상","0000","정상","","","","","","","609420","부산광역시 금정구 금성동 ***번지","부산광역시 금정구 산성로 *** (금성동)","46238","박봉규","20131209112159","I","2018-08-31 23:59:59.0","","387248.037913783","195576.056100394","가축사육업","","19","000","","한우",
"150","가축사육업","02_04_01_P","3400000","340000003320130012","20130227","","01","영업/정상","0000","정상","","","","","","","619871","부산광역시 기장군 철마면 고촌리 ***번지","부산광역시 기장군 철마면 사등길 **-***","46051","오삼농장","20150408090057","I","2018-08-31 23:59:59.0","","397043.521161432","196332.735598611","가축사육업","","97","000","","돼지",
"151","가축사육업","02_04_01_P","3360000","336000003320050015","20050530","","01","영업/정상","0000","정상","","","","","","0","618141","부산광역시 강서구 대저*동 ****-**번지","부산광역시 강서구 평강로***번가길 ** (대저*동)","","영동농장","20191227163027","U","2019-12-29 02:40:00.0","","377032.363902081","193258.005239337","가축사육업","","18","000","","돼지",
"152","가축사육업","02_04_01_P","3350000","335000003320080003","20080624","","01","영업/정상","0000","정상","","","","","","0","609420","부산광역시 금정구 금성동 ***번지","","","이준섭","20080624142847","I","2018-08-31 23:59:59.0","","387189.548925658","195568.840441605","가축사육업","","4","000","","한우",
"153","가축사육업","02_04_01_P","3350000","335000003320080004","20080624","","01","영업/정상","0000","정상","","","","","","0","609420","부산광역시 금정구 금성동 ***번지","","","박병혁","20080624131636","I","2018-08-31 23:59:59.0","","386946.108314736","195632.370542402","가축사육업","","5","000","","한우",
"154","가축사육업","02_04_01_P","3360000","336000003320050022","20050811","","01","영업/정상","0000","정상","","","","","","0","618806","부산광역시 강서구 대저*동 ****-*번지","부산광역시 강서구 평강로***번길 **-* (대저*동)","","수원농장","20191227163049","U","2019-12-29 02:40:00.0","","377123.733400232","193270.454590295","가축사육업","","25","000","","돼지",
"155","가축사육업","02_04_01_P","3360000","336000003320050057","20051201","","01","영업/정상","0000","정상","","","","","","0","618804","부산광역시 강서구 대저*동 ****번지","","","중앙농장","20151225173404","I","2018-08-31 23:59:59.0","","375770.815098823","186063.493038633","가축사육업","","60","000","","오리",
"156","가축사육업","02_04_01_P","3360000","336000003320050059","20051214","","01","영업/정상","0000","정상","","","","","051-973-1827","0","618802","부산광역시 강서구 강동동 ****-*번지","부산광역시 강서구 강동중곡*길 ** (강동동)","","중곡농장","20051214102612","I","2018-08-31 23:59:59.0","","374130.595408801","187187.356944732","가축사육업","","62","000","","한우",
"157","가축사육업","02_04_01_P","3360000","336000003320050063","20051219","","01","영업/정상","0000","정상","","","","","","0","618806","부산광역시 강서구 대저*동 ****-*","","","동원축산","20200819114555","U","2020-08-21 02:40:00.0","","377272.87161397","193282.592434134","가축사육업","","66","000","","돼지",
"158","가축사육업","02_04_01_P","3360000","336000003320070001","20071018","","01","영업/정상","0000","정상","","","","","","0","618804","부산광역시 강서구 대저*동 ***-**","부산광역시 강서구 울만로 ***-** (대저*동)","","등구농장","20210122132634","U","2021-01-24 02:40:00.0","","375733.755297045","187755.788493437","가축사육업","","69","000","","젖소",
"159","가축사육업","02_04_01_P","3360000","336000003320080002","20080826","","01","영업/정상","0000","정상","","","","","","0","618141","부산광역시 강서구 대저*동 ***-*번지","","","천석농장","20080826101445","I","2018-08-31 23:59:59.0","","380808.500619131","193676.463651356","가축사육업","","72","000","","육우",
"160","가축사육업","02_04_01_P","3360000","336000003320090002","20090703","","01","영업/정상","0000","정상","","","","","","0","618340","부산광역시 강서구 식만동 ***-**","부산광역시 강서구 식만로***번길 *** (식만동)","46707","은래 양돈장","20200716105423","U","2020-07-18 02:40:00.0","","372624.623885599","192009.276975507","가축사육업","","74","000","","돼지",
"161","가축사육업","02_04_01_P","3340000","334000003320070001","20070829","","01","영업/정상","0000","정상","","","","","263-3193","0","604041","부산광역시 사하구 장림동 ***-*","부산광역시 사하구 보덕포*길 *** (장림동)","49485","명진축산","20220310090954","U","2022-03-12 02:40:00.0","","379104.123533238","176440.383837265","가축사육업","","7","000","0","돼지",
"162","가축사육업","02_04_01_P","3360000","336000003320120001","20120730","","01","영업/정상","0000","정상","","","","","","","618802","부산광역시 강서구 강동동 ****-*번지","부산광역시 강서구 강동중곡*길 ***-* (강동동)","","장석목장","20200619172208","U","2020-06-21 02:40:00.0","","373911.049685724","187229.263481595","가축사육업","","76","000","","한우",
"163","가축사육업","02_04_01_P","3360000","336000003320050047","20051123","","01","영업/정상","0000","정상","","","","","","0","618804","부산광역시 강서구 강동동 ****-*번지","","","현구목장","20200615155808","U","2020-06-17 02:40:00.0","","374328.857536751","188061.542368873","가축사육업","","50","000","","젖소",
"164","가축사육업","02_04_01_P","3360000","336000003320050048","20051129","","01","영업/정상","0000","정상","","","","","051-972-4073","0","618804","부산광역시 강서구 대저*동 ***-**번지 외 *필지(대저*동 ***-**)","부산광역시 강서구 울만로 ** (대저*동,외 *필지(대저*동 ***-**))","","찬일목장","20150330175657","I","2018-08-31 23:59:59.0","","374708.138991278","187888.415622496","가축사육업","","51","000","","젖소",
"165","가축사육업","02_04_01_P","3360000","336000003320050051","20051201","","01","영업/정상","0000","정상","","","","","","0","618806","부산광역시 강서구 대저*동 ****-**번지 외*필지","","","유혜농장","20191227162835","U","2019-12-29 02:40:00.0","","","","가축사육업","","54","000","","돼지",
"166","가축사육업","02_04_01_P","3360000","336000003320050034","20051028","","01","영업/정상","0000","정상","","","","","","0","618141","부산광역시 강서구 대저*동 ***-**","부산광역시 강서구 대저중앙로***번가길 **-** (대저*동)","","거성축산","20210111095702","U","2021-01-13 02:40:00.0","","380649.736221776","193476.675857215","가축사육업","","37","000","","육계",
"167","가축사육업","02_04_01_P","3360000","336000003320050035","20051028","","01","영업/정상","0000","정상","","","","","051-972-5071","0","618220","","부산광역시 강서구 미음산단*로 *** (미음동)","46744","명동농장","20151225172418","I","2018-08-31 23:59:59.0","","369082.499088846","186359.941283489","가축사육업","","38","000","","한우",
"168","가축사육업","02_04_01_P","3360000","336000003320050036","20051028","","01","영업/정상","0000","정상","","","","","051-971-0905","0","618141","부산광역시 강서구 대저*동 ***-*번지","부산광역시 강서구 평강로***번길 *** (대저*동)","","보문농장","20170718141940","I","2018-08-31 23:59:59.0","","377930.8360351","193311.498426534","가축사육업","","39","000","","육계",
"169","가축사육업","02_04_01_P","3400000","340000003320070010","20071015","","01","영업/정상","0000","정상","","","","","727-2386","0","619951","부산광역시 기장군 장안읍 오리 산 **-**번지","부산광역시 기장군 장안읍 대룡*길 **","","장미농장","20071015184031","I","2018-08-31 23:59:59.0","","406227.942803002","210508.219355888","가축사육업","","58","000","","한우",
"170","가축사육업","02_04_01_P","3400000","340000003320070012","20071217","","01","영업/정상","0000","정상","","","","","","0","619912","부산광역시 기장군 일광면 화전리 ***-*","","","정골농장","20210723173156","U","2021-07-25 02:40:00.0","","402560.698780438","201439.436310802","가축사육업","","60","000","0","육계",
"171","가축사육업","02_04_01_P","3400000","340000003320070013","20071217","","01","영업/정상","0000","정상","","","","","","0","619951","부산광역시 기장군 장안읍 오리 **","부산광역시 기장군 장안읍 대룡*길 **-**","46030","오리농장","20220316111513","U","2022-03-18 02:40:00.0","","406101.191096043","210986.580120228","가축사육업","","61","000","0","한우",
"172","가축사육업","02_04_01_P","3400000","340000003320080002","20080226","","01","영업/정상","0000","정상","","","","","727-7065","0","619951","부산광역시 기장군 장안읍 월내리 **-*번지","","","월내농장","20101123102622","I","2018-08-31 23:59:59.0","","","","가축사육업","","63","000","","육계",
"173","가축사육업","02_04_01_P","3400000","340000003320080003","20080418","","01","영업/정상","0000","정상","","","","","721-5921","0","619871","부산광역시 기장군 철마면 안평리 ***-*번지","부산광역시 기장군 철마면 안평로**번길 **","","정귀득농장","20080424102223","I","2018-08-31 23:59:59.0","","398087.036442064","195266.944184837","가축사육업","","64","000","","젖소",
"174","가축사육업","02_04_01_P","3360000","336000003320200001","20200320","","01","영업/정상","0000","정상","","","","","","","","부산광역시 강서구 대저*동 ****","부산광역시 강서구 맥도강변길**번길 **-* (대저*동)","46723","늘푸른 농장","20201013101108","U","2020-10-15 02:40:00.0","","376377.089835461","182923.311142842","가축사육업","","109","000","","한우",
"175","가축사육업","02_04_01_P","3360000","336000003320200002","20200714","","01","영업/정상","0000","정상","","","","","","","","부산광역시 강서구 죽동동 ***-*","부산광역시 강서구 죽동길***번길 **-* (죽동동)","46708","금천영농","20200714103423","I","2020-07-16 00:23:16.0","","370675.694172846","190555.571904102","가축사육업","","110","000","","한우",
"176","가축사육업","02_04_01_P","3360000","336000003320210001","20210812","","01","영업/정상","0000","정상","","","","","","","","부산광역시 강서구 봉림동 ***-*","부산광역시 강서구 봉림길 ** (봉림동)","46709","부일농장","20210812154925","I","2021-08-14 00:22:50.0","","372658.335511899","187357.004332081","가축사육업","","112","000","0","한우",
"177","가축사육업","02_04_01_P","3360000","336000003320210002","20210914","","01","영업/정상","0000","정상","","","","","","","","부산광역시 강서구 강동동 ****-*","","","이영호 농장","20210914210533","I","2021-09-16 00:22:48.0","","374130.595408801","187187.356944732","가축사육업","","113","000","0","한우",
"178","가축사육업","02_04_01_P","3400000","340000003320210001","20210615","","01","영업/정상","0000","정상","","","","","","","","부산광역시 기장군 장안읍 용소리 ***","부산광역시 기장군 장안읍 기장대로 ****-***","46029","장안흑염소농장","20210615113032","I","2021-06-17 00:22:54.0","","403503.142270106","206850.210903343","가축사육업","","163","000","","염소",
"179","가축사육업","02_04_01_P","3360000","336000003320200003","20201015","","01","영업/정상","0000","정상","","","","","","","","부산광역시 강서구 봉림동 ***-*","부산광역시 강서구 봉림길**번길 ***(봉림동)","46709","중앙농장","20211123102442","U","2021-11-25 02:40:00.0","","372202.983204991","187102.0404994","가축사육업","","111","000","0","한우",
"180","가축사육업","02_04_01_P","3360000","336000003320180002","20181012","","01","영업/정상","0000","정상","","","","","","","","부산광역시 강서구 죽동동 **-*번지","부산광역시 강서구 식만로***번길 *** (죽동동)","46707","최성곤","20190830113300","U","2019-09-01 02:40:00.0","","372430.534926634","192045.018548459","가축사육업","","106","000","","한우",
"181","가축사육업","02_04_01_P","3400000","340000003320220001","20220610","","01","영업/정상","0000","정상","","","","","","","","부산광역시 기장군 장안읍 덕선리 ***-*","부산광역시 기장군 장안읍 선암길 **-**","46029","윤경농장","20220610164114","I","2022-06-12 00:22:30.0","","402475.723950422","206161.106993839","가축사육업","","164","000","0","한우",
"182","가축사육업","02_04_01_P","3400000","340000003320150002","20150605","","03","폐업","0002","폐업","20200122","","","","051-527-2123","","619903","부산광역시 기장군 기장읍 대라리 산 **번지","부산광역시 기장군 기장읍 안평로**번가길 ***","46068","시온농장","20200122113457","U","2020-01-24 02:40:00.0","","399649.880129538","194670.0009039","가축사육업","","151","000","","돼지",
"183","가축사육업","02_04_01_P","3400000","340000003320130030","20131128","","03","폐업","0002","폐업","20190806","","","","","","619872","부산광역시 기장군 철마면 이곡리 ***번지","부산광역시 기장군 철마면 이곡*길 **","46050","문영득 농장","20190819113757","U","2019-08-21 02:40:00.0","","398069.590021404","199560.693507297","가축사육업","","115","000","","한우",
"184","가축사육업","02_04_01_P","3400000","340000003320130035","20131128","","03","폐업","0002","폐업","20171019","","","","051-727-5813","","619913","부산광역시 기장군 일광면 원리 ***-*번지","부산광역시 기장군 일광면 원당*길 **-*","","이상진 농장","20171019110413","I","2018-08-31 23:59:59.0","","403793.685649578","203212.86676175","가축사육업","","120","000","","돼지",
"185","가축사육업","02_04_01_P","3400000","340000003320130038","20131128","","03","폐업","0002","폐업","20220126","","","","","","619871","부산광역시 기장군 철마면 안평리 ***-*","부산광역시 기장군 철마면 안평로**번길 **-**","46051","박길봉 농장","20220128114515","U","2022-01-30 02:40:00.0","","398244.22182611","195299.509397035","가축사육업","","123","000","0","한우",
"186","가축사육업","02_04_01_P","3400000","340000003320130039","20131128","","03","폐업","0002","폐업","20210118","","","","","","619902","부산광역시 기장군 기장읍 내리 ***-*","","","내리축산","20210118092042","U","2021-01-20 02:40:00.0","","400671.027691311","191248.453683161","가축사육업","","124","000","","한우",
"187","가축사육업","02_04_01_P","3400000","340000003320140007","20140418","","03","폐업","0002","폐업","20220126","","","","","","619912","부산광역시 기장군 일광면 화전리 ***-*","부산광역시 기장군 일광면 화전*길 **-*","46047","변응조 농장","20220128113504","U","2022-01-30 02:40:00.0","","402751.395454831","200342.657296671","가축사육업","","132","000","0","한우",
"188","가축사육업","02_04_01_P","3400000","340000003320140008","20140418","","03","폐업","0002","폐업","20220325","","","","","","619872","부산광역시 기장군 철마면 와여리 **-*","","","김화성농장","20220325145621","U","2022-03-27 02:40:00.0","","","","가축사육업","","133","000","0","한우",
"189","가축사육업","02_04_01_P","3400000","340000003320140009","20140418","","03","폐업","0002","폐업","20171024","","","","051-508-0573","","619962","부산광역시 기장군 정관면 두명리 **번지","부산광역시 기장군 정관면 두명*길 **-***","46001","김귀순 농장","20171024161204","I","2018-08-31 23:59:59.0","","395369.03358800000","207999.82325200000","가축사육업","","134","000","","한우",
"190","가축사육업","02_04_01_P","3400000","340000003320140010","20140418","","03","폐업","0002","폐업","20220128","","","","","","619902","부산광역시 기장군 기장읍 내리 ***","부산광역시 기장군 기장읍 내리길 ***","46076","윤은필농장","20220128135129","U","2022-01-30 02:40:00.0","","399278.087277896","193399.239372868","가축사육업","","135","000","0","육계",
"191","가축사육업","02_04_01_P","3400000","340000003320140011","20140418","","03","폐업","0002","폐업","20220117","","","","","","619962","부산광역시 기장군 정관면 병산리 ***","","","김윤도 농장","20220117140007","U","2022-01-19 02:40:00.0","","","","가축사육업","","136","000","0","산양",
"192","가축사육업","02_04_01_P","3400000","340000003320130040","20131128","","03","폐업","0002","폐업","20180207","","","","","","619871","부산광역시 기장군 철마면 안평리 ***-*번지","","","성지농원","20180207171252","I","2018-08-31 23:59:59.0","","398173.1852737","195048.538507974","가축사육업","","125","000","","한우",
"193","가축사육업","02_04_01_P","3400000","340000003320140003","20140418","","03","폐업","0002","폐업","20220128","","","","","","619902","부산광역시 기장군 기장읍 내리 ***","부산광역시 기장군 기장읍 내리길 ***","46076","이원중 농장","20220128133128","U","2022-01-30 02:40:00.0","","398664.492608177","193271.276491828","가축사육업","","128","000","0","육계",
"194","가축사육업","02_04_01_P","3400000","340000003320140004","20140418","","03","폐업","0002","폐업","20171113","","","","","","619951","부산광역시 기장군 장안읍 오리 산 ***번지","","","문진웅 농장","20171113171731","I","2018-08-31 23:59:59.0","","","","가축사육업","","129","000","","사슴",
"195","가축사육업","02_04_01_P","3400000","340000003320140006","20140418","","03","폐업","0002","폐업","20220325","","","","","","619872","부산광역시 기장군 철마면 와여리 **-*","","","김형수농장","20220325145725","U","2022-03-27 02:40:00.0","","394453.098820898","201305.139242449","가축사육업","","131","000","0","한우",
"196","가축사육업","02_04_01_P","3400000","340000003320140014","20140418","","03","폐업","0002","폐업","20180515","","","","","","619951","부산광역시 기장군 장안읍 장안리 ***번지","부산광역시 기장군 장안읍 하장안*길 **","46028","박정필농장","20180516154155","I","2018-08-31 23:59:59.0","","404472.19043258","209493.632972303","가축사육업","","139","000","","한우",
"197","가축사육업","02_04_01_P","3400000","340000003320140015","20140418","","03","폐업","0002","폐업","20220119","","","","","","619951","부산광역시 기장군 장안읍 기룡리 ***-*","부산광역시 기장군 장안읍 기룡*길 **","46028","김광재 농장","20220119173321","U","2022-01-21 02:40:00.0","","404532.446838306","208521.094771224","가축사육업","","140","000","0","한우",
"198","가축사육업","02_04_01_P","3400000","340000003320140016","20140418","","03","폐업","0002","폐업","20220325","","","","727-0941","","619951","부산광역시 기장군 장안읍 기룡리 **-**","","","이인규농장","20220325145549","U","2022-03-27 02:40:00.0","","","","가축사육업","","141","000","0","한우",
"199","가축사육업","02_04_01_P","3400000","340000003320140018","20140418","","03","폐업","0002","폐업","20211230","","","","721-1523","","619872","부산광역시 기장군 철마면 웅천리 ***-*","부산광역시 기장군 철마면 중리*길 **","46050","문병주농장","20211231090528","U","2022-01-02 02:40:00.0","","397102.821081479","201176.290948164","가축사육업","","143","000","0","한우",
"200","가축사육업","02_04_01_P","3400000","340000003320140021","20140418","","03","폐업","0002","폐업","20160408","","","","","","619872","부산광역시 기장군 철마면 장전리 **번지","부산광역시 기장군 철마면 대곡*길 **-**","46049","김임찬 농장","20160408181205","I","2018-08-31 23:59:59.0","","395497.395153016","198342.399326198","가축사육업","","146","000","","한우",
"201","가축사육업","02_04_01_P","3400000","340000003320140022","20140428","","03","폐업","0002","폐업","20161221","","","","","","619873","부산광역시 기장군 철마면 임기리 ***번지","","","김구성 농장","20161221214817","I","2018-08-31 23:59:59.0","","393221.129726007","205536.298486825","가축사육업","","147","000","","육계",
"202","가축사육업","02_04_01_P","3350000","335000003320080008","20080624","","03","폐업","0002","폐업","20190716","","","","","0","609420","부산광역시 금정구 금성동 ***번지","","","박성태","20190716163323","U","2019-07-18 02:40:00.0","","386824.896455945","195857.743121439","가축사육업","","9","000","","한우",
"203","가축사육업","02_04_01_P","3360000","336000003320050012","20050422","","03","폐업","0002","폐업","20150531","","","","051-973-5771","0","618141","부산광역시 강서구 대저*동 ***-*번지 외 *필지(대저*동 ***-*)","부산광역시 강서구 대저중앙로***번길 ** (대저*동,외 *필지(대저*동 ***-*))","","토종닭 농장","20151211103511","I","2018-08-31 23:59:59.0","","380449.651667128","192677.685642694","가축사육업","","15","000","","육계",
"204","가축사육업","02_04_01_P","3400000","340000003320130015","20130917","","03","폐업","0002","폐업","20160127","","","","","","619902","부산광역시 기장군 기장읍 석산리 **번지","","","김석곤 농장","20160128091549","I","2018-08-31 23:59:59.0","","401417.4707563","192610.394918345","가축사육업","","100","000","","한우",
"205","가축사육업","02_04_01_P","3400000","340000003320130024","20131128","","03","폐업","0002","폐업","20220526","","","","","","619953","부산광역시 기장군 장안읍 덕선리 ***-*","","","양윤남 목장","20220530142413","U","2022-06-01 02:40:00.0","","","","가축사육업","","109","000","0","한우",
"206","가축사육업","02_04_01_P","3400000","340000003320130025","20131128","","03","폐업","0002","폐업","20171113","","","","","","619951","부산광역시 기장군 장안읍 오리 산 **-*번지","부산광역시 기장군 장안읍 오리길 ***-**","","박춘옥 농장","20171113171853","I","2018-08-31 23:59:59.0","","407075.174158227","209013.649160638","가축사육업","","110","000","","사슴",
"207","가축사육업","02_04_01_P","3400000","340000003320130027","20131128","","03","폐업","0002","폐업","20150605","","","","","","619871","부산광역시 기장군 철마면 안평리 ***번지","부산광역시 기장군 철마면 안평로**번나길 **-*","46051","박일영 농장","20150626094538","I","2018-08-31 23:59:59.0","","398105.455976615","194994.599994448","가축사육업","","112","000","","한우",
"208","가축사육업","02_04_01_P","3400000","340000003320130028","20131128","","03","폐업","0002","폐업","20180503","","","","","","619951","부산광역시 기장군 장안읍 기룡리 ***번지","부산광역시 기장군 장안읍 기룡*길 **-*","46028","김정현 농장","20180503170528","I","2018-08-31 23:59:59.0","","404589.970679207","208501.305087779","가축사육업","","113","000","","한우",
"209","가축사육업","02_04_01_P","3400000","340000003320080005","20080611","","03","폐업","0002","폐업","20190424","","","","","0","619913","부산광역시 기장군 일광면 원리 ***번지","부산광역시 기장군 일광면 청원길 ***","","전철관농장","20190425102653","U","2019-04-27 02:40:00.0","","402796.648100722","202749.939004077","가축사육업","","66","000","","한우",
"210","가축사육업","02_04_01_P","3400000","340000003320080006","20080618","","03","폐업","0002","폐업","20220126","","","","722-2804","0","619871","부산광역시 기장군 철마면 안평리 ***","부산광역시 기장군 철마면 안평로**번가길 ***","","박길심농장","20220126182438","U","2022-01-28 02:40:00.0","","399105.684062582","194661.932034924","가축사육업","","67","000","0","한우",
"211","가축사육업","02_04_01_P","3400000","340000003320050004","20050524","","03","폐업","0002","폐업","20140128","","","","","0","619952","부산광역시 기장군 장안읍 반룡리 ***번지","부산광역시 기장군 장안읍 장안산단로 **-*","","청솔농원","20140128110412","I","2018-08-31 23:59:59.0","","405230.609505976","206403.137130147","가축사육업","","4","000","","돼지",
"212","가축사육업","02_04_01_P","3400000","340000003320130020","20131128","","03","폐업","0002","폐업","20180919","","","","","","619901","부산광역시 기장군 기장읍 만화리 산 **번지","부산광역시 기장군 기장읍 배산로**번길 **","","대원농장","20180920173331","U","2018-09-20 23:59:59.0","","400680.913113793","197722.642156652","가축사육업","","105","000","","산양",
"213","가축사육업","02_04_01_P","3400000","340000003320050014","20050524","","03","폐업","0002","폐업","20141217","","","","728-4663","0","619963","부산광역시 기장군 정관면 매학리 산 **-*번지","부산광역시 기장군 정관면 매곡길 **","","매곡농장","20150805102908","I","2018-08-31 23:59:59.0","","397379.95065900000","204466.99086500000","가축사육업","","14","000","","종계/산란계",
"214","가축사육업","02_04_01_P","3400000","340000003320050015","20050524","","03","폐업","0002","폐업","20141126","","","","728-3293","0","619963","부산광역시 기장군 정관면 매학리 ***-**번지","부산광역시 기장군 정관면 매곡길 **","","매학농장","20141126150456","I","2018-08-31 23:59:59.0","","397477.97355800000","204499.17965800000","가축사육업","","15","000","","육계",
"215","가축사육업","02_04_01_P","3400000","340000003320130023","20131128","","03","폐업","0002","폐업","20160331","","","","","","619912","부산광역시 기장군 일광면 용천리 산 ***-**번지","부산광역시 기장군 일광면 화용길 ***-**","46046","이석규 농장","20160331132311","I","2018-08-31 23:59:59.0","","399765.850158442","201295.276688585","가축사육업","","108","000","","한우",
"216","가축사육업","02_04_01_P","3400000","340000003320050008","20050524","","03","폐업","0002","폐업","20070905","","","","721-5507","0","619912","부산광역시 기장군 일광면 횡계리 ***번지","","","횡계농장","20140915181733","I","2018-08-31 23:59:59.0","","","","가축사육업","","8","000","","한우",
"217","가축사육업","02_04_01_P","3400000","340000003320050011","20050524","","03","폐업","0002","폐업","20080902","","","","722-0284","0","619912","부산광역시 기장군 일광면 용천리 **번지","부산광역시 기장군 일광면 화용길 ***-**","","용천농장","20140915181924","I","2018-08-31 23:59:59.0","","401701.904057544","200856.945788811","가축사육업","","11","000","","육계",
"218","가축사육업","02_04_01_P","3400000","340000003320050013","20050524","","03","폐업","0002","폐업","20150701","","","","","0","619963","부산광역시 기장군 정관면 매학리 산 **번지","","","매학농장","20150713175448","I","2018-08-31 23:59:59.0","","","","가축사육업","","13","000","","한우",
"219","가축사육업","02_04_01_P","3400000","340000003320050016","20050524","","03","폐업","0002","폐업","20140930","","","","","0","619963","부산광역시 기장군 정관면 매학리 산 **-*번지","부산광역시 기장군 정관면 매곡길 **","","매학농장","20141001144415","I","2018-08-31 23:59:59.0","","397379.95065900000","204466.99086500000","가축사육업","","16","000","","한우",
"220","가축사육업","02_04_01_P","3400000","340000003320050017","20050524","","03","폐업","0002","폐업","20090107","","","","728-4839","0","619963","부산광역시 기장군 정관면 매학리 산 **-*번지","부산광역시 기장군 정관면 매곡길 **","","매학농장","20090107103038","I","2018-08-31 23:59:59.0","","397599.26696800000","204477.99465600000","가축사육업","","17","000","","돼지",
"221","가축사육업","02_04_01_P","3400000","340000003320050018","20050524","","03","폐업","0002","폐업","20140519","","","","728-4789","0","619963","부산광역시 기장군 정관면 매학리 산 **-*번지","부산광역시 기장군 정관면 곰내길 ***-**","","매학농장","20140519131321","I","2018-08-31 23:59:59.0","","397347.24677000000","204361.81434700000","가축사육업","","18","000","","돼지",
"222","가축사육업","02_04_01_P","3330000","333000003320050001","20051010","","03","폐업","0002","폐업","20150128","","","","524-6450","0","612070","부산광역시 해운대구 석대동 **-*번지","","","안씨농장","20150129085909","I","2018-08-31 23:59:59.0","","","","가축사육업","","1","000","","돼지",
"223","가축사육업","02_04_01_P","3330000","333000003320050003","20051010","","03","폐업","0002","폐업","20140920","","","","524-5811","0","612070","부산광역시 해운대구 석대동 산 **-*번지","","","권씨농장","20140920135644","I","2018-08-31 23:59:59.0","","395087.272068723","193560.618164728","가축사육업","","3","000","","돼지",
"224","가축사육업","02_04_01_P","3330000","333000003320050004","20051010","","03","폐업","0002","폐업","20160722","","","","703-4514","0","612835","부산광역시 해운대구 좌동 ****번지","","","전원농원","20160722173602","I","2018-08-31 23:59:59.0","","397576.480103177","190956.059874822","가축사육업","","4","000","","돼지",
"225","가축사육업","02_04_01_P","3330000","333000003320140011","20140702","","03","폐업","0002","폐업","20151116","","","","051-502-2083","","612070","","부산광역시 해운대구 반송로***번길 *** (석대동)","48002","석대농장","20161114094144","I","2018-08-31 23:59:59.0","","393276.391762838","193643.824212728","가축사육업","","16","000","","육계",
"226","가축사육업","02_04_01_P","3400000","340000003320100001","20101220","","03","폐업","0002","폐업","20131125","","","","","0","619871","부산광역시 기장군 철마면 안평리 ***-*번지","","","송성한농장","20131126135358","I","2018-08-31 23:59:59.0","","398173.1852737","195048.538507974","가축사육업","","78","000","","젖소",
"227","가축사육업","02_04_01_P","3400000","340000003320090006","20091119","","03","폐업","0002","폐업","20130709","","","","","0","619961","부산광역시 기장군 정관면 예림리 ****-**번지","부산광역시 기장군 정관면 예림*길 **-*","","미래농장","20130709153928","I","2018-08-31 23:59:59.0","","400532.31210500000","205037.86516800000","가축사육업","","77","000","","돼지",
"228","가축사육업","02_04_01_P","3400000","340000003320130001","20130117","","03","폐업","0002","폐업","20141212","","","","","","619913","부산광역시 기장군 일광면 원리 ***번지","부산광역시 기장군 일광면 원당*길 **-*","46039","하늘농장","20141215102141","I","2018-08-31 23:59:59.0","","403789.69546166","203196.601438608","가축사육업","","86","000","","돼지",
"229","가축사육업","02_04_01_P","3400000","340000003320120001","20120109","","03","폐업","0002","폐업","20130114","","","","","","619953","부산광역시 기장군 장안읍 용소리 ***-*번지","부산광역시 기장군 장안읍 기장대로 ****-***","46029","하늘농장","20130115162114","I","2018-08-31 23:59:59.0","","403536.62084725","206714.866919067","가축사육업","","82","000","","오리",
"230","가축사육업","02_04_01_P","3400000","340000003320050023","20050524","","03","폐업","0002","폐업","20131031","","","","728-3664","0","619961","부산광역시 기장군 정관면 달산리 ***-*번지","부산광역시 기장군 정관면 산단*로 **","","연화농장","20131031111217","I","2018-08-31 23:59:59.0","","398140.45636200000","204099.32760200000","가축사육업","","23","000","","돼지",
"231","가축사육업","02_04_01_P","3400000","340000003320050026","20050524","","03","폐업","0002","폐업","20170721","","","","","0","619951","부산광역시 기장군 장안읍 명례리 ***번지","","","신명농장","20170721111319","I","2018-08-31 23:59:59.0","","405221.542614134","211716.554013234","가축사육업","","26","000","","한우",
"232","가축사육업","02_04_01_P","3400000","340000003320050027","20050524","","03","폐업","0002","폐업","20130426","","","","728-5285","0","619961","부산광역시 기장군 정관면 예림리 ***-*번지","","","정관오리농장","20130507104812","I","2018-08-31 23:59:59.0","","","","가축사육업","","27","000","","오리",
"233","가축사육업","02_04_01_P","3400000","340000003320050029","20050524","","03","폐업","0002","폐업","20070426","","","","728-5254","0","619961","부산광역시 기장군 정관면 달산리 **-*번지","","","달산농장","20150108092400","I","2018-08-31 23:59:59.0","","","","가축사육업","","29","000","","돼지",
"234","가축사육업","02_04_01_P","3400000","340000003320120003","20120423","","03","폐업","0002","폐업","20220530","","","","","","619903","부산광역시 기장군 기장읍 대라리 산 ** 산**번지","부산광역시 기장군 기장읍 안평로**번가길 ***","46068","우성농장","20220530141901","U","2022-06-01 02:40:00.0","","399649.880129538","194670.0009039","가축사육업","","84","000","0","돼지",
"235","가축사육업","02_04_01_P","3400000","340000003320130009","20130227","","03","폐업","0002","폐업","20131125","","","","","","619912","부산광역시 기장군 일광면 용천리 산 ***-**번지","부산광역시 기장군 일광면 화용길 ***-**","46046","양지농장","20131126135454","I","2018-08-31 23:59:59.0","","399765.850158442","201295.276688585","가축사육업","","94","000","","한우",
"236","가축사육업","02_04_01_P","3400000","340000003320090003","20090304","","03","폐업","0002","폐업","20150604","","","","","0","619963","부산광역시 기장군 정관면 매학리 ***번지","부산광역시 기장군 정관면 매곡길 **-**","","김태봉농장","20150626094251","I","2018-08-31 23:59:59.0","","397506.89026300000","204550.15681200000","가축사육업","","74","000","","한우",
"237","가축사육업","02_04_01_P","3400000","340000003320090005","20090824","","03","폐업","0002","폐업","20150605","","","","","0","619873","부산광역시 기장군 철마면 임기리 ***-*번지","부산광역시 기장군 철마면 임기*길 *-**","","서상조농장","20150626094351","I","2018-08-31 23:59:59.0","","392489.929462871","204454.044380621","가축사육업","","76","000","","한우",
"238","가축사육업","02_04_01_P","3400000","340000003320070003","20070131","","03","폐업","0002","폐업","20130426","","","","051-727-8088","0","619951","부산광역시 기장군 장안읍 오리 ***번지","","","조은농장","20130507104707","I","2018-08-31 23:59:59.0","","407270.094149336","208009.128968508","가축사육업","","51","000","","육계",
"239","가축사육업","02_04_01_P","3400000","340000003320070005","20070305","","03","폐업","0002","폐업","20101231","","","","051-727-0520","0","619913","부산광역시 기장군 일광면 청광리 ***-*번지","부산광역시 기장군 일광면 청원길 **-**","","김태남 축산","20150108093317","I","2018-08-31 23:59:59.0","","403078.473919559","201610.891902107","가축사육업","","53","000","","한우",
"240","가축사육업","02_04_01_P","3400000","340000003320050041","20050930","","03","폐업","0002","폐업","20160628","","","","051-727-1611","0","619913","부산광역시 기장군 일광면 원리 *-*번지","부산광역시 기장군 일광면 원당길 **-*","","박의태농장","20160628105656","I","2018-08-31 23:59:59.0","","404496.533022346","203122.792616187","가축사육업","","41","000","","한우",
"241","가축사육업","02_04_01_P","3400000","340000003320090002","20090203","","03","폐업","0002","폐업","20111229","","","","","0","619912","부산광역시 기장군 일광면 용천리 산 ***-**번지","","","연암목장","20150108093042","I","2018-08-31 23:59:59.0","","398837.833209697","200669.833429391","가축사육업","","73","000","","돼지",
"242","가축사육업","02_04_01_P","3400000","340000003320050031","20050524","","03","폐업","0002","폐업","20141117","","","","728-4753","0","619963","부산광역시 기장군 정관면 용수리 ***번지","부산광역시 기장군 정관면 용수공단*길 **-**","","정관농장","20141117163847","I","2018-08-31 23:59:59.0","","397023.78733200000","205193.06977400000","가축사육업","","31","000","","한우",
"243","가축사육업","02_04_01_P","3400000","340000003320050033","20050524","","03","폐업","0002","폐업","20190115","","","","721-4710","0","619871","부산광역시 기장군 철마면 안평리 ***-*번지","부산광역시 기장군 철마면 안평로**번길 **-*","","안평농장","20190115161848","U","2019-01-17 02:40:00.0","","398224.893994848","195313.581594752","가축사육업","","33","000","","돼지",
"244","가축사육업","02_04_01_P","3400000","340000003320050039","20050930","","03","폐업","0002","폐업","20071204","","","","","0","619952","부산광역시 기장군 장안읍 반룡리 ***번지","","","양평농장","20150108092516","I","2018-08-31 23:59:59.0","","","","가축사육업","","39","000","","돼지",
"245","가축사육업","02_04_01_P","3400000","340000003320130019","20131128","","03","폐업","0002","폐업","20160922","","","","051-721-4770","","619901","부산광역시 기장군 기장읍 만화리 산 *번지","","","이인덕 농장","20160923153429","I","2018-08-31 23:59:59.0","","401024.950134813","197627.647996251","가축사육업","","104","000","","한우",
"246","가축사육업","02_04_01_P","3400000","340000003320130021","20131128","","03","폐업","0002","폐업","20170721","","","","","","619962","부산광역시 기장군 정관면 월평리 ***번지","부산광역시 기장군 정관면 월평*길 **-**","46000","이한우 농장","20170721111419","I","2018-08-31 23:59:59.0","","394088.24321000000","209415.63107300000","가축사육업","","106","000","","한우",
"247","가축사육업","02_04_01_P","3360000","336000003320050008","20050318","","03","폐업","0002","폐업","20190424","","","","051-973-4079","0","618812","부산광역시 강서구 대저*동 ****-*번지 외 *필지(****-*)","부산광역시 강서구 신노전*길 *** (대저*동,외 *필지(****-*))","","재욱농장","20200103094510","U","2020-01-05 02:40:00.0","","375429.846009101","182644.336243525","가축사육업","","11","000","","한우",
"248","가축사육업","02_04_01_P","3360000","336000003320050010","20050415","","03","폐업","0002","폐업","20070906","","","","051-973-1034","0","618142","부산광역시 강서구 대저*동 ****-*번지","부산광역시 강서구 상납청길 ** (대저*동)","","도도농장","20070906112410","I","2018-08-31 23:59:59.0","","375429.996820079","185902.474251093","가축사육업","","13","000","","돼지",
"249","가축사육업","02_04_01_P","3340000","334000003320070003","20070829","","03","폐업","0002","폐업","20210119","","","","265-9415","0","604041","부산광역시 사하구 장림동 산 ***-*","부산광역시 사하구 하신중앙로*번길 **-* (장림동)","49478","장림축산","20210119165854","U","2021-01-21 02:40:00.0","","378418.310532541","176993.42476379","가축사육업","","9","000","","돼지",
"250","가축사육업","02_04_01_P","3360000","336000003320140005","20140310","","03","폐업","0002","폐업","20160106","","","","","","618802","부산광역시 강서구 강동동 ****-*번지","","","아름영농","20160112175207","I","2018-08-31 23:59:59.0","","375163.504991234","185175.685298183","가축사육업","","86","000","","돼지",
"251","가축사육업","02_04_01_P","3360000","336000003320120002","20121016","","03","폐업","0002","폐업","20130905","","","","","","618240","부산광역시 강서구 범방동 ***-**번지","부산광역시 강서구 미음로 *** (범방동)","46746","태야농장","20130905144410","I","2018-08-31 23:59:59.0","","370226.48532400000","185568.08584900000","가축사육업","","77","000","","돼지",
"252","가축사육업","02_04_01_P","3360000","336000003320130001","20130130","","03","폐업","0002","폐업","20190531","","","","","","618804","부산광역시 강서구 대저*동 ****-*번지","부산광역시 강서구 공항로***번길 ** (대저*동)","46722","장닭농원","20190531142154","U","2019-06-02 02:40:00.0","","377933.309040373","186062.51305992","가축사육업","","78","000","","종계/산란계",
"253","가축사육업","02_04_01_P","3360000","336000003320130002","20131008","","03","폐업","0002","폐업","20210914","","","","","","618802","부산광역시 강서구 강동동 ****-*","","","이영호농장","20210914215639","U","2021-09-16 02:40:00.0","","374130.595408801","187187.356944732","가축사육업","","79","000","0","한우",
"254","가축사육업","02_04_01_P","3360000","336000003320130003","20131015","","03","폐업","0002","폐업","20170926","","","","","","618802","부산광역시 강서구 강동동 ****-*번지","부산광역시 강서구 제도로 ***-* (강동동)","","은혜목장","20170926154617","I","2018-08-31 23:59:59.0","","374461.520162769","185678.95539531","가축사육업","","80","000","","한우",
"255","가축사육업","02_04_01_P","3360000","336000003320140002","20140220","","03","폐업","0002","폐업","20210113","","","","","","618800","부산광역시 강서구 강동동 ***-***","부산광역시 강서구 평강로 **-* (강동동)","46704","평강축산","20210113140223","U","2021-01-15 02:40:00.0","","375870.877587972","190460.586062715","가축사육업","","83","000","","한우",
"256","가축사육업","02_04_01_P","3360000","336000003320140003","20140227","","03","폐업","0002","폐업","20191128","","","","","","618805","부산광역시 강서구 대저*동 ****-*번지","","","청범농장","20191128143920","U","2019-11-30 02:40:00.0","","379459.516679224","192733.598600616","가축사육업","","84","000","","육우",
"257","가축사육업","02_04_01_P","3360000","336000003320130004","20131218","","03","폐업","0002","폐업","20181213","","","","","","618804","부산광역시 강서구 대저*동 ****-*번지","부산광역시 강서구 중앙새싹*길 **-** (대저*동)","46715","축사","20181213185822","U","2018-12-15 02:40:00.0","","375418.077617206","185730.386351326","가축사육업","","81","000","","한우",
"258","가축사육업","02_04_01_P","3360000","336000003320140001","20140123","","03","폐업","0002","폐업","20200331","","","","051-971-1497","","618142","부산광역시 강서구 대저*동 ****번지","부산광역시 강서구 맥도길***번길 ** (대저*동)","46723","옥점이 농장","20200331144637","U","2020-04-02 02:40:00.0","","376587.374756999","183993.286393925","가축사육업","","82","000","","육계",
"259","가축사육업","02_04_01_P","3360000","336000003320070002","20071023","","03","폐업","0002","폐업","20080121","","","","","0","618804","부산광역시 강서구 대저*동 ***-**번지","부산광역시 강서구 입소정관길 **-* (대저*동)","","입소농장","20080121162701","I","2018-08-31 23:59:59.0","","374894.152939568","187826.029503119","가축사육업","","70","000","","한우",
"260","가축사육업","02_04_01_P","3360000","336000003320140007","20141103","","03","폐업","0002","폐업","20191127","","","","","","618813","부산광역시 강서구 명지동 ***번지","부산광역시 강서구 해척남북길 ** (명지동)","46724","김대권","20191127174631","U","2019-11-29 02:40:00.0","","374418.874269452","181069.362943918","가축사육업","","88","000","","종계/산란계",
"261","가축사육업","02_04_01_P","3360000","336000003320150002","20150305","","03","폐업","0002","폐업","20190902","","","","","","618812","","부산광역시 강서구 군라*길 *** (대저*동)","46715","대리농장","20190902111130","U","2019-09-04 02:40:00.0","","376155.574096999","182030.92738896","가축사육업","","90","000","","한우",
"262","가축사육업","02_04_01_P","3360000","336000003320150004","20151202","","03","폐업","0002","폐업","20191202","","","","","","46709","","부산광역시 강서구 가락대로****번가길 **-** (봉림동)","46709","봉림농장","20191203085701","U","2019-12-05 02:40:00.0","","372952.070918879","187666.816194698","가축사육업","","94","000","","한우",
"263","가축사육업","02_04_01_P","3360000","336000003320150005","20151215","","03","폐업","0002","폐업","20180126","","","","","","618803","부산광역시 강서구 대저*동 ****번지","부산광역시 강서구 대저로 ***-* (대저*동)","46702","구도만농장","20180126163210","I","2018-08-31 23:59:59.0","","380165.396375309","192272.882883184","가축사육업","","95","000","","한우",
"264","가축사육업","02_04_01_P","3360000","336000003320160005","20160520","","03","폐업","0002","폐업","20160701","","","","","","618141","부산광역시 강서구 대저*동 ****번지","","","청솔","20160701172248","I","2018-08-31 23:59:59.0","","378760.018991628","191939.002103632","가축사육업","","100","000","","육계",
"265","가축사육업","02_04_01_P","3360000","336000003320050056","20051201","","03","폐업","0002","폐업","20190617","","","","051-973-1136","0","618141","부산광역시 강서구 대저*동 ***-**번지","부산광역시 강서구 평강로***번길 ***-* (대저*동)","","별장농장","20190617162045","U","2019-06-19 02:40:00.0","","377880.934648513","193290.917041561","가축사육업","","59","000","","오리",
"266","가축사육업","02_04_01_P","3360000","336000003320170001","20170106","","03","폐업","0002","폐업","20191126","","","","","","","부산광역시 강서구 생곡동 **-**번지","","","강병식","20191126142606","U","2019-11-28 02:40:00.0","","372387.379856038","183544.822365454","가축사육업","","102","000","","한우",
"267","가축사육업","02_04_01_P","3360000","336000003320040001","20040521","","03","폐업","0002","폐업","20121015","","","","","0","618220","부산광역시 강서구 미음동 ***번지","부산광역시 강서구 미음산단*로 ** (미음동)","","태야농장","20121015164013","I","2018-08-31 23:59:59.0","","369360.74641700000","185698.91347500000","가축사육업","","1","000","","돼지",
"268","가축사육업","02_04_01_P","3360000","336000003320050003","20050215","","03","폐업","0002","폐업","20200301","","","","","0","618142","부산광역시 강서구 대저*동 ****번지 외*필지(****-*, ****-*)","부산광역시 강서구 중앙새싹*길 **-* (대저*동,외*필지(****-*, ****-*))","","대저농장","20200301121434","U","2020-03-03 02:40:00.0","","375448.583916356","185383.730544363","가축사육업","","6","000","","돼지",
"269","가축사육업","02_04_01_P","3360000","336000003320050005","20050309","","03","폐업","0002","폐업","20220524","","","","","0","618804","부산광역시 강서구 대저*동 ****-* 외*필지(****-*)","","","진생농원","20220524102505","U","2022-05-26 02:40:00.0","","375490.517898705","185519.265314622","가축사육업","","8","000","0","돼지",
"270","가축사육업","02_04_01_P","3360000","336000003320050006","20050310","","03","폐업","0002","폐업","20220524","","","","051-973-4505","0","618804","부산광역시 강서구 대저*동 ***-*","","","울만농장","20220524103414","U","2022-05-26 02:40:00.0","","375492.475267753","189111.997167461","가축사육업","","9","000","0","돼지",
"271","가축사육업","02_04_01_P","3360000","336000003320050007","20050318","","03","폐업","0002","폐업","20070906","","","","051-972-2270","0","618808","부산광역시 강서구 대저*동 ****-*번지 외 *필지(****-*)","","","우리농장","20070906112811","I","2018-08-31 23:59:59.0","","","","가축사육업","","10","000","","오리",
"272","가축사육업","02_04_01_P","3360000","336000003320050019","20050630","","03","폐업","0002","폐업","20100401","","","","051-972-6811","0","618804","부산광역시 강서구 대저*동 ***-*번지 외 *필지(대저*동 ***-*)","부산광역시 강서구 대저동서로 ***-* (대저*동,외 *필지(대저*동 ***-*))","","대저농장","20100411160507","I","2018-08-31 23:59:59.0","","377750.314340778","190548.05387418","가축사육업","","22","000","","돼지",
"273","가축사육업","02_04_01_P","3360000","336000003320050023","20050825","","03","폐업","0002","폐업","20071016","","","","051-973-4935","0","618807","부산광역시 강서구 대저*동 ****-*번지","부산광역시 강서구 경전철로 *** (대저*동)","","등구농장","20071016161205","I","2018-08-31 23:59:59.0","","378741.522191269","190341.097643068","가축사육업","","26","000","","젖소",
"274","가축사육업","02_04_01_P","3350000","335000003320080014","20080624","","03","폐업","0002","폐업","20190729","","","","","0","609420","부산광역시 금정구 금성동 ***번지","","","김문득","20190729162844","U","2019-07-31 02:40:00.0","","386934.685543652","195727.713255129","가축사육업","","15","000","","한우",
"275","가축사육업","02_04_01_P","3350000","335000003320090001","20091130","","03","폐업","0002","폐업","20180220","","","","051-508-2202","0","609370","부산광역시 금정구 두구동 ***번지","부산광역시 금정구 임석*길 ** (두구동)","","이상농장","20180220141806","I","2018-08-31 23:59:59.0","","392195.226785672","200773.604212964","가축사육업","","16","000","","육계",
"276","가축사육업","02_04_01_P","3360000","336000003320050013","20050525","","03","폐업","0002","폐업","20200326","","","","","0","618806","부산광역시 강서구 대저*동 ****-*번지","부산광역시 강서구 평강로***번길 **-* (대저*동)","","삼양농장","20200326094716","U","2020-03-28 02:40:00.0","","377341.105578173","193303.88895517","가축사육업","","16","000","","육계",
"277","가축사육업","02_04_01_P","3360000","336000003320050014","20050530","","03","폐업","0002","폐업","20200210","","","","","0","618806","부산광역시 강서구 대저*동 ****-*번지","","","강서농장","20200210152940","U","2020-02-12 02:40:00.0","","377216.464554862","193281.743996079","가축사육업","","17","000","","돼지",
"278","가축사육업","02_04_01_P","3360000","336000003320050024","20050825","","03","폐업","0002","폐업","20071204","","","","051-971-4831","0","618801","부산광역시 강서구 강동동 ****번지 외*필지(대저*동****-*, 대저*동 ****-*)","","","평강농장","20071204114732","I","2018-08-31 23:59:59.0","","375650.939345281","189957.753822734","가축사육업","","27","000","","육계",
"279","가축사육업","02_04_01_P","3360000","336000003320050025","20050922","","03","폐업","0002","폐업","20170302","","","","051-971-5648","0","618340","부산광역시 강서구 식만동 ***-*번지","","","민수농장","20170310100118","I","2018-08-31 23:59:59.0","","373903.952448855","191563.788788099","가축사육업","","28","000","","한우",
"280","가축사육업","02_04_01_P","3360000","336000003320050026","20051004","","03","폐업","0002","폐업","20191014","","","","051-971-7931","0","618240","부산광역시 강서구 범방동 ****번지 **통**반","","","녹산닭집","20191014171420","U","2019-10-16 02:40:00.0","","","","가축사육업","","29","000","","육계",
"281","가축사육업","02_04_01_P","3360000","336000003320050027","20051006","","03","폐업","0002","폐업","20191202","","","","051-973-2503","0","618802","부산광역시 강서구 강동동 ****-**번지 외 *필지(강동동 ****-*)","","","딴치목장","20191203085746","U","2019-12-05 02:40:00.0","","375275.233958919","184716.474054092","가축사육업","","30","000","","젖소",
"282","가축사육업","02_04_01_P","3360000","336000003320050030","20051012","","03","폐업","0002","폐업","20180511","","","","051-973-4472","0","618141","부산광역시 강서구 대저*동 ***-**번지 외 *필지(대저*동 ***-**, ***-**)","부산광역시 강서구 공항로 **** (대저*동,외 *필지(대저*동 ***-**, ***-**))","","지성축산","20180511153037","I","2018-08-31 23:59:59.0","","381273.178048018","193643.570845188","가축사육업","","33","000","","육계",
"283","가축사육업","02_04_01_P","3360000","336000003320050031","20051017","","03","폐업","0002","폐업","20151118","","","","051-972-0472","0","618220","부산광역시 강서구 미음동 ****-*번지","","","보시농장","20151118173313","I","2018-08-31 23:59:59.0","","","","가축사육업","","34","000","","돼지",
"284","가축사육업","02_04_01_P","3350000","335000003320080007","20080624","","03","폐업","0002","폐업","20220128","","","","","0","609420","부산광역시 금정구 금성동 ***","부산광역시 금정구 죽전*길 ** (금성동)","","김광수","20220128173241","U","2022-01-30 02:40:00.0","","387196.271997375","196981.647288365","가축사육업","","8","000","0","한우",
"285","가축사육업","02_04_01_P","3360000","336000003320050020","20050811","","03","폐업","0002","폐업","20130906","","","","051-971-5918","0","618220","부산광역시 강서구 미음동 ***-**번지","부산광역시 강서구 미음로 **-** (미음동)","","분절농장","20130910113121","I","2018-08-31 23:59:59.0","","369795.612221753","185025.482371767","가축사육업","","23","000","","돼지",
"286","가축사육업","02_04_01_P","3360000","336000003320050028","20051006","","03","폐업","0002","폐업","20170414","","","","051-973-4025","0","618802","부산광역시 강서구 강동동 ****-*번지","","","전양목장","20170417155824","I","2018-08-31 23:59:59.0","","374881.294214957","185102.664582354","가축사육업","","31","000","","젖소",
"287","가축사육업","02_04_01_P","3360000","336000003320050029","20051012","","03","폐업","0002","폐업","20141212","","","","051-972-6398","0","618141","부산광역시 강서구 대저*동 ***-**번지 외 *필지(대저*동 ***-*, ***-**, ***-**, ***-**, ***-**)","부산광역시 강서구 공항로 **** (대저*동,외 *필지(대저*동 ***-*, ***-**, ***-**, ***-**, ***-**))","","대저농장","20141218105623","I","2018-08-31 23:59:59.0","","381273.178048018","193643.570845188","가축사육업","","32","000","","육계",
"288","가축사육업","02_04_01_P","3360000","336000003320050058","20051214","","03","폐업","0002","폐업","20191128","","","","051-971-8221","0","618806","부산광역시 강서구 대저*동 ****-*번지 외 *필지(대저*동 ****-*)","","","하늘농장","20191128143727","U","2019-11-30 02:40:00.0","","377241.47286808","193237.88803041","가축사육업","","61","000","","돼지",
"289","가축사육업","02_04_01_P","3360000","336000003320050060","20051214","","03","폐업","0002","폐업","20170802","","","","051-971-8110","0","618320","부산광역시 강서구 죽동동 ***-*번지 외 *필지(죽동동 ***-*)","","","성재농장","20170804155616","I","2018-08-31 23:59:59.0","","","","가축사육업","","63","000","","한우",
"290","가축사육업","02_04_01_P","3360000","336000003320050061","20051214","","03","폐업","0002","폐업","20200331","","","","","0","618801","부산광역시 강서구 강동동 ****-*번지","부산광역시 강서구 상덕로 **-* (강동동)","","낙동강오리알농장","20200331151711","U","2020-04-02 02:40:00.0","","373644.977121463","189846.919918755","가축사육업","","64","000","","오리",
"291","가축사육업","02_04_01_P","3360000","336000003320050062","20051219","","03","폐업","0002","폐업","20181120","","","","","0","618810","부산광역시 강서구 대저*동 ****-**번지","부산광역시 강서구 신노전로 *** (대저*동)","","흙마을 청정농장","20181120200055","U","2018-11-22 02:36:15.0","","375461.00922953","184430.353828417","가축사육업","","65","000","","육계",
"292","가축사육업","02_04_01_P","3360000","336000003320050064","20051223","","03","폐업","0002","폐업","20100401","","","","051-971-6950","0","618801","부산광역시 강서구 강동동 ****-*번지","부산광역시 강서구 득천*길 *** (강동동)","","덕포농장","20100411160542","I","2018-08-31 23:59:59.0","","373818.606299591","189299.4228292","가축사육업","","67","000","","돼지",
"293","가축사육업","02_04_01_P","3360000","336000003320050065","20051226","","03","폐업","0002","폐업","20200330","","","","051-971-0717","0","618800","부산광역시 강서구 강동동 **-**번지","부산광역시 강서구 낙동북로***번길 **-** (강동동)","","우성농원","20200330105823","U","2020-04-01 02:40:00.0","","376769.184747763","192105.816765774","가축사육업","","68","000","","육계",
"294","가축사육업","02_04_01_P","3360000","336000003320080001","20080808","","03","폐업","0002","폐업","20190510","","","","","0","618350","부산광역시 강서구 봉림동 ***-****번지","부산광역시 강서구 가락대로****번길 ** (봉림동)","","은혜의집","20190510091519","U","2019-05-12 02:40:00.0","","372255.23853039","186706.544446023","가축사육업","","71","000","","한우",
"295","가축사육업","02_04_01_P","3360000","336000003320090001","20090617","","03","폐업","0002","폐업","20191128","","","","","0","618141","부산광역시 강서구 대저*동 ****-**번지","부산광역시 강서구 평강로***번가길 ** (대저*동)","","정무농장","20191128143827","U","2019-11-30 02:40:00.0","","377029.710767602","193218.214624922","가축사육업","","73","000","","오리",
"296","가축사육업","02_04_01_P","3340000","334000003320050001","20051117","","03","폐업","0002","폐업","20170623","","","","","0","604060","부산광역시 사하구 구평동 산 ***번지","부산광역시 사하구 두송로***번길 ** (구평동)","49512","동일농장","20170627141821","I","2018-08-31 23:59:59.0","","381229.883159294","176050.72647115","가축사육업","","1","000","","돼지",
"297","가축사육업","02_04_01_P","3340000","334000003320070002","20070829","","03","폐업","0002","폐업","20170801","","","","263-3472","0","604041","부산광역시 사하구 장림동 산 ***-*번지","부산광역시 사하구 하신중앙로*번길 ** (장림동)","49478","리자축산","20170831170340","I","2018-08-31 23:59:59.0","","378418.310532541","176993.42476379","가축사육업","","8","000","","돼지",
"298","가축사육업","02_04_01_P","3360000","336000003320050038","20051109","","03","폐업","0002","폐업","20071009","","","","051-973-6232","0","618804","부산광역시 강서구 대저*동 ***-*번지 외 *필지(대저*동 ***-*)","부산광역시 강서구 도도본리길 ** (대저*동,외 *필지(대저*동 ***-*))","","도도농장","20071009134804","I","2018-08-31 23:59:59.0","","375568.587758212","186676.64830685","가축사육업","","41","000","","돼지",
"299","가축사육업","02_04_01_P","3360000","336000003320050039","20051109","","03","폐업","0002","폐업","20070604","","","","051-971-4917","0","618801","부산광역시 강서구 강동동 ****-*번지","","","혜정농장","20070604151108","I","2018-08-31 23:59:59.0","","374608.18256762","188164.89288717","가축사육업","","42","000","","돼지",
"300","가축사육업","02_04_01_P","3360000","336000003320050041","20051109","","03","폐업","0002","폐업","20071009","","","","","0","618810","부산광역시 강서구 대저*동 ****-**번지","","","대저농장","20071009134447","I","2018-08-31 23:59:59.0","","375308.256949712","186085.707758962","가축사육업","","44","000","","돼지",
"301","가축사육업","02_04_01_P","3360000","336000003320050042","20051109","","03","폐업","0002","폐업","20200331","","","","051-971-0052","0","618142","부산광역시 강서구 대저*동 ****번지","부산광역시 강서구 맥도강변길 ***-* (대저*동)","","대양농장","20200331144727","U","2020-04-02 02:40:00.0","","376406.580674861","184470.051362475","가축사육업","","45","000","","오리",
"302","가축사육업","02_04_01_P","3360000","336000003320050043","20051109","","03","폐업","0002","폐업","20200331","","","","","0","618804","부산광역시 강서구 대저*동 ****-*번지 외 *필지(대저*동 ****-*)","","","단비오리농장","20200331151752","U","2020-04-02 02:40:00.0","","377511.753265549","186341.616772575","가축사육업","","46","000","","오리",
"303","가축사육업","02_04_01_P","3360000","336000003320110001","20111226","","03","폐업","0002","폐업","20141031","","","","","","618350","부산광역시 강서구 봉림동 ***-*번지","부산광역시 강서구 봉림길***번길 ***-* (봉림동)","46709","주춘옥 농장","20151015175228","I","2018-08-31 23:59:59.0","","372351.304953835","187013.450125038","가축사육업","","75","000","","한우",
"304","가축사육업","02_04_01_P","3360000","336000003320050049","20051129","","03","폐업","0002","폐업","20200224","","","","","0","618802","부산광역시 강서구 강동동 ****번지 외 *필지(강동동 ****-*, ****-*)","부산광역시 강서구 강동중곡*길 *** (강동동,외 *필지(강동동 ****-*, ****-*))","","금오목장","20200224135537","U","2020-02-26 02:40:00.0","","373905.812374301","187198.930219751","가축사육업","","52","000","","젖소",
"305","가축사육업","02_04_01_P","3360000","336000003320050050","20051129","","03","폐업","0002","폐업","20171205","","","","","0","618800","부산광역시 강서구 강동동 ***-***번지 외 *필지","부산광역시 강서구 평강로 **-* (강동동,외 *필지)","","평강오리농장","20171205113458","I","2018-08-31 23:59:59.0","","375870.877587972","190460.586062715","가축사육업","","53","000","","오리",
"306","가축사육업","02_04_01_P","3360000","336000003320050052","20051201","","03","폐업","0002","폐업","20200210","","","","","0","618804","부산광역시 강서구 대저*동 ***-**번지","","","상납청농장","20200210160556","U","2020-02-12 02:40:00.0","","375558.334039317","186180.677405568","가축사육업","","55","000","","돼지",
"307","가축사육업","02_04_01_P","3360000","336000003320050053","20051201","","03","폐업","0002","폐업","20200331","","","","051-941-7548","0","618802","부산광역시 강서구 강동동 ****-*번지","","","원시적 청정 촌닭","20200331144810","U","2020-04-02 02:40:00.0","","375170.665572508","184674.941225222","가축사육업","","56","000","","육계",
"308","가축사육업","02_04_01_P","3360000","336000003320050054","20051201","","03","폐업","0002","폐업","20200224","","","","051-972-3291","0","618802","부산광역시 강서구 강동동 ****-*번지 외 *필지(강동동 ****-**, ****-*, ****-*, ****-*, ****-*)","부산광역시 강서구 제도로 ***-** (강동동,외 *필지(강동동 ****-**, ****-*, ****-*, ****-*, ****-*))","","가람농장","20200224131442","U","2020-02-26 02:40:00.0","","374501.336602547","187738.56268704","가축사육업","","57","000","","젖소",
"309","가축사육업","02_04_01_P","3360000","336000003320050044","20051123","","03","폐업","0002","폐업","20100928","","","","051-973-1240","0","618802","부산광역시 강서구 강동동 ****번지","부산광역시 강서구 강동송백*길 * (강동동)","","부일농원","20100928134248","I","2018-08-31 23:59:59.0","","374565.432154465","184685.972492304","가축사육업","","47","000","","육계",
"310","가축사육업","02_04_01_P","3360000","336000003320050045","20051123","","03","폐업","0002","폐업","20160205","","","","051-271-2947","0","618813","부산광역시 강서구 명지동 ***-*번지 외 *필지(명지동 ***-*, ***-**)","","","명지목장","20160205094122","I","2018-08-31 23:59:59.0","","374645.773456883","183364.744775895","가축사육업","","48","000","","젖소",
"311","가축사육업","02_04_01_P","3360000","336000003320050046","20051123","","03","폐업","0002","폐업","20141007","","","","051-972-1859","0","618141","부산광역시 강서구 대저*동 ****-*번지","부산광역시 강서구 평강로***번길 *** (대저*동)","","대청농원","20141007172418","I","2018-08-31 23:59:59.0","","377585.533559432","193292.853067412","가축사육업","","49","000","","한우",
"312","가축사육업","02_04_01_P","3400000","340000003320070008","20070625","","03","폐업","0002","폐업","20150707","","","","051-727-2674","0","619953","부산광역시 기장군 장안읍 덕선리 ***-*번지","","","김진원농장","20150805160422","I","2018-08-31 23:59:59.0","","402432.75030034","205905.952459774","가축사육업","","56","000","","한우",
"313","가축사육업","02_04_01_P","3400000","340000003320070009","20070727","","03","폐업","0002","폐업","20140619","","","","051-721-4049","0","619902","부산광역시 기장군 기장읍 내리 ***번지","부산광역시 기장군 기장읍 소정안길 **","","용소농장","20140620110144","I","2018-08-31 23:59:59.0","","400415.825386816","191868.273165965","가축사육업","","57","000","","돼지",
"314","가축사육업","02_04_01_P","3400000","340000003320070011","20071217","","03","폐업","0002","폐업","20150604","","","","","0","619951","부산광역시 기장군 장안읍 명례리 **번지","부산광역시 기장군 장안읍 구운달길 **","","영화농장","20150626094139","I","2018-08-31 23:59:59.0","","405803.262983284","211388.023059038","가축사육업","","59","000","","한우",
"315","가축사육업","02_04_01_P","3360000","336000003320170002","20170110","","03","폐업","0002","폐업","20191128","","","","","","","부산광역시 강서구 생곡동 **-**번지","","","최학환","20191128144003","U","2019-11-30 02:40:00.0","","372387.379856038","183544.822365454","가축사육업","","103","000","","한우",
"316","가축사육업","02_04_01_P","3360000","336000003320150003","20150331","","02","휴업","0001","휴업","","20200325","20210630","","","","618816","부산광역시 강서구 송정동 ***번지","","","청솔농장","20200325175634","U","2020-03-27 02:40:00.0","","368678.974309734","180978.958086605","가축사육업","","92","000","","육계",
"317","가축사육업","02_04_01_P","3360000","336000003320050017","20050618","","02","휴업","0001","휴업","","20191128","20220101","","051-971-2238","0","618806","부산광역시 강서구 대저*동 ****-**번지 외*필지(대저*동 ****-**, ****-**, ****-**)","","","출우농장","20191128144427","U","2019-11-30 02:40:00.0","","376993.906900189","193350.37448092","가축사육업","","20","000","","돼지",
"318","가축사육업","02_04_01_P","3360000","336000003320050018","20050618","","02","휴업","0001","휴업","","20191128","20221101","","","0","618806","부산광역시 강서구 대저*동 ****-*번지","","","우일축산","20191227163004","U","2019-12-29 02:40:00.0","","377216.464554862","193281.743996079","가축사육업","","21","000","","돼지",
"319","가축사육업","02_04_01_P","3360000","336000003320050037","20051028","","02","휴업","0001","휴업","","20191128","20210501","","051-971-5761","0","618141","부산광역시 강서구 대저*동 ***-*번지 외 *필지(대저*동 ***-**)","부산광역시 강서구 평강로***번길 *** (대저*동,외 *필지(대저*동 ***-**))","","대저오리농장","20191128145029","U","2019-11-30 02:40:00.0","","377862.342704129","193281.961421866","가축사육업","","40","000","","오리",
