"번호","개방서비스명","개방서비스아이디","개방자치단체코드","관리번호","인허가일자","인허가취소일자","영업상태구분코드","영업상태명","상세영업상태코드","상세영업상태명","폐업일자","휴업시작일자","휴업종료일자","재개업일자","소재지전화","소재지면적","소재지우편번호","소재지전체주소","도로명전체주소","도로명우편번호","사업장명","최종수정시점","데이터갱신구분","데이터갱신일자","업태구분명","좌표정보(x)","좌표정보(y)","보유자격증명","국비지원여부","담당직원내용","삭제일자",
"1","요양보호사교육기관","11_49_01_P","6260000","201062600000040045-20100706","20100706","","01","영업/정상","0","운영","","","","","0515235339","","","부산광역시 해운대구 재송동 1061-9","부산광역시 해운대구 재반로103번길 14, 2층(재송동)","","해운대요양보호사교육원","20220614102746","U","2022-06-16 02:40:00.0","","","","","","","",
"2","요양보호사교육기관","11_49_01_P","6260000","201062600000040071-20101011","20101011","","01","영업/정상","0","운영","","","","","0513331310","","","부산광역시 북구 덕천동 400-1 동강빌딩","부산광역시 북구 백양대로 1204, 동강빌딩 4층(덕천동)","","덕천요양보호사교육원","20220609091331","U","2022-06-11 02:40:00.0","","","","","","","",
"3","요양보호사교육기관","11_49_01_P","6260000","201562600000040004-20150713","20150713","","01","영업/정상","0","운영","","","","","","","","부산광역시 해운대구 반송동 298번지 1호 2층","부산광역시 해운대구 반송로892번길 8, 2층 (반송동)","","참사랑요양보호사교육원","20220601085318","U","2022-06-03 02:40:00.0","","395809.885957911","194510.188105903","","","","",
"4","요양보호사교육기관","11_49_01_P","6260000","201562600000040006-20151214","20151214","","01","영업/정상","0","운영","","","","","0519444050","","","부산광역시 기장군 기장읍 대라리 168-4 명광빌딩 201호","부산광역시 기장군 기장읍 대청로 42, 명광빌딩 2층","","소망요양보호사교육원","20220401163211","U","2022-04-03 02:40:00.0","","","","","","","",
"5","요양보호사교육기관","11_49_01_P","6260000","201062600000040007-20100604","20100604","","01","영업/정상","0","운영","","","","","0517513663","","","부산광역시 연제구 연산8동   383번지 23호 (2층)","부산광역시 연제구 안연로 1 (연산동,(2층))","","참빛 요양보호사교육원","20220322094437","U","2022-03-24 02:40:00.0","","391287.471122685","189657.605969895","","","","",
"6","요양보호사교육기관","11_49_01_P","6260000","201062600000040070-20101011","20101011","","01","영업/정상","0","운영","","","","","07082402465","","","부산광역시 북구 덕천동 352-8 청림빌딩6층","부산광역시 북구 낙동대로1781번길 1, 청림빌딩 6층 (덕천동)","","삼성실버 요양보호사교육원","20220531132925","U","2022-06-02 02:40:00.0","","","","","","","",
"7","요양보호사교육기관","11_49_01_P","6260000","201062600000040093-20101025","20101025","","01","영업/정상","0","운영","","","","","0512477255","","","부산광역시 중구 동광동4가   230번지 1호 502호","부산광역시 중구 구덕로 37, 6층 (남포동4가)","","성산 요양보호사교육원","20220513110827","U","2022-05-15 02:40:00.0","","","","","","","",
"8","요양보호사교육기관","11_49_01_P","6260000","201062600000040023-20100611","20100611","","01","영업/정상","0","운영","","","","","0516333323","","","부산광역시 부산진구 범천1동   870번지 1호 3층","부산광역시 부산진구 중앙대로 621 (범천동,3층)","","뉴중앙 요양보호사교육원","20220323163135","U","2022-03-25 02:40:00.0","","387558.514002486","185158.362348042","","","","",
"9","요양보호사교육기관","11_49_01_P","6260000","201662600000040001-20160127","20160127","","01","영업/정상","0","운영","","","","","07082702500","","","","부산광역시 동래구 충렬대로137번길 4, 6층 (온천동,상현빌딩)","","동래삼성실버요양보호사교육원","20220602144612","U","2022-06-04 02:40:00.0","","","","","","","",
"10","요양보호사교육기관","11_49_01_P","6260000","201662600000040002-20160127","20160127","","01","영업/정상","0","운영","","","","","0519132450","","","부산광역시 부산진구 범천동 849-19 도문빌딩","부산광역시 부산진구 범일로 190, 도문빌딩 7층(범천동)","","서면삼성실버요양보호사교육원","20220614103737","U","2022-06-16 02:40:00.0","","","","","","","",
"11","요양보호사교육기관","11_49_01_P","6260000","201662600000040003-20160205","20160205","","01","영업/정상","0","운영","","","","","0512640101","","","","부산광역시 사하구 다대로 257, 2층 (장림동)","","새부산요양보호사교육원","20220609092924","U","2022-06-11 02:40:00.0","","","","","","","",
"12","요양보호사교육기관","11_49_01_P","6260000","201662600000040004-20160425","20160425","","01","영업/정상","0","운영","","","","","0515829191","","","","부산광역시 금정구 중앙대로 1719-23, 501호 (부곡동,우남빌딩)","","새고려요양보호사교육원","20220329145326","U","2022-03-31 02:40:00.0","","","","","","","",
"13","요양보호사교육기관","11_49_01_P","6260000","201662600000040005-20160622","20160622","","01","영업/정상","0","운영","","","","","0513202086","","","부산광역시 사상구 주례동 81번지 경남정보대학교","부산광역시 사상구 주례로 45, 경남정보대학교 (주례동)","","경남정보대학교부설 요양보호사교육원","20220419101604","U","2022-04-21 02:40:00.0","","","","","","","",
"14","요양보호사교육기관","11_49_01_P","6260000","201462600000040001-20140523","20140523","","01","영업/정상","0","운영","","","","","0516376609","","","null","부산광역시 동구 범일로102번길 14, 5층 (범일동,조방빌딩)","","범일요양보호사교육원","20161212162242","I","2018-08-31 23:59:59.0","","","","","","","",
"15","요양보호사교육기관","11_49_01_P","6260000","201462600000040002-20140523","20140523","","01","영업/정상","0","운영","","","","","0517284221","","","","부산광역시 기장군 정관면 용수1길 28","","엘림요양보호사교육원","20220411152842","U","2022-04-13 02:40:00.0","","","","","","","",
"16","요양보호사교육기관","11_49_01_P","6260000","201462600000040003-20140701","20140701","","01","영업/정상","0","운영","","","","","0518978232","","","부산광역시 부산진구 개금동 182-13 미래산후조리원6층","부산광역시 부산진구 가야대로 474, 미래산후조리원 6층(개금동)","","가족사랑요양보호사교육원","20210914142229","U","2021-09-16 02:40:00.0","","","","","","","",
"17","요양보호사교육기관","11_49_01_P","6260000","201462600000040004-20140801","20140801","","01","영업/정상","0","운영","","","","","0514632288","","","부산광역시 동구 초량동 1157-7","부산광역시 동구 중앙대로 312, 2,3층 (초량동)","","엘림평생요양보호사교육원","20220613161920","U","2022-06-15 02:40:00.0","","","","","","","",
"18","요양보호사교육기관","11_49_01_P","6260000","201462600000040006-20140904","20140904","","01","영업/정상","0","운영","","","","","0516218211","","","부산광역시 수영구 남천동 28-24","부산광역시 수영구 광남로 35, 302호 (남천동)","","안심생활 요양보호사교육원","20211220133537","U","2021-12-22 02:40:00.0","","","","","","","",
"19","요양보호사교육기관","11_49_01_P","6260000","201462600000040007-20141028","20141028","","01","영업/정상","0","운영","","","","","0515816999","","","부산광역시 금정구 부곡동 296번지 1호 한창빌딩 503호","부산광역시 금정구 부곡로141번길 1, 한창빌딩 (부곡동)","","금정요양보호사교육원","20220210132604","U","2022-02-12 02:40:00.0","","390364.441258757","194122.808322223","","","","",
"20","요양보호사교육기관","11_49_01_P","6260000","201462600000040008-20141216","20141216","","01","영업/정상","0","운영","","","","","0516370117","","","부산광역시 부산진구 범천동 858번지 64호 유성빌딩 7층","부산광역시 부산진구 황령대로 9, 7층 (범천동,유성빌딩)","","누리요양보호사교육원","20160330172732","I","2018-08-31 23:59:59.0","","387707.677456944","185138.712920561","","","","",
"21","요양보호사교육기관","11_49_01_P","6260000","201562600000040002-20150506","20150506","","01","영업/정상","0","운영","","","","","0512664950","","","null","부산광역시 사하구 다대낙조2길 3, 5층 (다대동,몰운대교육센터)","","은빛요양보호사교육원","20220613162011","U","2022-06-15 02:40:00.0","","","","","","","",
"22","요양보호사교육기관","11_49_01_P","6260000","201662600000040006-20160725","20160725","","01","영업/정상","0","운영","","","","","0512033223","","","부산광역시 사하구 괴정동 900-1 화원레샹스","부산광역시 사하구 낙동대로 246, (괴정동, 화원 레샹스)","","사하요양보호사교육원","20220110132843","U","2022-01-12 02:40:00.0","","","","","","","",
"23","요양보호사교육기관","11_49_01_P","6260000","201662600000040007-20160824","20160824","","01","영업/정상","0","운영","","","","","","","","","부산광역시 북구 시랑로 12, 4층 (구포동,구포정형외과)","","구포요양보호사교육원","20220609091218","U","2022-06-11 02:40:00.0","","","","","","","",
"24","요양보호사교육기관","11_49_01_P","6260000","201662600000040009-20161116","20161116","","01","영업/정상","0","운영","","","","","","","","null","부산광역시 남구 수영로 193, 3층 (대연동)","","참좋은요양보호사교육원","20210127132854","U","2021-01-29 02:40:00.0","","","","","","","",
"25","요양보호사교육기관","11_49_01_P","6260000","201762600000040002-20170222","20170222","","01","영업/정상","0","운영","","","","","","","","null","부산광역시 동구 범일로102번길 18, 3층 (범일동)","","하나 요양보호사 교육원","20200122095405","U","2020-01-24 02:40:00.0","","","","","","","",
"26","요양보호사교육기관","11_49_01_P","6260000","201762600000040003-20170411","20170411","","01","영업/정상","0","운영","","","","","0516372992","","","","부산광역시 부산진구 황령대로 9 (범천동)","","BHS좋은 요양보호사 교육원","20211208095650","U","2021-12-10 02:40:00.0","","","","","","","",
"27","요양보호사교육기관","11_49_01_P","6260000","201762600000040004-20170724","20170724","","01","영업/정상","0","운영","","","","","0515319018","","","부산광역시 동래구 온천동 1423-1","부산광역시 동래구 미남로 148 (온천동)","","(주)동부요양보호사교육원","20220622105452","U","2022-06-24 02:40:00.0","","","","","","","",
"28","요양보호사교육기관","11_49_01_P","6260000","201762600000040005-20170724","20170724","","01","영업/정상","0","운영","","","","","0513115858","","","","부산광역시 사상구 가야대로 260, 3층 (주례동)","","(주)북부산 요양보호사 교육원","20211228121958","U","2021-12-30 02:40:00.0","","","","","","","",
"29","요양보호사교육기관","11_49_01_P","6260000","201062600000040001-20100604","20100604","","01","영업/정상","0","운영","","","","","0518683411","","","부산광역시 부산진구 양정2동   260번지 1호 (2층)","부산광역시 부산진구 동평로405번길 97 (양정동,(2층))","","정암 요양보호사교육원","20220311181559","U","2022-03-13 02:40:00.0","","388698.594636917","188468.292337914","","","","",
"30","요양보호사교육기관","11_49_01_P","6260000","201062600000040036-20100622","20100622","","01","영업/정상","0","운영","","","","","0513619306","","","부산광역시 북구 화명동 2271-6 범서미라클","부산광역시 북구 화명신도시로 127, 범서미라클 6층(화명동)","26320","나누리요양보호사교육원","20220316100749","U","2022-03-18 02:40:00.0","","382956.769988435","194748.976836055","","","","",
"31","요양보호사교육기관","11_49_01_P","6260000","201062600000040035-20100622","20100622","","01","영업/정상","0","운영","","","","","0513351919","","","부산광역시 북구 구포동 599-5","부산광역시 북구 구포시장길 1, 4층(구포동)","26320","부경 요양보호사교육원","20220329095628","U","2022-03-31 02:40:00.0","","382384.729354655","191844.412093328","","","","",
"32","요양보호사교육기관","11_49_01_P","6260000","201062600000040005-20100604","20100604","","01","영업/정상","0","운영","","","","","0518520540","","","부산광역시 연제구 거제3동   457번지 10호 이안빌딩(6층)","부산광역시 연제구 거제천로 89 (거제동,이안빌딩(6층))","","부산돌봄 요양보호사교육원","20220610094112","U","2022-06-12 02:40:00.0","","388767.180650409","188975.241231053","","","","",
"33","요양보호사교육기관","11_49_01_P","6260000","201062600000040006-20100604","20100604","","01","영업/정상","0","운영","","","","","0517245651","","","부산광역시 기장군 정관면 달산리 1221번지 3호","부산광역시 기장군 장안읍 정관로 716, 3층 (부영빌딩)","","평생비젼 요양보호사교육원","20220610093905","U","2022-06-12 02:40:00.0","","","","","","","",
"34","요양보호사교육기관","11_49_01_P","6260000","201062600000040008-20100604","20100604","","01","영업/정상","0","운영","","","","","0517142662","","","부산광역시 해운대구 좌동 1473-1 해운대대림아크로텔 313~316호","부산광역시 해운대구 해운대로 790, 해운대대림아크로텔 3층 313~316호(좌동)","","보성요양보호사교육원","20220628092627","U","2022-06-30 02:40:00.0","","","","","","","",
"35","요양보호사교육기관","11_49_01_P","6260000","201062600000040059-20100902","20100902","","01","영업/정상","0","운영","","","","","0512037474","","","부산광역시 사하구 괴정동 356-1 제일빌딩","부산광역시 사하구 까치고개로 5, 제일빌딩 2층(괴정동)","","뉴제일 요양보호사교육원","20211208150634","U","2021-12-10 02:40:00.0","","378902.950423469","180077.763592253","","","","",
"36","요양보호사교육기관","11_49_01_P","6260000","201062600000040065-20100917","20100917","","01","영업/정상","0","운영","","","","","0516230698","","","부산광역시 남구 대연동 1086-12","부산광역시 남구 석포로 127-1, 3층 (대연동)","","새참빛 요양보호사교육원","20220225163643","U","2022-02-27 02:40:00.0","","","","","","","",
"37","요양보호사교육기관","11_49_01_P","6260000","201062600000040024-20100611","20100611","","01","영업/정상","0","운영","","","","","0513267600","","","부산광역시 사상구 괘법동   558번지 2호 송원센터빌딩 10층","부산광역시 사상구 광장로 76 (괘법동,송원센터빌딩 10층)","","사상여성인력개발센터","20190819092713","U","2019-08-21 02:40:00.0","","380764.997170791","186517.111361272","","","","",
"38","요양보호사교육기관","11_49_01_P","6260000","201062600000040026-20100611","20100611","","01","영업/정상","0","운영","","","","","0515142028","","","부산광역시 금정구 부곡1동   387번지 3호 태안에버빌 201호","부산광역시 금정구 오시게로54번길 27 (부곡동,태안에버빌 201호)","","부곡 요양보호사교육원","20220114102230","U","2022-01-16 02:40:00.0","","390154.213594784","193357.752302511","","","","",
"39","요양보호사교육기관","11_49_01_P","6260000","201062600000040019-20100611","20100611","","01","영업/정상","0","운영","","","","","0512428823","","","부산광역시 서구 부민동2가 7-11","부산광역시 서구 임시수도기념로 22, 2층(부민동2가)","","한국실버 요양보호사교육원","20220609092332","U","2022-06-11 02:40:00.0","","","","","","","",
"40","요양보호사교육기관","11_49_01_P","6260000","201062600000040044-20100706","20100706","","01","영업/정상","0","운영","","","","","0512028850","","","부산광역시 사하구 하단동 484번지 1호 3층","부산광역시 사하구 낙동대로 423, 3층 (하단동)","","하단레몬요양보호사 교육원","20220428092818","U","2022-04-30 02:40:00.0","","378603.484341406","180961.765802642","","","","",
"41","요양보호사교육기관","11_49_01_P","6260000","201062600000040049-20100715","20100715","","01","영업/정상","0","운영","","","","","0518650070","","","부산광역시 연제구 연산5동  뉴그랜드오피스텔 1204호","","","셀리번 요양보호사교육원","20211228102201","U","2021-12-30 02:40:00.0","","","","","","","",
"42","요양보호사교육기관","11_49_01_P","6260000","201062600000040048-20100715","20100715","","01","영업/정상","0","운영","","","","","0516215619","","","부산광역시 남구 용호2동   554번지 19호","부산광역시 남구 용호로 247 (용호동)","","고려 요양보호사교육원","20190304173209","U","2019-03-06 02:40:00.0","","392451.569213376","181050.544105442","","","","",
"43","요양보호사교육기관","11_49_01_P","6260000","201062600000040067-20101011","20101011","","01","영업/정상","0","운영","","","","","0512414555","","","부산광역시 중구 중앙동4가   26번지 11호 삼창빌딩 3층","부산광역시 중구 중앙대로 78 (중앙동4가,삼창빌딩 3층)","","로뎀나무아래 요양보호사교육원","20220617091247","U","2022-06-19 02:40:00.0","","385623.826764144","180282.579541894","","","","",
"44","요양보호사교육기관","11_49_01_P","6260000","201062600000040025-20100611","20100611","","01","영업/정상","0","운영","","","","","0515272311","","","부산광역시 동래구 명장동 62번지 19호","부산광역시 동래구 반송로 274, 2층층 (명장동)","","한국 요양보호사교육원","20211227110902","U","2021-12-29 02:40:00.0","","391292.788765544","191459.462825103","","","","",
"45","요양보호사교육기관","11_49_01_P","6260000","201062600000040012-20100605","20100605","","01","영업/정상","0","운영","","","","","0513387769","","","부산광역시 북구 덕천1동   379번지 10호","부산광역시 북구 만덕대로 75 (덕천동)","","한마음 요양보호사교육원","20190208133342","U","2019-02-10 02:40:00.0","","383223.589162415","192192.633054867","","","","",
"46","요양보호사교육기관","11_49_01_P","6260000","201062600000040080-20101019","20101019","","01","영업/정상","0","운영","","","","","0514130675","","","부산광역시 영도구 봉래동3가 32번지 1호","부산광역시 영도구 절영로7번길 70 (봉래동3가)","","은혜 요양보호사교육원","20220412133941","U","2022-04-14 02:40:00.0","","386314.397012212","178919.973299907","","","","",
"47","요양보호사교육기관","11_49_01_P","6260000","201062600000040085-20101019","20101019","","01","영업/정상","0","운영","","","","","0516211488","","","부산광역시 남구 용호4동   541번지 53호","부산광역시 남구 용호로 222 (용호동)","","반석 요양보호사교육원","20220310181250","U","2022-03-12 02:40:00.0","","392370.49360385","181302.278791548","","","","",
"48","요양보호사교육기관","11_49_01_P","6260000","201062600000040073-20101011","20101011","","01","영업/정상","0","운영","","","","","0515245243","","","부산광역시 동래구 명장동   29번지 124호","부산광역시 동래구 명안로85번길 52, 명장랜드마크 8층 (명장동)","","새원 요양보호사교육원","20220413101947","U","2022-04-15 02:40:00.0","","391247.903308578","191464.279275904","","","","",
"49","요양보호사교육기관","11_49_01_P","6260000","201062600000040075-20101011","20101011","","01","영업/정상","0","운영","","","","","0518924808","","","부산광역시 부산진구 당감1동   252번지 13호 3층 301호","부산광역시 부산진구 당감로 10 (당감동,3층 301호)","","당감 요양보호사교육원","20220117162814","U","2022-01-19 02:40:00.0","","385805.72482693","186723.265750111","","","","",
"50","요양보호사교육기관","11_49_01_P","6260000","201062600000040003-20100603","20100603","","01","영업/정상","0","운영","","","","","0518181004","","","부산광역시 부산진구 부전1동   401번지 21호 한성빌딩(2층)","부산광역시 부산진구 새싹로 29 (부전동,한성빌딩(2층))","","천사 요양보사교육원","20220610094615","U","2022-06-12 02:40:00.0","","387328.431795974","186510.81133523","","","","",
"51","요양보호사교육기관","11_49_01_P","6260000","201562600000040003-20150612","20150612","","03","폐업","1","폐지","20171229","","","","0515539996","","","","부산광역시 동구 중앙대로 324, 8층 (초량동,한화생명)","","부산진요양보호사교육원","20170201100830","I","2018-08-31 23:59:59.0","","","","","","","",
"52","요양보호사교육기관","11_49_01_P","6260000","201562600000040005-20151028","20151028","","03","폐업","1","폐지","20161230","","","","","","","null","부산광역시 금정구 중앙대로 1927, 5층 (구서동)","","두실요양보호사교육원","20160330172152","I","2018-08-31 23:59:59.0","","","","","","","",
"53","요양보호사교육기관","11_49_01_P","6260000","201562600000040007-20151218","20151218","","03","폐업","1","폐지","20160610","","","","0513146222","","","null","부산광역시 사상구 사상로 337, 2층 (덕포동)","","미주요양보호사교육원","20151229141442","I","2018-08-31 23:59:59.0","","","","","","","",
"54","요양보호사교육기관","11_49_01_P","6260000","201062600000040099-20101026","20101026","","03","폐업","1","폐지","20120416","","","","0515252678","","","부산광역시 해운대구 재송동   1209번지 센텀IS타워 504호","부산광역시 해운대구 반여로155번나길 5 (반여동)","26350","사랑샘 요양보호사교육원","20110315181258","I","2018-08-31 23:59:59.0","","393369.320793096","191732.64589976","","","","",
"55","요양보호사교육기관","11_49_01_P","6260000","201062600000040029-20100622","20100622","","03","폐업","1","폐지","20181129","","","","0517140194","","","부산광역시 동구 초량동 1152번지 1호","부산광역시 동구 중앙대로 328, 503호 (초량동,금산빌딩)","","대한 요양보호사교육원","20180223110310","I","2018-08-31 23:59:59.0","","386410.615098513","182607.916566205","","","","",
"56","요양보호사교육기관","11_49_01_P","6260000","201062600000040054-20100811","20100811","","03","폐업","1","폐지","20161208","","","","0515011988","","","부산광역시 동래구 온천3동   1411번지 47호","부산광역시 동래구 아시아드대로 212-1 (온천동)","","청십자 요양보호사교육원","20160113102108","I","2018-08-31 23:59:59.0","","388135.398337536","191260.584558598","","","","",
"57","요양보호사교육기관","11_49_01_P","6260000","201062600000040096-20101025","20101025","","03","폐업","1","폐지","20111006","","","","0517023382","","","부산 해운대구 좌2동   1479번지 1호 웅신시네아트 A동 308호","부산광역시 해운대구 해운대로 802, A동 308호 (좌동,웅신시네아트)","26350","신도시 요양보호사교육원","20110316092202","I","2018-08-31 23:59:59.0","","398237.363461482","187720.511056894","","","","",
"58","요양보호사교육기관","11_49_01_P","6260000","201062600000040100-20101018","20101018","","03","폐업","1","폐지","20140415","","","","","","","","부산광역시 동구 범일로102번길 14, 5층 (범일동,조방빌딩)","26170","이웃사랑요양보호사교육원","20140502142459","I","2018-08-31 23:59:59.0","","387766.981718924","184134.755033934","","","","",
"59","요양보호사교육기관","11_49_01_P","6260000","201462600000040005-20140826","20140826","","03","폐업","1","폐지","20180209","","","","","","","부산광역시 사하구 장림동 599번지 9호 서진빌딩 7층","부산광역시 사하구 장평로 117, 7층 (장림동,서진빌딩)","","동명요양보호사교육원","20171023150741","I","2018-08-31 23:59:59.0","","379839.949418387","177055.552348263","","","","",
"60","요양보호사교육기관","11_49_01_P","6260000","201062600000040039-20100622","20100622","","03","폐업","1","폐지","20170724","","","","0515319018","","","부산광역시 금정구 서2동   236번지 2호","부산광역시 동래구 미남로 148, 3층층 (온천동)","","동부 요양보호사교육원","20211221165527","U","2021-12-23 02:40:00.0","","391788.802543476","192375.611398659","","","","",
"61","요양보호사교육기관","11_49_01_P","6260000","201062600000040061-20100902","20100902","","03","폐업","1","폐지","20171012","","","","0518088023","","","부산광역시 부산진구 부전2동   226번지 9호 (2층)","부산광역시 부산진구 중앙대로666번길 17, 2층 (부전동,시연빌딩)","","청지기 요양보호사교육원","20171222144910","I","2018-08-31 23:59:59.0","","387542.119327034","185585.098930111","","","","",
"62","요양보호사교육기관","11_49_01_P","6260000","201062600000040097-20101025","20101025","","03","폐업","1","폐지","20110119","","","","0518676005","","","부산광역시 연제구 거제3동   486번지 1호 2층 17호","부산광역시 연제구 거제시장로14번길 28 (거제동,2층 17호)","26470","황산 요양보호사교육원","20101025194714","I","2018-08-31 23:59:59.0","","388745.432070087","188934.356377584","","","","",
"63","요양보호사교육기관","11_49_01_P","6260000","201062600000040074-20101011","20101011","","03","폐업","1","폐지","20150731","","","","0516344881","","","부산광역시 남구 우암1동   3-31","","","(사)한국실버뱅크 부설 남구 요양보호사교육원","20150806155916","I","2018-08-31 23:59:59.0","","","","","","","",
"64","요양보호사교육기관","11_49_01_P","6260000","201562600000040001-20150209","20150209","","03","폐업","1","폐지","","","","","0516070075","","","","부산광역시 부산진구 가야대로 767, 지하1층 (부전동)","","사단법인 한국건강대학 요양보호사교육원","20220322170242","U","2022-03-24 02:40:00.0","","","","","","","",
"65","요양보호사교육기관","11_49_01_P","6260000","201662600000040008-20161028","20161028","","03","폐업","1","폐지","20180411","","","","0518532739","","","null","부산광역시 동구 고관로13번길 32, 2층 (초량동,학영빌딩)","","미래비젼요양보호사교육원장","20170220152146","I","2018-08-31 23:59:59.0","","","","","","","",
"66","요양보호사교육기관","11_49_01_P","6260000","201762600000040001-20170102","20170102","","03","폐업","1","폐지","20171112","","","","0518677557","","","null","부산광역시 수영구 연수로 395, 6층 (수영동,태향빌딩)","","행복동행요양보호사교육원","20200303102909","U","2020-03-05 02:40:00.0","","","","","","","",
"67","요양보호사교육기관","11_49_01_P","6260000","201062600000040004-20100604","20100604","","03","폐업","1","폐지","20111024","","","","0515903720","","","부산광역시 부산진구 양정1동   370번지 22호 (3층)","부산광역시 부산진구 동평로 418 (양정동,(3층))","26230","친목 요양보호사교육원","20120730113030","I","2018-08-31 23:59:59.0","","388538.823473465","187950.478602829","","","","",
"68","요양보호사교육기관","11_49_01_P","6260000","201062600000040027-20100611","20100611","","03","폐업","1","폐지","20101013","","","","0512021112","","","부산광역시 사하구 당리동   303번지 11호","부산광역시 사하구 낙동대로 458 (당리동)","26380","하단 요양보호사교육원","20100712180310","I","2018-08-31 23:59:59.0","","379460.187336962","180305.158017524","","","","",
"69","요양보호사교육기관","11_49_01_P","6260000","201062600000040040-20100622","20100622","","03","폐업","1","폐지","20171012","","","","0515272531","","","부산광역시 동래구 낙민동   23번지 3호","부산광역시 동래구 충렬대로348번길 23 (낙민동)","","동부산 요양보호사교육원","20171222144808","I","2018-08-31 23:59:59.0","","390805.03821904","190612.851490221","","","","",
"70","요양보호사교육기관","11_49_01_P","6260000","201062600000040038-20100622","20100622","","03","폐업","1","폐지","20111125","","","","0518183338","","","부산광역시 부산진구 부전1동   259번지 5호","부산광역시 부산진구 서면문화로 6 (부전동)","26230","서면 요양보호사교육원","20110315182327","I","2018-08-31 23:59:59.0","","387456.738406499","186285.673830996","","","","",
"71","요양보호사교육기관","11_49_01_P","6260000","201062600000040034-20100622","20100622","","03","폐업","1","폐지","20120216","","","","0514413690","","","부산광역시 동구 초량3동   1158번지 7호","부산광역시 동구 중앙대로 298 (초량동)","26170","부산YWCA 요양보호사교육원","20110315175304","I","2018-08-31 23:59:59.0","","386287.078882652","182353.593813228","","","","",
"72","요양보호사교육기관","11_49_01_P","6260000","201062600000040002-20100604","20100604","","03","폐업","1","폐지","20101222","","","","0512021166","","","부산광역시 동구 초량3동   1146번지 9호 삼익빌딩(2층)","부산광역시 동구 고관로 36 (초량동,삼익빌딩(2층))","","인창 요양보호사교육원","20151126204155","I","2018-08-31 23:59:59.0","","386170.288273285","182291.288620305","","","","",
"73","요양보호사교육기관","11_49_01_P","6260000","201062600000040016-20100605","20100605","","03","폐업","1","폐지","20120314","","","","","","","부산광역시 부산진구 부암3동   452번지 56호 1층","부산광역시 부산진구 백양순환로119번길 62 (부암동,1층)","26230","부산미용고등학교 부설 요양보호사교육원","20110714184318","I","2018-08-31 23:59:59.0","","385995.414476169","187756.651753549","","","","",
"74","요양보호사교육기관","11_49_01_P","6260000","201062600000040015-20100605","20100605","","03","폐업","1","폐지","20120327","","","","0515837991","","","부산광역시 금정구 장전3동   339번지 8호 (2층)","부산광역시 금정구 금정로 35 (장전동,(2층))","26410","하누리 요양보호사교육원","20110425180252","I","2018-08-31 23:59:59.0","","389818.213081102","194055.887290449","","","","",
"75","요양보호사교육기관","11_49_01_P","6260000","201062600000040014-20100605","20100605","","03","폐업","1","폐지","","","","","0518978288","","","부산광역시 부산진구 가야3동   301번지 8호 (2층)","부산광역시 부산진구 가야대로 566 (가야동,(2층))","","가야 요양보호사교육원","20151029164954","I","2018-08-31 23:59:59.0","","385264.893979478","185761.03338785","","","","",
"76","요양보호사교육기관","11_49_01_P","6260000","201062600000040010-20100605","20100605","","03","폐업","1","폐지","20130726","","","","0513370008","","","부산광역시 북구 덕천1동   388번지 1호 대방상가 2동 301호","부산광역시 북구 만덕대로90번길 13 (덕천동,대방상가 2동 301호)","26320","파랑새 요양보호사교육원","20110316111447","I","2018-08-31 23:59:59.0","","383443.264423517","192181.296404737","","","","",
"77","요양보호사교육기관","11_49_01_P","6260000","201062600000040009-20100605","20100605","","03","폐업","1","폐지","20150731","","","","0519444022","","","부산광역시 기장군 기장읍 대라리 406번지 3호","부산광역시 기장군 기장읍 대청로 42","26710","소망요양보호사 교육권","20170905181508","I","2018-08-31 23:59:59.0","","401391.375537312","195774.67538181","","","","",
"78","요양보호사교육기관","11_49_01_P","6260000","201062600000040017-20100611","20100611","","03","폐업","1","폐지","20150731","","","","05199498891","","","부산광역시 부산진구 양정1동   351번지 1호 5층","부산광역시 부산진구 중앙대로 922 (양정동,5층)","","동서대학교사회교육원 부설 요양보호사교육원","20150806155438","I","2018-08-31 23:59:59.0","","388616.347742681","187852.016935024","","","","",
"79","요양보호사교육기관","11_49_01_P","6260000","201062600000040060-20100902","20100902","","03","폐업","1","폐지","20150731","","","","0513633313","","","부산광역시 북구 화명3동   1219번지 1호","부산광역시 북구 금곡대로 288 (화명동)","","화명롯데 요양보호사교육원","20150806160042","I","2018-08-31 23:59:59.0","","","","","","","",
"80","요양보호사교육기관","11_49_01_P","6260000","201062600000040062-20100902","20100902","","03","폐업","1","폐지","20120206","","","","0518184455","","","부산광역시 부산진구 부전2동   156번지 22호 외 2필지","부산광역시 부산진구 중앙대로 722-6 (부전동)","26230","삼성 요양보호사교육원","20120206131016","I","2018-08-31 23:59:59.0","","387613.606422235","186147.676151911","","","","",
"81","요양보호사교육기관","11_49_01_P","6260000","201062600000040063-20100902","20100902","","03","폐업","1","폐지","20150731","","","","0519902419","","","부산광역시 영도구 동삼1동  고신대학교","","","고신대학교 평생교육원 부설 요양보호사 교육원","20150806155303","I","2018-08-31 23:59:59.0","","","","","","","",
"82","요양보호사교육기관","11_49_01_P","6260000","201062600000040064-20100902","20100902","","03","폐업","1","폐지","20120507","","","","0515539996","","","부산광역시 동래구 온천1동   480번지 42호 4층","부산광역시 동래구 동래로 15 (온천동,4층)","","온천 요양보호사교육원","20141211191616","I","2018-08-31 23:59:59.0","","389129.243305862","192406.955231023","","","","",
"83","요양보호사교육기관","11_49_01_P","6260000","201062600000040021-20100611","20100611","","03","폐업","1","폐지","20110712","","","","0515171881","","","부산광역시 금정구 구서2동   248번지 10호 현대빌딩 2층","부산광역시 금정구 중앙대로 1883 (구서동,현대빌딩 2층)","26410","안심생활 요양보호사교육원","20110316093310","I","2018-08-31 23:59:59.0","","390220.030386525","196800.01715156","","","","",
"84","요양보호사교육기관","11_49_01_P","6260000","201062600000040022-20100611","20100611","","03","폐업","1","폐지","20101119","","","","0518674794","","","부산광역시 부산진구 양정2동   331번지 16호 2층","부산광역시 부산진구 연수로11번길 19-5 (양정동,2층)","26230","은빛 요양보호사교육원","20210409093529","U","2021-04-11 02:40:00.0","","388758.407651959","188079.890003368","","","","",
"85","요양보호사교육기관","11_49_01_P","6260000","201062600000040084-20101019","20101019","","03","폐업","1","폐지","20110530","","","","0514694455","","","부산광역시 부산진구 범천1동   870번지 1호 석 빌딩 3층","","","미래사회 요양보호사교육원","20110315171836","I","2018-08-31 23:59:59.0","","","","","","","",
"86","요양보호사교육기관","11_49_01_P","6260000","201062600000040087-20101019","20101019","","03","폐업","1","폐지","20120229","","","","0512039466","","","부산광역시 사하구 당리동   39번지 24호 (4층)","부산광역시 사하구 제석로95번길 27 (당리동,(1층))","26380","환희 요양보호사교육원","20110909154304","I","2018-08-31 23:59:59.0","","","","","","","",
"87","요양보호사교육기관","11_49_01_P","6260000","201062600000040088-20101019","20101019","","03","폐업","1","폐지","20140116","","","","0517553733","","","부산광역시 수영구 수영동   503-24","","","나눔 요양보호사교육원","20141020095933","I","2018-08-31 23:59:59.0","","","","","","","",
"88","요양보호사교육기관","11_49_01_P","6260000","201062600000040018-20100611","20100611","","03","폐업","1","폐지","20170918","","","","0518085632","","","부산광역시 부산진구 부전1동   266번지 30호","부산광역시 부산진구 새싹로8번길 36 (부전동)","","자모사랑 요양보호사교육원","20150206175148","I","2018-08-31 23:59:59.0","","387624.989707084","186442.636762676","","","","",
"89","요양보호사교육기관","11_49_01_P","6260000","201062600000040020-20100611","20100611","","03","폐업","1","폐지","20110525","","","","0515435225","","","부산광역시 해운대구 반송2동   62번지 121호 2층","부산광역시 해운대구 윗반송로51번길 149 (반송동,2층)","26350","심청이 요양보호사교육원","20110316093012","I","2018-08-31 23:59:59.0","","396292.555984134","194737.007490582","","","","",
"90","요양보호사교육기관","11_49_01_P","6260000","201062600000040033-20100622","20100622","","03","폐업","1","폐지","20110706","","","","0515587500","","","부산광역시 동래구 명륜1동   528번지 4호","부산광역시 동래구 충렬대로 180 (명륜동)","26260","혜성 요양보호사교육원","20110318162422","I","2018-08-31 23:59:59.0","","389306.986426849","191351.326138058","","","","",
"91","요양보호사교육기관","11_49_01_P","6260000","201062600000040032-20100622","20100622","","03","폐업","1","폐지","20110214","","","","0512421588","","","부산광역시 서구 서대신동2가   35번지 10호 401호","부산광역시 서구 구덕로 311 (서대신동2가,401호)","26140","밀알 요양보호사교육원","20110118202945","I","2018-08-31 23:59:59.0","","383800.456189752","181030.551709861","","","","",
"92","요양보호사교육기관","11_49_01_P","6260000","201062600000040031-20100622","20100622","","03","폐업","1","폐지","20161010","","","","0518631456","","","부산광역시 부산진구 양정동   336번지 14호","부산광역시 부산진구 중앙대로 930 (양정동)","","인성 요양보호사교육원","20160329144223","I","2018-08-31 23:59:59.0","","388644.828513293","187911.443870304","","","","",
"93","요양보호사교육기관","11_49_01_P","6260000","201062600000040030-20100622","20100622","","03","폐업","1","폐지","20110704","","","","0515447736","","","부산광역시 해운대구 반송2동   301번지 7호 2층","부산광역시 해운대구 반송로892번길 20 (반송동,2층)","26350","반송 참사랑 요양보호사교육원","20110316135111","I","2018-08-31 23:59:59.0","","395888.167910697","194489.213658893","","","","",
"94","요양보호사교육기관","11_49_01_P","6260000","201062600000040028-20100622","20100622","","03","폐업","1","폐지","20120903","","","","0515075305","","","부산광역시 동래구 온천3동   1444번지 6호","부산광역시 동래구 충렬대로108번길 4 (온천동)","26260","동래 요양보호사교육원","20120619110524","I","2018-08-31 23:59:59.0","","388649.545806744","191668.881450636","","","","",
"95","요양보호사교육기관","11_49_01_P","6260000","201062600000040042-20100706","20100706","","03","폐업","1","폐지","20120420","","","","0513337739","","","부산광역시 북구 구포1동   700번지 53호 3층","부산광역시 북구 시랑로 9 (구포동,3층)","26320","성안 요양보호사교육원","20110315183547","I","2018-08-31 23:59:59.0","","382471.875875289","191337.559320129","","","","",
"96","요양보호사교육기관","11_49_01_P","6260000","201062600000040047-20100706","20100706","","03","폐업","1","폐지","20110518","","","","0513344200","","","부산광역시 북구 덕천2동   400번지 1호 동강빌딩 5층","부산광역시 북구 백양대로 1204 (덕천동,동강빌딩5층)","26320","부민 요양보호사교육원","20110315174234","I","2018-08-31 23:59:59.0","","382578.562683938","191907.270869556","","","","",
"97","요양보호사교육기관","11_49_01_P","6260000","201062600000040050-20100715","20100715","","03","폐업","1","폐지","20120705","","","","0513146614","","","부산광역시 사상구 주례1동   824번지 8호 2층","","","한울진사랑 요양보호사교육원","20100715200447","I","2018-08-31 23:59:59.0","","381984.293245804","185467.603657087","","","","",
"98","요양보호사교육기관","11_49_01_P","6260000","201062600000040089-20101019","20101019","","03","폐업","1","폐지","20150930","","","","0518651600","","","부산광역시 부산진구 양정2동   406-11","부산광역시 부산진구 중앙대로 939, 4층 (양정동,조광빌딩)","","부산평생교육원 부설 요양보호사 교육원","20140709153738","I","2018-08-31 23:59:59.0","","","","","","","",
"99","요양보호사교육기관","11_49_01_P","6260000","201062600000040090-20101019","20101019","","03","폐업","1","폐지","20140415","","","","0516376609","","","부산광역시 동구 범일동   830번지 27호 (5층)","부산광역시 동구 범일로102번길 14, 5층 (범일동)","","이웃사랑 요양보호사교육원","20141020100132","I","2018-08-31 23:59:59.0","","","","","","","",
"100","요양보호사교육기관","11_49_01_P","6260000","201062600000040091-20101020","20101020","","03","폐업","1","폐지","20161230","","","","0517530322","","","부산광역시 수영구 광안1동   118-5","부산광역시 수영구 수영로 612 (광안동)","","수영 요양보호사교육원","20170222103952","I","2018-08-31 23:59:59.0","","","","","","","",
"101","요양보호사교육기관","11_49_01_P","6260000","201062600000040092-20101025","20101025","","03","폐업","1","폐지","20151210","","","","0513145858","","","부산광역시 사상구 덕포1동   113번지 13호","부산광역시 사상구 백양대로 687-23 (덕포동)","","정향 요양보호사교육원","20150323104105","I","2018-08-31 23:59:59.0","","381067.320399592","187194.092227461","","","","",
"102","요양보호사교육기관","11_49_01_P","6260000","201062600000040053-20100803","20100803","","03","폐업","1","폐지","20100803","","","","0512003402","","","부산광역시 사하구 괴정3동  동주대학","","","동주대학 요양보호사교육원","20151202140042","I","2018-08-31 23:59:59.0","","","","","","","",
"103","요양보호사교육기관","11_49_01_P","6260000","201062600000040051-20100803","20100803","","03","폐업","1","폐지","","","","","0515150985","","","부산광역시 금정구 남산동   104번지 3호","부산광역시 금정구 남산로 2 (남산동)","","금정 요양보호사교육원","20141028131533","I","2018-08-31 23:59:59.0","","390303.378661175","198413.266906048","","","","",
"104","요양보호사교육기관","11_49_01_P","6260000","201062600000040052-20100803","20100803","","03","폐업","1","폐지","20110908","","","","0516434009","","","부산광역시 남구 문현2동   798번지 원방아트빌딩 4층","","","치사람 요양보호사교육원","20110404103117","I","2018-08-31 23:59:59.0","","","","","","","",
"105","요양보호사교육기관","11_49_01_P","6260000","201062600000040057-20100811","20100811","","03","폐업","1","폐지","20120330","","","","07087250633","","","부산광역시 연제구 연산5동   1341번지 23호 3층","부산광역시 연제구 신촌로 3 (연산동,3층)","26470","구명 요양보호사교육원","20110315155721","I","2018-08-31 23:59:59.0","","389196.054357731","188948.965331069","","","","",
"106","요양보호사교육기관","11_49_01_P","6260000","201062600000040055-20100811","20100811","","03","폐업","1","폐지","20111107","","","","0517240035","","","부산광역시 기장군 기장읍 대라리  56번지 9호 무산빌딩 3층","부산광역시 기장군 기장읍 차성로288번길 50 (무산빌딩 3층)","26710","효성 요양보호사교육원","20110404103452","I","2018-08-31 23:59:59.0","","401668.449608778","195984.927496977","","","","",
"107","요양보호사교육기관","11_49_01_P","6260000","201062600000040066-20100917","20100917","","03","폐업","1","폐지","20120313","","","","0512032244","","","부산광역시 사하구 괴정2동   356-1","부산광역시 사하구 까치고개로 9 (괴정동)","","제일 요양보호사교육원","20120308155551","I","2018-08-31 23:59:59.0","","","","","","","",
"108","요양보호사교육기관","11_49_01_P","6260000","201062600000040068-20101011","20101011","","03","폐업","1","폐지","20160923","","","","0515100952","","","부산광역시 해운대구 반송2동   301번지 7호 2층","부산광역시 금정구 오륜대로 57, 2호 (부곡동,부산가톨릭대학교간호대학메리놀관)","","부산가톨릭대학교 부설 요양보호사교육원","20220322171612","U","2022-03-24 02:40:00.0","","395888.167910697","194489.213658893","","","","",
"109","요양보호사교육기관","11_49_01_P","6260000","201062600000040069-20101011","20101011","","03","폐업","1","폐지","20110331","","","","0513328004","","","부산광역시 북구 만덕2동   949-1","null","","만덕종합사회복지관 요양보호사교육원","20190325173028","U","2019-03-27 02:40:00.0","","","","","","","",
"110","요양보호사교육기관","11_49_01_P","6260000","201062600000040072-20101011","20101011","","03","폐업","1","폐지","20180110","","","","0518603066","","","부산광역시 부산진구 양정동 산 72번지","부산광역시 부산진구 양지로 54, 1층 (양정동,동의대학교석당문화관)","","동의과학대학교 부설 요양보호사교육원","20170117091931","I","2018-08-31 23:59:59.0","","","","","","","",
"111","요양보호사교육기관","11_49_01_P","6260000","201062600000040046-20100706","20100706","","03","폐업","1","폐지","20160923","","","","0518532739","","","부산광역시 부산진구 양정2동   145번지 3호","부산광역시 사상구 가야대로 329, 4층 (주례동,알뜰주유소)","","비젼 요양보호사교육원","20220322171938","U","2022-03-24 02:40:00.0","","388901.34682885","188341.322416779","","","","",
"112","요양보호사교육기관","11_49_01_P","6260000","201062600000040013-20100605","20100605","","03","폐업","1","폐지","20160923","","","","","","","부산광역시 부산진구 범천동 886번지 41호","부산광역시 부산진구 범일로131번길 44, 2층 (범천동)","","열린평생 요양보호사교육원","20220322170438","U","2022-03-24 02:40:00.0","","387560.954427464","184617.756634556","","","","",
"113","요양보호사교육기관","11_49_01_P","6260000","201062600000040056-20100811","20100811","","03","폐업","1","폐지","20170724","","","","0513111212","","","부산광역시 사상구 주례3동   1162번지 14호 주례중앙빌딩 5층","부산광역시 사상구 가야대로 260, 3층 (주례동)","26530","북부산 요양보호사교육원","20210104091117","U","2021-01-06 02:40:00.0","","382442.365387785","185279.162706642","","","","",
"114","요양보호사교육기관","11_49_01_P","6260000","201062600000040081-20101019","20101019","","03","폐업","1","폐지","20180206","","","","0518014035","","","부산광역시 부산진구 전포2동  적십자회관빌딩","부산광역시 부산진구 동성로 144, 1층 (전포동,대한적십자빌딩)","","대한적십자사 부산광역시지사 요양보호사 교육원","20161005140717","I","2018-08-31 23:59:59.0","","388569.448930725","185453.187416704","","","","",
"115","요양보호사교육기관","11_49_01_P","6260000","201062600000040082-20101019","20101019","","03","폐업","1","폐지","20121023","","","","0512619922","","","부산광역시 사하구 장림2동   64번지 2호 2층","부산광역시 사하구 두송로 40 (장림동,2층)","26380","부경보건고등학교 부설 요양보호사교육원","20110415165411","I","2018-08-31 23:59:59.0","","380585.880007958","177277.315650526","","","","",
"116","요양보호사교육기관","11_49_01_P","6260000","201062600000040083-20101019","20101019","","03","폐업","1","폐지","20160630","","","","0518677557","","","부산광역시 수영구 수영동   451번지 13호 태향빌딩 6층","부산광역시 수영구 연수로 395 (수영동,태향빌딩 6층)","","행복 요양보호사교육원","20160722172252","I","2018-08-31 23:59:59.0","","392423.66915777","187601.27921049","","","","",
"117","요양보호사교육기관","11_49_01_P","6260000","201062600000040086-20101019","20101019","","03","폐업","1","폐지","20150105","","","","0519995356","","","부산광역시 사상구 괘법동   산1-1","","","신라대학교 부설 요양보호사교육원","20131022143443","I","2018-08-31 23:59:59.0","","","","","","","",
"118","요양보호사교육기관","11_49_01_P","6260000","201062600000040076-20101011","20101011","","03","폐업","1","폐지","20110412","","","","0512466613","","","부산광역시 중구 남포동2가   25번지 10호","부산광역시 중구 구덕로34번길 4 (남포동2가)","26110","메디칼 요양보호사교육원","20110315171151","I","2018-08-31 23:59:59.0","","385243.158543667","179580.295176299","","","","",
"119","요양보호사교육기관","11_49_01_P","6260000","201062600000040077-20101011","20101011","","03","폐업","1","폐지","20120328","","","","0515104807","","","부산광역시 금정구 부곡2동  대동대학","","","대동대학 부설 요양보호사교육원","20110315163154","I","2018-08-31 23:59:59.0","","","","","","","",
"120","요양보호사교육기관","11_49_01_P","6260000","201062600000040078-20101011","20101011","","03","폐업","1","폐지","20160831","","","","0516379949","","","부산광역시 부산진구 범천1동   836-1","","","현대 요양보호사교육원","20161005165214","I","2018-08-31 23:59:59.0","","","","","","","",
"121","요양보호사교육기관","11_49_01_P","6260000","201062600000040094-20101025","20101025","","03","폐업","1","폐지","20150501","","","","0512664949","","","부산광역시 사하구 신평1동   14번지","부산광역시 사하구 다대낙조2길 3, 5층 (다대동,몰운대빌딩)","","천사(다대) 요양보호사 교육원","20150513144601","I","2018-08-31 23:59:59.0","","380234.027024159","179074.881612575","","","","",
"122","요양보호사교육기관","11_49_01_P","6260000","201062600000040095-20101025","20101025","","03","폐업","1","폐지","20110210","","","","0513168255","","","부산광역시 사상구 괘법동   511번지 2호 2층","부산광역시 사상구 사상로148번길 25 (괘법동,2층)","26530","샘물 요양보호사교육원","20101026092159","I","2018-08-31 23:59:59.0","","381141.053269394","186313.167239437","","","","",
"123","요양보호사교육기관","11_49_01_P","6260000","201062600000040098-20101025","20101025","","03","폐업","1","폐지","20101222","","","","0518187578","","","부산 부산진구 양정1동   391번지 10호 2층","부산광역시 부산진구 동평로420번길 28 (양정동,2층)","26230","아산 요양보호사교육원","20101029164252","I","2018-08-31 23:59:59.0","","388472.360041319","187842.952825733","","","","",
"124","요양보호사교육기관","11_49_01_P","6260000","201062600000040011-20100605","20100605","","03","폐업","1","폐지","20150731","","","","0518503108","","","부산광역시 부산진구 양정1동  1050번지 부산여자대학","","","부산여자대학 요양보호사교육원","20150806155154","I","2018-08-31 23:59:59.0","","","","","","","",
"125","요양보호사교육기관","11_49_01_P","6260000","201062600000040037-20100622","20100622","","03","폐업","1","폐지","20120904","","","","0514413023","","","부산광역시 남구 문현2동   517번지 3호 3층","부산광역시 남구 전포대로 108-1 (문현동,3층)","26290","시티 요양보호사교육원","20120417112944","I","2018-08-31 23:59:59.0","","388302.764889546","184987.804781904","","","","",
"126","요양보호사교육기관","11_49_01_P","6260000","201062600000040043-20100706","20100706","","03","폐업","1","폐지","20150731","","","","0515134567","","","부산광역시 금정구 구서2동   177번지 25호 대원빌딩 3층","부산광역시 금정구 중앙대로 1927 (구서동)","","세영 요양보호사교육원","20150806155347","I","2018-08-31 23:59:59.0","","390235.603406903","197238.082748025","","","","",
"127","요양보호사교육기관","11_49_01_P","6260000","201062600000040058-20100902","20100902","","03","폐업","1","폐지","20110119","","","","0518022038","","","부산광역시 부산진구 전포2동   874번지 13호 레그늄오피스텔 101호, 102호","부산광역시 부산진구 중앙대로 800 (전포동,레그늄오피스텔 101호, 102호)","26230","그린케어 요양보호사교육원","20101029175517","I","2018-08-31 23:59:59.0","","387957.596838922","186815.652008647","","","","",
"128","요양보호사교육기관","11_49_01_P","6260000","201062600000040079-20101019","20101019","","03","폐업","1","폐지","20121025","","","","0513435664","","","부산광역시 북구 구포3동   1255번지 2호","부산광역시 북구 시랑로114번길 45 (구포동)","26320","JS 요양보호사교육원","20120405114013","I","2018-08-31 23:59:59.0","","382865.897094966","190186.827804782","","","","",
"129","요양보호사교육기관","11_49_01_P","6260000","202062600000040001-20201126","20201126","","03","폐업","1","폐지","20201126","","","","","","","부산광역시 영도구 대교동1가 39번지","부산광역시 영도구 태종로 47, 신일빌딩 201호 (대교동1가)","","은하수요양보호사교육원","20201126100201","I","2020-11-28 00:23:08.0","","","","","","","",
"130","요양보호사교육기관","11_49_01_P","6260000","201062600000040041-20100706","20100706","","01","영업/정상","3","재개","","","20171231","20160513","0515139088","","","부산광역시 금정구 구서동 163-25","부산광역시 금정구 중앙대로 1949, 2층 (구서동)","","금강 요양보호사교육원","20210610150815","U","2021-06-12 02:40:00.0","","","","","","","",
