"번호","개방서비스명","개방서비스아이디","개방자치단체코드","관리번호","인허가일자","인허가취소일자","영업상태구분코드","영업상태명","상세영업상태코드","상세영업상태명","폐업일자","휴업시작일자","휴업종료일자","재개업일자","소재지전화","소재지면적","소재지우편번호","소재지전체주소","도로명전체주소","도로명우편번호","사업장명","최종수정시점","데이터갱신구분","데이터갱신일자","업태구분명","좌표정보(x)","좌표정보(y)","승려수","신도수","창립연대","유래연혁","지정취소","지정취소일자","지정취소사유","전통사찰명",
"1","전통사찰","03_07_11_P","3260000","CDFD1010","20030127","","01","영업/정상","05","지정","","","","","244-0185","","","부산광역시 서구 동대신동3가 254번지","","","대허사","20030127134425","I","2018-08-31 23:59:59.0","","384103.286604844","181571.198331966","0","0","","","N","","","대허사",
"2","전통사찰","03_07_11_P","3260000","CDFD1051","20030127","","01","영업/정상","05","지정","","","","","255-0977","","","부산광역시 서구 토성동3가 4번지 1통2반","","","양제포교당","20030127145630","I","2018-08-31 23:59:59.0","","","","0","0","","","N","","","양제포교당",
"3","전통사찰","03_07_11_P","3260000","CDFD1052","20030127","","01","영업/정상","05","지정","","","","","241-4418","","","부산광역시 서구 토성동1가 12번지 3통2반","","","혜월사","20030127145706","I","2018-08-31 23:59:59.0","","","","0","0","","","N","","","혜월사",
"4","전통사찰","03_07_11_P","3260000","CDFD1053","20030127","","01","영업/정상","05","지정","","","","","256-9546","","","부산광역시 서구 토성동1가 36-1번지 4통2반","부산광역시 서구 구덕로134번길 38-1  (토성동1가)","","관음사선원","20120209100404","I","2018-08-31 23:59:59.0","","384325.1294996","179622.088881565","0","0","","","N","","","관음사선원",
"5","전통사찰","03_07_11_P","3260000","CDFD1054","20030127","","01","영업/정상","05","지정","","","","","253-3712","","","부산광역시 서구 남부민동 93번지 13통1반","","","칠보사","20030127145850","I","2018-08-31 23:59:59.0","","","","0","0","","","N","","","칠보사",
"6","전통사찰","03_07_11_P","3260000","CDFD1055","20030127","","01","영업/정상","05","지정","","","","","257-1072","","","부산광역시 서구 남부민동 산 4번지","","","보문사","20030127145935","I","2018-08-31 23:59:59.0","","","","0","0","","","N","","","보문사",
"7","전통사찰","03_07_11_P","3260000","CDFD1056","20030127","","01","영업/정상","05","지정","","","","","256-0968","","","부산광역시 서구 남부민동 8번지","","","천부암","20030127150014","I","2018-08-31 23:59:59.0","","383954.686341135","178782.677904668","0","0","","","N","","","천부암",
"8","전통사찰","03_07_11_P","3260000","CDFD1057","20030127","","01","영업/정상","05","지정","","","","","257-2044","","","부산광역시 서구 남부민동 50번지","","","금황사","20030127150148","I","2018-08-31 23:59:59.0","","","","0","0","","","N","","","금황사",
"9","전통사찰","03_07_11_P","3260000","CDFD1058","20030127","","01","영업/정상","05","지정","","","","","253-5414","","","부산광역시 서구 남부민동 산 4-18번지 4통1반","부산광역시 서구 천마산로209번길 103  (남부민동)","","대원사","20120208181536","I","2018-08-31 23:59:59.0","","383884.779389725","178507.852088893","0","0","","","N","","","대원사",
"10","전통사찰","03_07_11_P","3260000","CDFD1059","20030127","","01","영업/정상","05","지정","","","","","241-7790","","","부산광역시 서구 남부민동 1-6번지 4통1반","부산광역시 서구 천마산로209번길 94  (남부민동)","","용암사","20120208181650","I","2018-08-31 23:59:59.0","","383908.082064491","178539.892096039","0","0","","","N","","","용암사",
"11","전통사찰","03_07_11_P","3260000","CDFD1060","20030127","","01","영업/정상","05","지정","","","","","254-4204","","","부산광역시 서구 남부민동 산 4-9번지 4통1반","","","관용사","20030127150433","I","2018-08-31 23:59:59.0","","383968.145014774","178572.639099173","0","0","","","N","","","관용사",
"12","전통사찰","03_07_11_P","3260000","CDFD1061","20030127","","01","영업/정상","05","지정","","","","","242-4234","","","부산광역시 서구 남부민동 465번지 6통2반","부산광역시 서구 해돋이로 74-14  (남부민동)","","천마선중생사","20030127150524","I","2018-08-31 23:59:59.0","","384246.55788671","178111.578582436","0","0","","","N","","","천마선중생사",
"13","전통사찰","03_07_11_P","3260000","CDFD1062","20030127","","01","영업/정상","05","지정","","","","","244-3481","","","부산광역시 서구 남부민동 94번지 17통3반","","","천왕사","20030127150704","I","2018-08-31 23:59:59.0","","384304.858317516","178461.614151848","0","0","","","N","","","천왕사",
"14","전통사찰","03_07_11_P","3260000","CDFD1063","20030127","","01","영업/정상","05","지정","","","","","244-4044","","","부산광역시 서구 남부민동 428번지 13통6반","부산광역시 서구 해돋이로53번길 14-9  (남부민동)","","청룡사","20030127150737","I","2018-08-31 23:59:59.0","","384038.401259111","178001.383710745","0","0","","","N","","","청룡사",
"15","전통사찰","03_07_11_P","3260000","CDFD1064","20030127","","01","영업/정상","05","지정","","","","","253-3711","","","부산광역시 서구 남부민동 93-1번지","부산광역시 서구 해돋이로109번길 17  (남부민동)","","칠보사","20120209091104","I","2018-08-31 23:59:59.0","","384242.826461306","178529.716640924","0","0","","","N","","","칠보사",
"16","전통사찰","03_07_11_P","3260000","CDFD1065","20030127","","01","영업/정상","05","지정","","","","","256-3383","","","부산광역시 서구 남부민동 315번지 11통6반","부산광역시 서구 남부민로 28  (남부민동)","","대법사","20030127151103","I","2018-08-31 23:59:59.0","","384481.244120066","178025.039613013","0","0","","","N","","","대법사",
"17","전통사찰","03_07_11_P","3260000","CDFD1066","20030127","","01","영업/정상","05","지정","","","","","247-6946","","","부산광역시 서구 암남동 2번지 36통3반","","","반야사","20030127151028","I","2018-08-31 23:59:59.0","","383709.173426868","177923.119803168","0","0","","","N","","","반야사",
"18","전통사찰","03_07_11_P","3260000","CDFD1067","20030127","","01","영업/정상","05","지정","","","","","253-7286","","","부산광역시 서구 암남동 산 4-1번지 30통1반","","","해광사","20120209091217","I","2018-08-31 23:59:59.0","","383661.143837027","178197.976865774","0","0","","","N","","","해광사",
"19","전통사찰","03_07_11_P","3260000","CDFD1068","20030127","","01","영업/정상","05","지정","","","","","245-4748","","","부산광역시 서구 암남동 206-1번지 33통1반","부산광역시 서구 충무대로 64  (암남동)","","능암정사","20120209091307","I","2018-08-31 23:59:59.0","","384165.469698954","177338.581629942","0","0","","","N","","","능암정사",
"20","전통사찰","03_07_11_P","3260000","CDFD1069","20030127","","01","영업/정상","05","지정","","","","","254-0035","","","부산광역시 서구 암남동 산 119번지 12통7반","부산광역시 서구 암남공원로 254-23  (암남동)","","진평정사","20030127151340","I","2018-08-31 23:59:59.0","","383807.020656398","175933.438831153","0","0","","","N","","","진평정사",
"21","전통사찰","03_07_11_P","3260000","CDFD1070","20030127","","01","영업/정상","05","지정","","","","","256-9231","","","부산광역시 서구 암남동 279-8번지 9통2반","부산광역시 서구 충무대로 43-2  (암남동)","","삼불정사","20120209091452","I","2018-08-31 23:59:59.0","","383949.812393111","177432.698588332","0","0","","","N","","","삼불정사",
"22","전통사찰","03_07_11_P","3260000","CDFD1071","20030127","","01","영업/정상","05","지정","","","","","256-4437","","","부산광역시 서구 암남동 165-6번지","","","용암사","20030127151451","I","2018-08-31 23:59:59.0","","","","0","0","","","N","","","용암사",
"23","전통사찰","03_07_11_P","3260000","CDFD1072","20030127","","01","영업/정상","05","지정","","","","","253-7252","","","부산광역시 서구 암남동 470-7번지","부산광역시 서구 암남로78번길 25-5  (암남동)","","천봉사","20030127151524","I","2018-08-31 23:59:59.0","","383461.110854123","177305.711679131","0","0","","","N","","","천봉사",
"24","전통사찰","03_07_11_P","3260000","CDFD1073","20030127","","01","영업/정상","05","지정","","","","","243-9069","","","부산광역시 서구 동대신동3가 333-2번지","부산광역시 서구 구덕로334번길 19-2  (동대신동3가)","","원불료대신교당","20120209091639","I","2018-08-31 23:59:59.0","","383813.866440221","181296.944019409","0","0","","","N","","","원불료대신교당",
"25","전통사찰","03_07_11_P","3260000","CDFD1074","20030127","","01","영업/정상","05","지정","","","","","256-5927","","","부산광역시 서구 남부민동 502번지 6통1반","","","원불교남부민교당","20030127151657","I","2018-08-31 23:59:59.0","","","","0","0","","","N","","","원불교남부민교당",
"26","전통사찰","03_07_11_P","3260000","CDFD1075","20030127","","01","영업/정상","05","지정","","","","","244-7155","","","부산광역시 서구 아미동2가 36-8번지","부산광역시 서구 구덕로185번길 52  (아미동2가)","","원불교토성교당","20120209091824","I","2018-08-31 23:59:59.0","","383834.49925532","179904.868313732","0","0","","","N","","","원불교토성교당",
"27","전통사찰","03_07_11_P","3260000","CDFD1001","20020430","","01","영업/정상","05","지정","","","","","243-7619","","","부산광역시 서구 동대신동1가 369번지 5통20반","","","대한불교원효종금산포교원","20030127130948","I","2018-08-31 23:59:59.0","","","","0","0","","","N","","","대한불교원효종금산포교원",
"28","전통사찰","03_07_11_P","3260000","CDFD1002","20030127","","01","영업/정상","05","지정","","","","","243-0819","","","부산광역시 서구 동대신동1가 12번지 11통1반","","","락서암","20030127133317","I","2018-08-31 23:59:59.0","","","","0","0","","","N","","","락서암",
"29","전통사찰","03_07_11_P","3260000","CDFD1003","20030127","","01","영업/정상","05","지정","","","","","247-7162","","","부산광역시 서구 동대신동1가 220번지","","","팔도사","20030127133453","I","2018-08-31 23:59:59.0","","","","0","0","","","N","","","팔도사",
"30","전통사찰","03_07_11_P","3260000","CDFD1004","20030127","","01","영업/정상","05","지정","","","","","242-3327","","","부산광역시 서구 동대신동2가 79-106번지 18통4반","","","보현사","20120209111401","I","2018-08-31 23:59:59.0","","384439.531376708","181401.318625408","0","0","","","N","","","보현사",
"31","전통사찰","03_07_11_P","3260000","CDFD1005","20030127","","01","영업/정상","05","지정","","","","","253-0277","","","부산광역시 서구 동대신동2가 211번지 2통3반","부산광역시 서구 보수대로 187  (동대신동2가)","","백련불교문화원","20030127133708","I","2018-08-31 23:59:59.0","","384198.949282115","181066.661380152","0","0","","","N","","","백련불교문화원",
"32","전통사찰","03_07_11_P","3260000","CDFD1006","20030127","","01","영업/정상","05","지정","","","","","242-1902","","","부산광역시 서구 동대신동2가 386번지 1통4반","부산광역시 서구 구덕로296번길 17  (동대신동2가)","","봉성포교당","20030127133823","I","2018-08-31 23:59:59.0","","383952.921129876","180948.227287299","0","0","","","N","","","봉성포교당",
"33","전통사찰","03_07_11_P","3260000","CDFD1007","20030127","","01","영업/정상","05","지정","","","","","243-1524","","","부산광역시 서구 동대신동2가 2-132번지","부산광역시 서구 중앙공원로 21-11  (동대신동2가)","","여래원","20030127134207","I","2018-08-31 23:59:59.0","","384411.916577736","181584.370754969","0","0","","","N","","","여래원",
"34","전통사찰","03_07_11_P","3260000","CDFD1008","20030127","","01","영업/정상","05","지정","","","","","242-4244","","","부산광역시 서구 동대신동3가 66-71번지","부산광역시 서구 망양로107번가길 1  (동대신동3가)","","수암정사","20120209111448","I","2018-08-31 23:59:59.0","","384010.990611317","181807.591526919","0","0","","","N","","","수암정사",
"35","전통사찰","03_07_11_P","3260000","CDFD1009","20030127","","01","영업/정상","05","지정","","","","","242-2611","","","부산광역시 서구 동대신동3가 63-145번지","부산광역시 서구 망양로 115  (동대신동3가)","","수도사","20120209091929","I","2018-08-31 23:59:59.0","","384036.847815749","181659.408466942","0","0","","","N","","","수도사",
"36","전통사찰","03_07_11_P","3260000","CDFD1011","20030127","","01","영업/정상","05","지정","","","","","243-0487","","","부산광역시 서구 동대신동3가 406번지","부산광역시 서구 보수대로 216  (동대신동3가)","","대한불료법화종관불포교원","20030127135142","I","2018-08-31 23:59:59.0","","384091.717326883","181350.617988386","0","0","","","N","","","대한불료법화종관불포교원",
"37","전통사찰","03_07_11_P","3260000","CDFD1012","20030127","","01","영업/정상","05","지정","","","","","243-8125","","","부산광역시 서구 동대신동3가 411번지","","","구광사(금지암)","20030127135248","I","2018-08-31 23:59:59.0","","384111.078650526","181394.953030807","0","0","","","N","","","구광사(금지암)",
"38","전통사찰","03_07_11_P","3260000","CDFD1013","20030127","","01","영업/정상","05","지정","","","","","254-5990","","","부산광역시 서구 서대신동1가 50-1번지 4통","","","대한불료시민선원","20030127135404","I","2018-08-31 23:59:59.0","","383853.033492263","180699.928630557","0","0","","","N","","","대한불료시민선원",
"39","전통사찰","03_07_11_P","3260000","CDFD1014","20030127","","01","영업/정상","05","지정","","","","","256-3483","","","부산광역시 서구 서대신동1가 266번지 9통4반","부산광역시 서구 해돋이로383번길 45  (서대신동1가)","","금정정사","20030127135528","I","2018-08-31 23:59:59.0","","383355.152477091","180419.463204492","0","0","","","N","","","금정정사",
"40","전통사찰","03_07_11_P","3260000","CDFD1015","20030127","","01","영업/정상","05","지정","","","","","255-0494","","","부산광역시 서구 서대신동2가 337번지 14통1반","","","종교관포교원","20030127135628","I","2018-08-31 23:59:59.0","","","","0","0","","","N","","","종교관포교원",
"41","전통사찰","03_07_11_P","3260000","CDFD1016","20030127","","01","영업/정상","05","지정","","","","","243-8038","","","부산광역시 서구 서대신동2가 3-18번지","부산광역시 서구 구덕로315번길 10-3  (서대신동2가)","","능인선원","20030127135721","I","2018-08-31 23:59:59.0","","383741.145991286","181067.144655995","0","0","","","N","","","능인선원",
"42","전통사찰","03_07_11_P","3260000","CDFD1017","20030127","","01","영업/정상","05","지정","","","","","248-3691","","","부산광역시 서구 서대신동3가 458-5번지 1통2반","","","지장정사","20120209093007","I","2018-08-31 23:59:59.0","","383431.72735953","180981.502959959","0","0","","","N","","","지장정사",
"43","전통사찰","03_07_11_P","3260000","CDFD1018","20030127","","01","영업/정상","05","지정","","","","","243-0048","","","부산광역시 서구 서대신동3가 578번지 3통2반","부산광역시 서구 대티로179번길 35  (서대신동3가)","","보타원","20030127135907","I","2018-08-31 23:59:59.0","","383410.452182506","181180.134843195","0","0","","","N","","","보타원",
"44","전통사찰","03_07_11_P","3260000","CDFD1019","20030127","","01","영업/정상","05","지정","","","","","253-4471","","","부산광역시 서구 서대신동3가 산 37번지 12통5반","","","대명사","20030127140000","I","2018-08-31 23:59:59.0","","382496.439366842","181588.952601753","0","0","","","N","","","대명사",
"45","전통사찰","03_07_11_P","3260000","CDFD1020","20030127","","01","영업/정상","05","지정","","","","","255-1968","","","부산광역시 서구 서대신동3가 679번지 10통4반","","","보문사","20030127140041","I","2018-08-31 23:59:59.0","","","","0","0","","","N","","","보문사",
"46","전통사찰","03_07_11_P","3260000","CDFD1021","20030127","","01","영업/정상","05","지정","","","","","255-1905","","","부산광역시 서구 서대신동3가 679-8번지 10통4반","","","관음정사","20030127140134","I","2018-08-31 23:59:59.0","","","","0","0","","","N","","","관음정사",
"47","전통사찰","03_07_11_P","3260000","CDFD1022","20030127","","01","영업/정상","05","지정","","","","","253-1470","","","부산광역시 서구 서대신동3가 687번지 10통2반","","","천룡사","20030127140219","I","2018-08-31 23:59:59.0","","","","0","0","","","N","","","천룡사",
"48","전통사찰","03_07_11_P","3260000","CDFD1023","20030127","","01","영업/정상","05","지정","","","","","255-0698","","","부산광역시 서구 서대신동3가 680번지 11통3반","","","용화사","20030127140257","I","2018-08-31 23:59:59.0","","","","0","0","","","N","","","용화사",
"49","전통사찰","03_07_11_P","3260000","CDFD1024","20030127","","01","영업/정상","05","지정","","","","","255-1109","","","부산광역시 서구 서대신동3가 산 39번지 9통4반","","","수도암","20030127140350","I","2018-08-31 23:59:59.0","","382645.054043606","181435.57723629","0","0","","","N","","","수도암",
"50","전통사찰","03_07_11_P","3260000","CDFD1025","20030127","","01","영업/정상","05","지정","","","","","255-0726","","","부산광역시 서구 서대신동3가 산 3-61번지 12통5반","","","대봉사","20120209093151","I","2018-08-31 23:59:59.0","","","","0","0","","","N","","","대봉사",
"51","전통사찰","03_07_11_P","3260000","CDFD1026","20030127","","01","영업/정상","05","지정","","","","","225-1017","","","부산광역시 서구 서대신동3가 산 9번지 13통2반","","","수도사","20030127140526","I","2018-08-31 23:59:59.0","","","","0","0","","","N","","","수도사",
"52","전통사찰","03_07_11_P","3260000","CDFD1027","20030127","","01","영업/정상","05","지정","","","","","242-0691","","","부산광역시 서구 서대신동3가 4번지 13통5반","부산광역시 서구 엄광산로40번길 80 (서대신동3가)","","내원정사","20170508102752","I","2018-08-31 23:59:59.0","","383351.172145753","182668.955186311","0","0","","","N","","","내원정사",
"53","전통사찰","03_07_11_P","3260000","CDFD1028","20030127","","01","영업/정상","05","지정","","","","","243-3165","","","부산광역시 서구 서대신동3가 31-153번지 8통2반","부산광역시 서구 꽃마을로65번길 10  (서대신동3가)","","홍은사","20120209093449","I","2018-08-31 23:59:59.0","","383170.843112658","181914.845098015","0","0","","","N","","","홍은사",
"54","전통사찰","03_07_11_P","3260000","CDFD1029","20030127","","01","영업/정상","05","지정","","","","","255-0932","","","부산광역시 서구 서대신동3가 31-242번지 7통5반","부산광역시 서구 꽃마을로87번길 18  (서대신동3가)","","금수암","20120209093536","I","2018-08-31 23:59:59.0","","383034.996810607","182065.300115505","0","0","","","N","","","금수암",
"55","전통사찰","03_07_11_P","3260000","CDFD1030","20030127","","01","영업/정상","05","지정","","","","","244-0649","","","부산광역시 서구 서대신동3가 31-158번지 7통5반","부산광역시 서구 시약로117번길 17-5  (서대신동3가)","","칠보사","20120209093836","I","2018-08-31 23:59:59.0","","383050.826570127","181994.974319127","0","0","","","N","","","칠보사",
"56","전통사찰","03_07_11_P","3260000","CDFD1031","20030127","","01","영업/정상","05","지정","","","","","254-3585","","","부산광역시 서구 서대신동3가 34-64번지 7통5반","","","반야암","20120209093722","I","2018-08-31 23:59:59.0","","","","0","0","","","N","","","반야암",
"57","전통사찰","03_07_11_P","3260000","CDFD1032","20030127","","01","영업/정상","05","지정","","","","","255-1151","","","부산광역시 서구 서대신동3가 31-169번지 8통1반","부산광역시 서구 시약로109번길 17  (서대신동3가)","","금선사","20120209093923","I","2018-08-31 23:59:59.0","","383012.523996066","181885.767174041","0","0","","","N","","","금선사",
"58","전통사찰","03_07_11_P","3260000","CDFD1033","20030127","","01","영업/정상","05","지정","","","","","255-0813","","","부산광역시 서구 서대신동3가 31-165번지 8통1반","부산광역시 서구 시약로109번길 25  (서대신동3가)","","보국사","20120209094548","I","2018-08-31 23:59:59.0","","383029.306144618","181928.398289624","0","0","","","N","","","보국사",
"59","전통사찰","03_07_11_P","3260000","CDFD1034","20030127","","01","영업/정상","05","지정","","","","","255-1884","","","부산광역시 서구 서대신동3가 31번지 8통1반","","","구덕암","20030127143112","I","2018-08-31 23:59:59.0","","","","0","0","","","N","","","구덕암",
"60","전통사찰","03_07_11_P","3260000","CDFD1035","20030127","","01","영업/정상","05","지정","","","","","244-8934","","","부산광역시 서구 부민동3가 23-10번지 7통3반","부산광역시 서구 임시수도기념로 38  (부민동3가)","","미륵정사","20120209094701","I","2018-08-31 23:59:59.0","","383907.697412694","180132.441234627","0","0","","","N","","","미륵정사",
"61","전통사찰","03_07_11_P","3260000","CDFD1036","20030127","","01","영업/정상","05","지정","","","","","242-6375","","","부산광역시 서구 부민동3가 54-56번지 8통2반","부산광역시 서구 해돋이로273번길 55-10  (부민동3가)","","묘법사","20120209094845","I","2018-08-31 23:59:59.0","","383657.476196185","180005.711059928","0","0","","","N","","","묘법사",
"62","전통사찰","03_07_11_P","3260000","CDFD1037","20030127","","01","영업/정상","05","지정","","","","","241-1351","","","부산광역시 서구 부민동1가 36-16번지 7통3반","부산광역시 서구 까치고개로229번길 55-3  (부민동1가)","","용국정사","20030127143330","I","2018-08-31 23:59:59.0","","","","0","0","","","N","","","용국정사",
"63","전통사찰","03_07_11_P","3260000","CDFD1038","20030127","","01","영업/정상","05","지정","","","","","253-1677","","","부산광역시 서구 부용동2가 43번지 3통1반","","","봉진포교원","20030127143412","I","2018-08-31 23:59:59.0","","","","0","0","","","N","","","봉진포교원",
"64","전통사찰","03_07_11_P","3260000","CDFD1039","20030127","","01","영업/정상","05","지정","","","","","244-0547","","","부산광역시 서구 부민동3가 35번지","","","정제심인당","20120209095809","I","2018-08-31 23:59:59.0","","","","0","0","","","N","","","정제심인당",
"65","전통사찰","03_07_11_P","3260000","CDFD1040","20030127","","01","영업/정상","05","지정","","","","","243-2468","","","부산광역시 서구 아미동2가 92번지 5통3반","부산광역시 서구 해돋이로 256  (아미동2가)","","광성사","20030127143603","I","2018-08-31 23:59:59.0","","383792.977521329","179655.16456126","0","0","","","N","","","광성사",
"66","전통사찰","03_07_11_P","3260000","CDFD1041","20030127","","01","영업/정상","05","지정","","","","","248-6571","","","부산광역시 서구 아미동2가 236번지 16통3반","","","관음사","20030127144721","I","2018-08-31 23:59:59.0","","383341.849911783","179880.950366273","0","0","","","N","","","관음사",
"67","전통사찰","03_07_11_P","3260000","CDFD1042","20030127","","01","영업/정상","05","지정","","","","","254-2903","","","부산광역시 서구 아미동2가 244번지 24통4반","부산광역시 서구 까치고개로128번길 29-6  (아미동2가)","","수도사","20030127144800","I","2018-08-31 23:59:59.0","","383192.27852071","180030.288505567","0","0","","","N","","","수도사",
"68","전통사찰","03_07_11_P","3260000","CDFD1043","20030127","","01","영업/정상","05","지정","","","","","247-2436","","","부산광역시 서구 아미동2가 245번지 23통2반","","","지장왕사","20030127144917","I","2018-08-31 23:59:59.0","","383175.393066021","180038.676731061","0","0","","","N","","","지장왕사",
"69","전통사찰","03_07_11_P","3260000","CDFD1044","20030127","","01","영업/정상","05","지정","","","","","256-3174","","","부산광역시 서구 아미동2가 233번지 23통4반","","","대성사","20030127145000","I","2018-08-31 23:59:59.0","","383369.052853752","179840.275964304","0","0","","","N","","","대성사",
"70","전통사찰","03_07_11_P","3260000","CDFD1045","20030127","","01","영업/정상","05","지정","","","","","243-1359","","","부산광역시 서구 아미동2가 89번지 13통3반","","","미륵암","20030127145046","I","2018-08-31 23:59:59.0","","383724.92386942","179551.860518909","0","0","","","N","","","미륵암",
"71","전통사찰","03_07_11_P","3260000","CDFD1046","20030127","","01","영업/정상","05","지정","","","","","243-4243","","","부산광역시 서구 아미동2가 262-4번지","","","아미기도암","20030127145121","I","2018-08-31 23:59:59.0","","","","0","0","","","N","","","아미기도암",
"72","전통사찰","03_07_11_P","3260000","CDFD1047","20030127","","01","영업/정상","05","지정","","","","","256-0192","","","부산광역시 서구 초장동 138-32번지 16통4반","부산광역시 서구 천마산로 255-33  (초장동)","","천용사","20120209100007","I","2018-08-31 23:59:59.0","","383767.22451443","178899.02868647","0","0","","","N","","","천용사",
"73","전통사찰","03_07_11_P","3260000","CDFD1048","20030127","","01","영업/정상","05","지정","","","","","245-7175","","","부산광역시 서구 초장동 136-3번지 15통4반","부산광역시 서구 천마산로 263 (초장동)","","용주사","20150713162705","I","2018-08-31 23:59:59.0","","383888.178251528","178916.176084832","0","0","","","N","","","용주사",
"74","전통사찰","03_07_11_P","3260000","CDFD1049","20030127","","01","영업/정상","05","지정","","","","","256-1993","","","부산광역시 서구 초장동 39-19번지 13통2반","부산광역시 서구 해돋이로 227  (초장동)","","문수사","20120209100256","I","2018-08-31 23:59:59.0","","383885.76296166","179392.828359427","0","0","","","N","","","문수사",
"75","전통사찰","03_07_11_P","3260000","CDFD1050","20030127","","01","영업/정상","05","지정","","","","","255-3647","","","부산광역시 서구 토성동3가 13-7번지 5통1반","부산광역시 서구 구덕로 164  (토성동3가)","","대원정사","20030127145511","I","2018-08-31 23:59:59.0","","384118.358527897","179676.215493701","0","0","","","N","","","대원정사",
"76","전통사찰","03_07_11_P","3270000","CDFD1001","19881205","","01","영업/정상","05","지정","","","","","051-467-3316","","","부산광역시 동구 초량동 843번지","부산광역시 동구 망양로 533-1  (초량동)","","금수사","20091020150048","I","2018-08-31 23:59:59.0","","384968.052973518","182004.720236456","0","400","","금수사는 지금부터 400여년전 임진정유왜란 직후 사명대사께서 강화사로 일본에 갈적에 구계산 (본사 소재산)에서 일박하시면서 석간수를 마시고 이물이 금정감로수이므로 수도인이 주거할 곳이라고 하자 한제자가 이곳에 한칸 초암을 짓고 금수암이라 하였다. 그뒤 제자 석봉화상이 주지하였다가 1951년 1.4후퇴시에 금강산 유점사 혜은 법흥 화장이 이 절에 와서 석봉화상으로 부터 주지직을 인계받아 1952년에 사찰을 중수하여 1953년에 주변대지 천여평을 매입하고 노장스님들을 모시고 만일 염불회를 설립하였다. 그후 1960년에는 본사의 주전각인 대광명전을 창건하고   1962년에는 3층으로 된 현대 건물 불교회관을 설립하였다. 그리고 1966년에는 해인사 대장경을  영인하여 580 여권을 소장하였으며 1972년에는 종각을 건축하여 3천근의 범종을 주조 설치하였고 1983년에는 사천왕문, 1984년에는 석존사리탑 건립, 1985년부터 만불조성사업을 펼치고 있으며 1987년에는 종조 원효성사 동상 및 제9대 묵담대종사 사리탑 건립등 대불사를 추진하여 현재에는 대한불교 원효종의 대본산 사찰로서 그 면모를 갖추고 있다.","N","","","금수사",
"77","전통사찰","03_07_11_P","3270000","CDFD1002","19881230","","01","영업/정상","05","지정","","","","","","","","부산광역시 동구 수정동 1174-8번지","부산광역시 동구 망양로 671  (수정동)","","묘심사","20091020150723","I","2018-08-31 23:59:59.0","","385843.621203407","182744.447807782","0","70","","묘심사의 정확한 기원은 정해지지 않으며 지금부터 약200여년전에 창건되었으며, 일제시대에는 일본스님이 주지로 있으면서 석조물인 지장보살상과 범종을 조성하였고, 대웅전을 중수하였음.해방과 더불어 송덕윤스님이 주지로 있으면서 관리해오다 6.25때 전사한 국민들의 유골 500여구를 영생천도하기 위해 보관해오다 69년 국방부에 연락 안치하였고. 69년 비구니 대각스님이 주지로 취임하여 73년에 대웅전을 대대적으로 중수하고 그 이후 매년 요사채, 삼성각등 부속건물을 건립 명실공히 비구니 전통사찰로 가꾸고 있음","N","","","묘심사",
"78","전통사찰","03_07_11_P","3270000","CDFD1003","19880719","","01","영업/정상","05","지정","","","","","051-632-0546","","","부산광역시 동구 좌천동 839-3번지","부산광역시 동구 좌천동로 17-3 (좌천동)","601823","연등사","20111030133531","I","2018-08-31 23:59:59.0","","386687.354258284","183466.202880166","0","100","","연등사의 정확한 창건연대는 알수 없으나 지금부터 약150 여년전에 팔금산 정기가 맺힌곳이라 하여 어느 고승이 초암을 지어 포교활동을 시작한 것으로 전해지며, 1882년 덕산스님이 주지로  취임하여 현재의 대웅전과 삼성각 요사 선원을 지어 연등사라 칭하고 본격적인 포교활동을 하였음. 그후 호국불교로서 부산지역에 많은 업적을 남겼으며 덕륜스님이 취임(1973.6.19)하고 대웅전, 삼성각, 요사체 및 선원을 대대적으로 중수하고 1975년도에는 부처님 진신사리탑과 법종을 축조하였음.","N","","","연등사",
"79","전통사찰","03_07_11_P","3290000","CDFD1001","19880719","","01","영업/정상","05","지정","","","","","646-0843","","","부산광역시 부산진구 범천동 1534-1번지","부산광역시 부산진구 안창로14번길 46  (범천동)","","광명사","20090421111342","I","2018-08-31 23:59:59.0","","386262.403976594","184934.893313696","1","100","","1920년 월당 노스님이 지나다 물맛이 특이해서 토굴을 지어 기거하다가 1962년 범어사에 기증","N","","","광명사",
"80","전통사찰","03_07_11_P","3290000","CDFD1002","19880719","","01","영업/정상","07","승인","","","","","803-7573","","","부산광역시 부산진구 부암동 628번지","","","선암사","20170630103534","I","2018-08-31 23:59:59.0","","384650.026621354","188298.223705731","0","0","","신라 문무왕 15년 원효대사가 창건하여 견강사라 하였다가 768년에 선암사라 부르게 되었다.
1581년 4차에 걸쳐 중수하였고 1868년 중건하였다.","N","","","선암사",
"81","전통사찰","03_07_11_P","3300000","CDFD1001","19881205","","01","영업/정상","05","지정","","","","","051-553-7771","","","부산광역시 동래구 칠산동 239-2번지","부산광역시 동래구 동래로 162 (칠산동)","607030","법륜사","20111206150326","I","2018-08-31 23:59:59.0","","390116.892599588","191386.073065151","3","500","","1908.04.08 조계종 제14교구 본사 범어사에서 교육과 포교를 위하여 동래포고당 이라 칭하고 설립","N","","","법륜사",
"82","전통사찰","03_07_11_P","3300000","CDFD1002","19890503","","01","영업/정상","05","지정","","","","","051-555-1208","","","부산광역시 동래구 온천동 산 17-3번지 금정사","부산광역시 동래구 우장춘로 157-59 (온천동, 금정사)","607832","금정선원","20120126104601","I","2018-08-31 23:59:59.0","","388841.715231146","193288.271979788","3","500","","1929.3.15 창건되었으며, 일제시대 일본인들이 이 자리에 건물을 지어놓고 독립투사,군민 등 
무고한 사람들을 학살하는 사형장소로 사용하였다고 한다.
이에 억울하게 죽어간 사람들의 넋을 위로하기 위해 윤금호 스님께서 그 터를 영단으로 하여 
금정사를 창건하였다고 전해짐","N","","","금정선원",
"83","전통사찰","03_07_11_P","3310000","CDFD1001","19890302","","01","영업/정상","05","지정","","","","","635-3744","","","부산광역시 남구 문현동 산 74-1번지","부산광역시 남구 진남로198번가길 13-40  (문현동)","","성암사","20101221171512","I","2018-08-31 23:59:59.0","","389611.676213532","184986.740258375","0","300","","1911년 창건하고 1978년 중수","N","","","성암사",
"84","전통사찰","03_07_11_P","3310000","CDFD1002","19881213","","01","영업/정상","05","지정","","","","","624-7644","","","부산광역시 남구 대연동 949-14","부산광역시 남구 유엔평화로66번길 18 (대연동)","","불곡암","20220511140018","U","2022-05-13 02:40:00.0","","390618.790773696","183044.364657129","0","70","","부처님의 선몽으로 위치를 선정 1912년 창건
소장문화재 없음","N","","","불곡암",
"85","전통사찰","03_07_11_P","3350000","CDFD1001","19880719","","01","영업/정상","05","지정","","","","","508-4707","","","부산광역시 금정구 청룡동 546번지 범어사","부산광역시 금정구 범어사로 250, 범어사 (청룡동)","46200","범어사","20180214164545","I","2018-08-31 23:59:59.0","","388128.926433503","200280.928194344","0","0","","범어사는 합천 해인사, 양산 통도사와 더불어 남도 3대 사찰로 한국 불교계의 중심지 중 하나다. 금정산 동쪽 기슭에 위치하며 신라 제30대 문무왕 18년(678년) 의상대사가 창건, 흥덕왕 때 중건했다. 
 흥덕왕 개축 당시는 방사 360, 토지 360결, 소속된 노비가 100여 호에 이르던 큰 사찰이었다. 그러나 임진왜란 때 참화로 모두 소실되어 거의 폐허가 되었다. 현재 건물은 광해군 5년(1613년) 묘전화상과 해민스님이 중건한 것이다.","N","","","범어사",
"86","전통사찰","03_07_11_P","3350000","CDFD1002","19881229","","01","영업/정상","05","지정","","","","","512-2300","","","부산광역시 금정구 금성동 5번지","부산광역시 금정구 북문로 160  (금성동)","","정수암","20030416170654","I","2018-08-31 23:59:59.0","","386348.848243151","197602.46424356","0","0","","조선중기(1700년대) 진목대사가 창건","N","","","정수암",
"87","전통사찰","03_07_11_P","3350000","CDFD1003","19890315","","01","영업/정상","05","지정","","","","","517-5003","","","부산광역시 금정구 금성동 397번지","부산광역시 금정구 북문로 42  (금성동)","","국청사","20030416173903","I","2018-08-31 23:59:59.0","","386948.250409725","196868.805187358","0","0","","신라시대 때 의상대사가 창건하였으며 이후 중수를 거듭해왔으며, 숙종 29년(1703년)에 금정산성 중성을 쌓은 후 적을 막고 나라를 지키고, 보호한다는 의미로 국청사라 칭하였다. 이름의 뜻 도 `청청한 마음으로 수행과도 같이 국난을 극복하는 데 앞장서 다` 혹은 `나라가 외적의 더러운 발길에 짓밟힘을 막고 깨끗한 국 토를 수하한다`는 의미를 가지고 있다. 이 곳은 예전 금정산성을 방어하던 호국사찰로 실제로 이 곳에는 당시 승병장이 사용한`금정산성 승장인`이라는 철제인이 보관되어 있어 이것을 보아 승 군작대의 사령부가 있었다고 추측할 수 있다.
이 곳 대웅전 안에는 본존불인 석가여래불을 비롯하여 좌협시 인문수보살과 우협시인 보현보살이 모셔져 있다.","N","","","국청사",
"88","전통사찰","03_07_11_P","3350000","CDFD1004","19890404","","01","영업/정상","05","지정","","","","","508-4707","","","부산광역시 금정구 금성동 산 1-1번지","부산광역시 금정구 북문로 122 (금성동)","609420","미륵사","20111030121036","I","2018-08-31 23:59:59.0","","386636.152495052","198491.086563991","0","0","","미륵암은 통일신라시대(10세기말) 의상대사가 범어사를 창건한 해에 원효 대사가 세운 절이다. 이 곳에는 한가운데 위치한 엽화전 뒤편의 거대한 바위가 스님이 좌선하는 모양과 같다고 하여 `자선바위`라 불리우고 있다. 이 바위는 여러 개의 바위들이 모자이크한 듯이 어울려 있는데, 해가 지 고 난 뒤 바위와 바위 사이의 금이 보이지 않게 될 때 전체로 보면 그 형 상이 분명하게 드러난다. 이 좌선바위 뒤편에는 미륵불과 닮은 미륵불을 향해 좌선을 하고 있는 형상의 절묘한 터에 원효는 기도도량을 세운 것이 다. 미륵암이란 이름도 여기에서 유래했다고 한다.","N","","","미륵사",
"89","전통사찰","03_07_11_P","3360000","CDFD1001","20030120","","01","영업/정상","05","지정","","","","","051-271-2774","","","부산광역시 강서구 명지동 445번지","부산광역시 강서구 제도로 29 (명지동)","618813","청량사","20111030150342","I","2018-08-31 23:59:59.0","","374868.907288523","181490.404385215","0","0","","","N","","","청량사",
"90","전통사찰","03_07_11_P","3370000","CDFD1002","19881130","","01","영업/정상","05","지정","","","","","852-6904","","","부산광역시 연제구 연산동 1112번지","부산광역시 연제구 묘봉산로 40  (연산동)","","감천사","20030102155541","I","2018-08-31 23:59:59.0","","390413.027450245","189110.881186943","2","0","","한발이 심할때 이곳 암자에서 솟는 물은 마르지 않았다고 하며 단맛이 보여 감천이라 하였다함
1887년 9월경에 조그만 암자가 건립되었으며 이후 1936년에 초대 주지 황영달 스님이 암자를 증축하여 감천암이라 명명하였음
1971년 2대 주지 오묘정 스님이 대웅전, 요사체 등을 재건하여 현재에 이른다고 함","N","","","감천사",
"91","전통사찰","03_07_11_P","3370000","CDFD1001","19880719","","01","영업/정상","05","지정","","","","","852-2436","","","부산광역시 연제구 연산동 2039번지","부산광역시 연제구 봉수로 138  (연산동)","","마하사","20030102155050","I","2018-08-31 23:59:59.0","","390128.214207349","186932.993047382","2","0","","아도화상이 창건하였다고 전하여 오고 있으며, 확실한 근거는 없으나 일설에 의하면 아도화상께서 경북 선산군 도리사를 창건하시고 10년후쯤 마하사를 창건하였다고 함으로 531년경 창건된 것으로 추정된다. 전설에 의하면 동지팥죽을 끓이는데 불씨가 없어 황령산 봉화수직인에게 나한님이 불씨를 얻어다 불을 지피게 하고 팥죽을 끓이게 하였다고 함
또 절마당에 벼를 말리고 있는데 새떼들이 벼를 먹고 피해를 많이 주므로 주지가 나한전에 가서 기원하였더니 나한님의 신통으로 새떼를 쫓아 버렸다함","N","","","마하사",
"92","전통사찰","03_07_11_P","3370000","CDFD1003","19881205","","01","영업/정상","05","지정","","","","","501-6300","","","부산광역시 연제구 거제동 1396-2번지","부산광역시 연제구 성지곡로 111  (거제동)","","금용암","20030102160806","I","2018-08-31 23:59:59.0","","386607.224080652","189986.420008176","2","0","","이조말(1852년경) 점술가 노인(이씨)이 이곳에 오두막집을 짓고 이를 지왕당(일명) 삼신당이라 하고 마당에는 포구나무를 심고 살았으며, 또한 이곳 산이름이 장수산으로 투구모양을 하고 있으며 건너 보이는 쪽에 애기봉이 있어 절터로서는 좋은곳이라 함
사람들이 이 노인에게 찾아와 소원(주로 애기를 점지해 달라는 내용)을 말하면 점술을 통하여 정확한 점괴를 알려주어 소원성취를 하였다고 함
해방되던 해 대붕이란 스님이 해인사에서 출가하여 이곳에 와서 불사를 일으켰다고 함","N","","","금용암",
"93","전통사찰","03_07_11_P","3370000","CDFD1004","19970213","","01","영업/정상","05","지정","","","","","866-7771","","","부산광역시 연제구 연산동 1113-5번지","부산광역시 연제구 고분로68번길 47 (연산동)","611823","혜원정사","20120118151009","I","2018-08-31 23:59:59.0","","390379.798975467","189182.039815152","6","2500","","1925년 당시 부근 마을에 살고 있던 김덕만이라는 노인이 땔감 나무를 구하려고 이곳 산에 왔다가 옛 절터를 발견하고 부부가 함께 다음생에 왕생 극락할 것을 발원하고 가산의 일부를 어렵게 마련하여 기와로 된 삼칸의 불당을 건립하여 오로지 염불로 여생을 지내다 죽고 그후 자손들이 
계승하여 십여년을 이어오다 자손들이 흩어지고 관심을 두지 않게 되자 폐사가 되었고, 
그후 1975년 혜원정사 조실스님 고산대화상이 사찰 건립터를 답사하던중 이곳 터를 발견하고 사찰을 건립하게 되었다  
구ㅡ휴ㅜ","N","","","혜원정사",
"94","전통사찰","03_07_11_P","3380000","CDFD1001","19881205","","01","영업/정상","05","지정","","","","","754-2210","","","부산광역시 수영구 망미동 950번지","부산광역시 수영구 망미배산로76번나길 15  (망미동)","","영주암","20081217114148","I","2018-08-31 23:59:59.0","","391120.66614085","188370.286241311","4","800","","1950년 창건
1960년 복원
1962년 부산시등록
1975년 증창
1988년 구에등록
1988년 구에 등록","N","","","영주암",
"95","전통사찰","03_07_11_P","3380000","CDFD1002","19981017","","01","영업/정상","05","지정","","","","","758-5537","","","부산광역시 수영구 민락동 327-2번지","부산광역시 수영구 광남로257번길 58 (민락동)","613827","옥련선원","20130107154240","I","2018-08-31 23:59:59.0","","393597.836305646","186864.431462704","6","20000","","1604년 창건
1988.10.1 전통사찰 지정(문광부)
1998.10.17 전통사찰 등록(시)","N","","","옥련선원",
"96","전통사찰","03_07_11_P","3390000","CDFD1001","19881205","","01","영업/정상","05","지정","","","","","051)303-7586","","","부산광역시 사상구 덕포동 21-1번지","부산광역시 사상구 백양대로804번길 42-57  (덕포동)","","약수암","20111108100943","I","2018-08-31 23:59:59.0","","381800.230003658","188379.183832271","0","0","","1880년 김경파스님이 창건","N","","","약수암",
"97","전통사찰","03_07_11_P","3390000","CDFD1002","19881205","","01","영업/정상","05","지정","","","","","051)303-4848","","","부산광역시 사상구 덕포동 21-2번지","부산광역시 사상구 백양대로804번길 42-123 (덕포동)","617810","선광사","20121221104044","I","2018-08-31 23:59:59.0","","381711.828756561","188255.271363719","0","0","","1880년 창건되어 1929년 유명심화 보살이 중수하여 현재에 이름","N","","","선광사",
"98","전통사찰","03_07_11_P","3390000","CDFD1003","19880719","","01","영업/정상","05","지정","","","","","051)332-5671","","","부산광역시 사상구 모라동 5번지","부산광역시 사상구 모라로219번길 173 (모라동)","617817","운수사","20111108100405","I","2018-08-31 23:59:59.0","","383250.970162021","189006.50400274","0","0","","구전에 의하면 가락국때 창건되었다고 하고 다른 설에 의하면 원효대사가 부산진구 소재 선암사를 짓고 산을 넘어와 운수사를 지었는데 임란때 소실되었다가 1660년경 중건되었다 하나 믿을 만한 증거는 없음.","N","","","운수사",
"99","전통사찰","03_07_11_P","3400000","CDFD1001","20030320","","01","영업/정상","05","지정","","","","","051-721-0123","","","부산광역시 기장군 일광면 횡계리 산 28-1번지","부산광역시 기장군 일광면 횡계길 59-112","619912","월명사","20120119112524","I","2018-08-31 23:59:59.0","","401444.954148103","199234.667687236","1","200","","지금부터 100여년전 일광면 횡계리에 거주하는 김규환의 모가 작은 암자를 창건, 유지하다가 다음 은해사 스님에게 인계, 보수, 증축하여 사찰면모를 갖춤. 3대 주지가 법당을 창건하였고 다음 4대, 5대를 거쳐 지금으로부터 약 20여년전에 현거주지가 법당, 산신각, 용왕당등 기타 건물을 정비하여 현재에 이르고 있음","N","","","월명사",
"100","전통사찰","03_07_11_P","3400000","CDFD1002","20030320","","01","영업/정상","05","지정","","","","","051-727-3547","","","부산광역시 기장군 장안읍 장안리 606-1번지","부산광역시 기장군 장안읍 장안로 490-156","619951","척판암","20120106155839","I","2018-08-31 23:59:59.0","","402033.994092187","210592.091221565","1","300","","원효대사 현재의 불광산 바위틈에 부처를 모시고 수도중이었고, 그 위치에 절을 지어 척판암이라함","N","","","척판암",
"101","전통사찰","03_07_11_P","3400000","CDFD1004","20030320","","01","영업/정상","05","지정","","","","","051-543-3400","","","부산광역시 기장군 기장읍 내리 692번지","부산광역시 기장군 기장읍 내리길 461-16","619902","안적사","20111030140551","I","2018-08-31 23:59:59.0","","397511.686921112","192700.2079343","3","100","","신라 문무왕 2년(서기 569년)화엄종조인 원효대사가 창건하였고 임진왜란으로 전소된 것을 묘전화상이 복원하여 6.25사변으로 사찰이 황폐화 되어 1965년 문헌과 고증을 찾아 옛모습에 가깝게 복원하였음","N","","","안적사",
"102","전통사찰","03_07_11_P","3400000","CDFD1005","20080111","","01","영업/정상","05","지정","","","","","727-2035","","","부산광역시 기장군 장안읍 임랑리 15번지","부산광역시 기장군 장안읍 해맞이로 253-38","619951","묘관음사","20120106155734","I","2018-08-31 23:59:59.0","","405992.364002404","205000.387548053","12","300","","묘관음사는 통도사, 범어사, 도리사 등에서 종주로 계시던 운봉 대선사께서 말면에 서기 1934년(불기 2473년)에
가람지를  정하였으며, 그 후 향곡 대선사께서 법맥을 이어 창건하였음","N","","","묘관음사",
"103","전통사찰","03_07_11_P","3400000","CDFD1006","20161226","","01","영업/정상","05","지정","","","","","","","","부산광역시 기장군 철마면 고촌리 319번지 정광사","부산광역시 기장군 철마면 고촌로28번길 77","46051","고불사","20171117175601","I","2018-08-31 23:59:59.0","","397418.336333465","196178.6791474","0","0","","","N","","","고불사",
"104","전통사찰","03_07_11_P","3400000","CDFD1003","20030320","","01","영업/정상","07","승인","","","","","051-727-2393","","","부산광역시 기장군 장안읍 장안리 598번지","","","장안사","20191218175928","U","2019-12-20 02:40:00.0","","402850.034878332","210629.048098761","4","500","","신라 문무왕 13년(673)에 원효대사가 창건하여 쌍계사라고 했다가 애장왕때 장안사라 개칭하였다고 한다. 1592년 임진왜란으로 불탄것을 1631년 태의대사가 중건하였고, 1941년 각현스님이 중건하였다고 한다.","N","","","장안사",
"105","전통사찰","03_07_11_P","6260000","6260000-033","20200813","","01","영업/정상","BBBB","","","","","","0515175300","","","부산광역시 금정구 금성동 5 - 0 정수암 0호","부산광역시 금정구 북문로 160-0, 0동 (금성동,정수암)","","정수암","20200813000000","I","2020-08-15 00:23:13.0","","386377.23212029","197589.289342094","","","","","","","","정수암",
"106","전통사찰","03_07_11_P","6260000","3260000-001","20090122","","01","영업/정상","BBBB","","","","","","","","","부산광역시 서구 서대신동3가 산 3","부산광역시 서구 엄광산로40번길 121-22 (서대신동3가)","","내원정사","20131231175111","I","2018-08-31 23:59:59.0","","383288.126941334","182900.894942558","","","1972","","A","","","내원정사",
"107","전통사찰","03_07_11_P","6260000","3330000-003","20150122","","01","영업/정상","BBBB","","","","","","0517830876","","","부산광역시 해운대구 반여동 1575 - 62","부산광역시 해운대구 재반로282번길 113 (반여동)","","인지사","20160509162545","I","2018-08-31 23:59:59.0","","394507.720318238","191266.971684702","3","1450","1975","","","","","인지사",
"108","전통사찰","03_07_11_P","6260000","3350000-001","19890315","","01","영업/정상","BBBB","","","","","","0515175003","","","부산광역시 금정구 금성동 397번지","","","국청사","20051118153020","I","2018-08-31 23:59:59.0","","","","3","2000","1662","신라시대 의상대사가 범어사 창건시에 암자로 건립하였다고 하나 기록은 없으며 현재 건물은 조선중기 우랑선사에 의하여 건립.","A","","","국청사",
"109","전통사찰","03_07_11_P","6260000","3400000-001","20180117","","01","영업/정상","BBBB","","","","","","0517213167","","","부산광역시 기장군 기장읍 연화리 473 - 1","부산광역시 기장군 기장읍 기장해안로 340","","해광사","20180123000000","I","2018-08-31 23:59:59.0","","402605.964021811","191879.838098117","2","500","1960","","A","","","해광사",
"110","전통사찰","03_07_11_P","6260000","6260000-001","19881230","","01","영업/정상","BBBB","","","","","","0514672390","","","부산광역시 동구 수정동 1174-8번지","","","묘심사","20051118152804","I","2018-08-31 23:59:59.0","","","","10","200","1888","정확한 기원은 전해지지 않으며 지금부터 약 200여년전에 창건되었으며, 일제시대때에는 일본스님이 주지로 있으면서 석조물인 지장보살상과 범종을 조성하였고, 대웅전을 중수하였음.","A","","","묘심사",
"111","전통사찰","03_07_11_P","6260000","6260000-002","19881215","","01","영업/정상","BBBB","","","","","","0515537771","","","부산광역시 동래구 칠산동 239-2","","","법륜사","20051121132049","I","2018-08-31 23:59:59.0","","","","2","2000","1908","조계종 제14교구 본사 범어사에서 교육과 포교를 위하여 1908년 동래포교당이라 칭하여 설립.","A","","","법륜사",
"112","전통사찰","03_07_11_P","6260000","6260000-003","19890302","","01","영업/정상","BBBB","","","","","","0516353744","","","부산광역시 남구 문현동 74-1번지","","","성암사","20051118152847","I","2018-08-31 23:59:59.0","","","","2","200","1911","1911년 창건하고 1978년에 중수함","A","","","성암사",
"113","전통사찰","03_07_11_P","6260000","6260000-004","19881205","","01","영업/정상","BBBB","","","","","","0515016300","","","부산광역시 연제구 거제동","","","금용암","20130319092638","I","2018-08-31 23:59:59.0","","","","7","500","1852","조선말(1852년) 점술가 노인이 이곳에 오두막을 지어 이를 지왕당이라하고 마당에 포구나무를 심고 살았으며 사람들이 이 노인을 찾아와 소원을 말하면 신통력으로 정확히 점괘를 알려주어 소원 성취를 함으로서 유명해졌다고 함.","A","","","금용암",
"114","전통사찰","03_07_11_P","6260000","6260000-005","19890404","","01","영업/정상","BBBB","","","","","","0515084707","","","부산광역시 금정구 금성동 산 1-1 번지","","","미륵사","20200924111042","U","2020-09-26 02:40:00.0","","","","2","500","659","신라시대 의상대사가 범어사 창건시에 암자로 건립하여 몇차례 중수하여 현재에 이름.","A","","","미륵사",
"115","전통사찰","03_07_11_P","6260000","6260000-006","19880610","","01","영업/정상","BBBB","","","","","","0517272393","","","부산광역시 기장군 장안읍 장안리 598","부산광역시 기장군 장안읍 장안로 482","","장안사","20120105114133","I","2018-08-31 23:59:59.0","","402850.034878332","210629.048098761","3","500","673","신라 문무왕 13년에 원효대사가 창건하여 쌍계사라고 했다가 애장왕때 장안사라 개칭하였다고 함.
1592년 임진왜란으로불탄 것을 1631년 태의대사가 중건하였고 1941년 각현스님이 중건하였다고 함.","A","","","장안사",
"116","전통사찰","03_07_11_P","6260000","6260000-007","19890503","","01","영업/정상","BBBB","","","","","","0515551208","","","부산광역시 동래구 온천동","부산광역시 동래구 우장춘로 157-58 (온천동)","","금정사","20140827213152","I","2018-08-31 23:59:59.0","","388841.715231146","193288.271979788","4","300","1929","1920년 창건","A","","","금정사",
"117","전통사찰","03_07_11_P","6260000","6260000-008","19881213","","01","영업/정상","BBBB","","","","","","0516247644","","","부산광역시 남구 대연동 949-14","부산광역시 남구 유엔평화로66번길 18 (대연동)","","불곡암","20131220172251","I","2018-08-31 23:59:59.0","","390618.790773696","183044.364657129","1","50","1912","서기 1912년 산정에 미륵불이 좌정해 있는 것을 발견한 대우스님이 부처님의 계시인 것을 알고 이곳에 절을 창건.","A","","","불곡암",
"118","전통사찰","03_07_11_P","6260000","6260000-009","19881229","","01","영업/정상","BBBB","","","","","","0515175300","","","부산광역시 금정구 금성동 5 정수암","부산광역시 금정구 북문로 160, 00동 00층 00호 (금성동,정수암)","","정수암","20170327151511","I","2018-08-31 23:59:59.0","","386348.848243151","197602.46424356","1","100","1700","조선중기 진목대사가 창건.","A","","","정수암",
"119","전통사찰","03_07_11_P","6260000","6260000-010","19970213","","01","영업/정상","BBBB","","","","","","0518667771","","","부산직할시 동래구 연산4동 1113-1","","","혜원정사","20051117201207","I","2018-08-31 23:59:59.0","","","","8","20000","1975","1925년 절터가 발견되어 불당이 지어져 내려오다가, 1975년고산대화상이 사찰을 건립하기 시작하여 20여년만에 대웅전 등을 연차적으로 건립함.","A","","","혜원정사",
"120","전통사찰","03_07_11_P","6260000","6260000-011","19881130","","01","영업/정상","BBBB","","","","","","0518526904","","","부산직할시 동래구 연산4동 1112","","","감천사","20051121111540","I","2018-08-31 23:59:59.0","","","","7","3000","1931","한발이 심할때 이곳 암자에서 솟는 물은 마르지 않아 식수로 이용하였다고 하며 물맛이 달아 감천이라 하였고 이곳에 조그만 암자를 건립하였다고 하며 1936년 감천암이라 칭함.","A","","","감천사",
"121","전통사찰","03_07_11_P","6260000","6260000-012","19881205","","01","영업/정상","BBBB","","","","","","0513037586","","","부산광역시 사상구 덕포동","","","약수암","20110608104427","I","2018-08-31 23:59:59.0","","","","2","300","1880","1880년 김경파스님이 창건.","A","","","약수암",
"122","전통사찰","03_07_11_P","6260000","6260000-013","19881205","","01","영업/정상","BBBB","","","","","","0513034848","","","부산광역시 사상구 덕포동 21 - 2","부산광역시 사상구 백양대로804번길 42-123 (덕포동)","","선광사(仙光寺)","20110422171055","I","2018-08-31 23:59:59.0","","381711.828756561","188255.271363719","4","1200","1880","1880년 창건되어 1929년 유명심화보살이 중수하여 현재에 이름.","A","","","선광사(仙光寺)",
"123","전통사찰","03_07_11_P","6260000","6260000-014","19881205","","01","영업/정상","BBBB","","","","","","0517542210","","","부산직할시 남구 망미1동 950번지","","","영주암","20051118155917","I","2018-08-31 23:59:59.0","","","","4","350","1540","1540년 조선시대 창건. 1940년 복원.","A","","","영주암",
"124","전통사찰","03_07_11_P","6260000","6260000-016","19880719","","01","영업/정상","BBBB","","","","","","0518522436","","","부산광역시 연제구 연산동 2039","부산광역시 연제구 봉수로 138 (연산동)","","마하사","20200924181514","U","2020-09-26 02:40:00.0","","390128.214207349","186932.993047382","5","500","531","아도화상이 창건하였다고 전하며 근거는 없으나 일설에 의하면 아도화상이 경북 선산군 도리사를 창건하고 10년후쯤 마하사를 창건하였다고하므로 531년 경에 창건된 것으로 추정됨.","A","","","마하사",
"125","전통사찰","03_07_11_P","6260000","6260000-017","19880719","","01","영업/정상","BBBB","","","","","","0516320546","","","부산광역시 동구 좌천동","","","연등사","20100520105037","I","2018-08-31 23:59:59.0","","","","3","1200","연대미상","정확한 창건연대는 알 수 없으나 지금부터 약 140여년 전에 팔금산 정기가 맺힌 곳이라하여 어느 고승이 초암을 지어 포교활동을 시작한 것으로 전해지며 1882년 덕산스님이 주지로 취임하여 현재의 대웅전과 삼성각 요산선원을 지어 연등사라 칭하고 본격적인 포교활동을 하였음.","A","","","연등사",
"126","전통사찰","03_07_11_P","6260000","6260000-018","19880719","","01","영업/정상","BBBB","","","","","","0513175672","","","부산광역시 사상구 모라동","부산광역시 사상구 모라로219번길 173 (모라동)","","운수사","20140902145748","I","2018-08-31 23:59:59.0","","383347.98947600000","189303.47711400000","3","1500","675","구전에 의하면 가락국때 창건되었다고 하고 다른 설에 의하면 원효대사가 부산진구 소재 선암사를 짓고 산을 넘어와 운수사를 지었는데 임란때 소실되었다가 1660년 경 중건되었다 하나 믿을 만한 증거는 없음.","A","","","운수사",
"127","전통사찰","03_07_11_P","6260000","6260000-019","19981017","","01","영업/정상","BBBB","","","","","","0517579066","","","부산광역시 수영구 민락동 327-2번지","부산광역시 수영구 광남로257번길 58 (민락동)","","옥련선원","20111030150538","I","2018-08-31 23:59:59.0","","393744.82090588","186900.100346684","15","9000","삼국","삼국시대 원효대사에 의해 창건되었던 백산사가 그 효사라고 구전으로 전해내려 오고 있음.
현재 옥련암은 1935년 중건되었다가 1976년 대웅전을 시작으로 불사가 이루어졌고 옥련선원으로 개칭함.","A","","","옥련선원",
"128","전통사찰","03_07_11_P","6260000","6260000-020","19880719","","01","영업/정상","BBBB","","","","","","0515083127","","","부산광역시 금정구 청룡동 546","부산광역시 금정구 범어사로 250 (청룡동)","","범어사","20160426192601","I","2018-08-31 23:59:59.0","","388128.926433503","200280.928194344","","","679","문무왕 18년(678) 의상스님이 건립한 것으로 추정하고 있으며 선조 25년(1592) 임진왜란으로 재해를 입었다가 선조 35년 재건하였으나 소실되고 광해군 5년(1613)중건하여 오늘에 이름.","A","","","범어사",
"129","전통사찰","03_07_11_P","6260000","6260000-021","19880719","","01","영업/정상","BBBB","","","","","","0518037573","","","부산직할시 부산진구 부암3동 628번지","","","선암사","20170816130318","I","2018-08-31 23:59:59.0","","","","8","1500","674","신라 문무왕 15년 원효대사가 창건하여 견강사라 하였다가 768년에 선암사라 부르게 되었다. 
1581년 4차에 걸쳐 중수하였고 1868년 동운, 신겸 두 스님이 중건하였음.","A","","","선암사",
"130","전통사찰","03_07_11_P","6260000","6260000-022","19880610","","01","영업/정상","BBBB","","","","","","0517273547","","","부산광역시 기장군 장안읍 장안리 산53-1","","","척판암","20051121112927","I","2018-08-31 23:59:59.0","","","","","","659","원효대사가 현재의 불공산 바위 틈에 부처를 모시고 수도중이었고 그위치를 절을 지어 척판암이라고 함.","A","","","척판암",
"131","전통사찰","03_07_11_P","6260000","6260000-023","19881205","","01","영업/정상","BBBB","","","","","","0514673316","","","부산광역시 동구 초량동 843","부산광역시 동구 망양로 533-1 (초량동)","","금수사","20170327152326","I","2018-08-31 23:59:59.0","","384968.052973518","182004.720236456","","","1910","","A","","","금수사",
"132","전통사찰","03_07_11_P","6260000","6260000-024","19880719","","01","영업/정상","BBBB","","","","","","0516460843","","","부산광역시 부산진구 범천동 1534-1번지","","","광명사","20051118165558","I","2018-08-31 23:59:59.0","","","","","","1920","월당 노스님이 지나다 물맛이 특이해서 토굴을 지어 기거하다가 1962년 동사찰을 범어사에 기증.","A","","","광명사",
"133","전통사찰","03_07_11_P","6260000","6260000-025","19880610","","01","영업/정상","BBBB","","","","","","0515433400","","","부산광역시 기장군 기장읍 내리 692번지","","","안적사","20051122114124","I","2018-08-31 23:59:59.0","","","","","","569","신라 문무왕 2년(569년) 화엄종조인원효대사가 창건하였고 임진왜란으로 전소된 것을 묘전화상이 복원함.","A","","","안적사",
"134","전통사찰","03_07_11_P","6260000","6260000-015","19890315","","01","영업/정상","BBBB","","","","","","0512712774","","","부산광역시 강서구 명지동 445번지","","","청량사","20051117195946","I","2018-08-31 23:59:59.0","","","","1","700","1918","1918년 창건.","A","","","청량사",
"135","전통사찰","03_07_11_P","6260000","6260000-026","19881019","","01","영업/정상","BBBB","","","","","","0517210123","","","부산광역시 기장군 일광면 횡계리 산28-1번지","","","월명사","20051121113038","I","2018-08-31 23:59:59.0","","","","","","연대미상","지금으로 부터 100여년 전 범어사에서 수도하시던 김법성 선사가 이곳으로 와서 중건하여 수양도량 창건.","A","","","월명사",
"136","전통사찰","03_07_11_P","6260000","6260000-027","20080115","","01","영업/정상","BBBB","","","","","","","","","부산광역시 기장군 장안읍 임랑리 15 묘관음사","부산광역시 기장군 장안읍 해맞이로 253-38","","묘관음사","20190503153453","U","2019-05-05 02:40:00.0","","405992.364002404","205000.387548053","","","1943","","","","","묘관음사",
"137","전통사찰","03_07_11_P","6260000","6260000-030","20090130","","01","영업/정상","BBBB","","","","","","","","","부산광역시 영도구 신선동3가 산 6","부산광역시 영도구 산정길 41 (신선동3가)","","복천사","20131231175337","I","2018-08-31 23:59:59.0","","387095.55009700000","178209.22690500000","","","","","","","","복천사",
"138","전통사찰","03_07_11_P","6260000","6260000-031","20150122","","01","영업/정상","BBBB","","","","","","0517462256","","","부산광역시 해운대구 우동 410","부산광역시 해운대구 우동2로 40-6 (우동)","","해운정사","20150216104818","I","2018-08-31 23:59:59.0","","396640.154618759","187593.974378418","22","17000","1971","","","","","해운정사",
"139","전통사찰","03_07_11_P","6260000","6260000-032","20170111","","01","영업/정상","BBBB","","","","","","0517212927","","","부산광역시 기장군 철마면 고촌리 319","부산광역시 기장군 철마면 고촌로28번길 77","","고불사","20170104144741","I","2018-08-31 23:59:59.0","","397418.336333465","196178.6791474","3","500","1944","","A","","","고불사",
