"번호","개방서비스명","개방서비스아이디","개방자치단체코드","관리번호","인허가일자","인허가취소일자","영업상태구분코드","영업상태명","상세영업상태코드","상세영업상태명","폐업일자","휴업시작일자","휴업종료일자","재개업일자","소재지전화","소재지면적","소재지우편번호","소재지전체주소","도로명전체주소","도로명우편번호","사업장명","최종수정시점","데이터갱신구분","데이터갱신일자","업태구분명","좌표정보(x)","좌표정보(y)","축산업무구분명","축산물가공업구분명","축산일련번호","권리주체일련번호","총종업원수",
"1","축산물운반업","07_22_25_P","3250000","325000000820210001","20210707","","01","영업/정상","0000","정상","","","","","0514643211","0","","부산광역시 중구 중앙동*가 **-*","부산광역시 중구 충장대로*번길 **-*, ***호 (중앙동*가)","48937","동아통운(주)","20210707100252","I","2021-07-09 00:22:53.0","","385731.290616463","180730.387826318","축산물운반업","","0","L00","0",
"2","축산물운반업","07_22_25_P","3250000","325000000820140001","20140212","","01","영업/정상","0000","정상","","","","","442-2038","0","","부산광역시 중구 중앙동*가 **-**번지","부산광역시 중구 충장대로*번길 ** (중앙동*가)","48937","동신기업","20140212104351","I","2018-08-31 23:59:59.0","","385730.223219262","180633.142129186","축산물운반업","","","L00","",
"3","축산물운반업","07_22_25_P","3250000","325000000820060001","20060411","","01","영업/정상","0000","정상","","","","","2572471","100.11","","부산광역시 중구 동광동*가 *번지","부산광역시 중구 광복로**번길 ** (동광동*가, 우리은행***)","48952","(주)에어앤씨카고","20130627145500","I","2018-08-31 23:59:59.0","","385498.102704866","179739.963317394","축산물운반업","","","L00","",
"4","축산물운반업","07_22_25_P","3250000","325000000820080001","20080722","","01","영업/정상","0000","정상","","","","","465-6000","45.43","","부산광역시 중구 중앙동*가 **-*번지","부산광역시 중구 중앙대로 *** (중앙동*가)","48936","케이티지엘에스(주)","20131227154916","I","2018-08-31 23:59:59.0","","385709.216919638","180842.067770636","축산물운반업","","","L00","",
"5","축산물운반업","07_22_25_P","3250000","325000000820060002","20060628","","03","폐업","0002","폐업","20090713","","","","441-9911","39.8","","부산광역시 중구 중앙동*가 **-****번지 마린센타 ****호","","","싸이버 쉽핑","20090713135843","I","2018-08-31 23:59:59.0","","385825.756707547","180869.292984843","축산물운반업","","","000","",
"6","축산물운반업","07_22_25_P","3260000","326000000820190001","20070430","","01","영업/정상","0000","정상","","","","","251613100","128.9","","부산광역시 서구 암남동 ***-**","부산광역시 서구 원양로 ***, ***호 (암남동)","49273","(주)지원냉동물류","20200807111108","U","2020-08-09 02:40:00.0","","383518.040204105","175580.741380931","축산물운반업","","","L00","",
"7","축산물운반업","07_22_25_P","3260000","326000000820210001","20141117","","01","영업/정상","0000","정상","","","","","","35","","부산광역시 서구 암남동 ***","부산광역시 서구 원양로 ***(암남동)","49273","한솔물류","20211027152624","I","2021-10-29 00:22:55.0","","382890.650587096","177336.223689987","축산물운반업","","0","L00","0",
"8","축산물운반업","07_22_25_P","3260000","326000000820130001","20130408","","01","영업/정상","0000","정상","","","","","254-3344","72","","부산광역시 서구 암남동 ***-**번지","부산광역시 서구 원양로 ***, 지하*층 ***호 (암남동)","49273","에스제이로지스(주)","20181026121849","U","2018-10-28 02:37:10.0","","383518.040204105","175580.741380931","축산물운반업","","","000","",
"9","축산물운반업","07_22_25_P","3260000","326000000820150001","20150922","","01","영업/정상","0000","정상","","","","","244-3887","37.19","","","부산광역시 서구 원양로 *** (암남동)","49273","(주)해인지엘에스","20150922104408","I","2018-08-31 23:59:59.0","","382890.650587096","177336.223689987","축산물운반업","","","L00","",
"10","축산물운반업","07_22_25_P","3260000","326000000820160001","20160826","","01","영업/정상","0000","정상","","","","","","13.17","","","부산광역시 서구 초장로 ** (초장동)","49251","신현축산","20160826151942","I","2018-08-31 23:59:59.0","","384079.650169185","179063.213150356","축산물운반업","","","000","",
"11","축산물운반업","07_22_25_P","3260000","326000000820160002","20160829","","01","영업/정상","0000","정상","","","","","","15","","","부산광역시 서구 충무대로 *, ***호 (암남동, 기산비치타운)","49269","상록운수","20160829152452","I","2018-08-31 23:59:59.0","","383854.512397956","177132.276924017","축산물운반업","","","000","",
"12","축산물운반업","07_22_25_P","3260000","326000000820170001","20050401","","01","영업/정상","0000","정상","","","","","051-242-2993","16.52","","부산광역시 서구 암남동 ***-**번지","부산광역시 서구 원양로 ***, ***호 (암남동)","49273","(주)한맥로지스틱","20200116102738","U","2020-01-18 02:40:00.0","","383518.040204105","175580.741380931","축산물운반업","","","L00","",
"13","축산물운반업","07_22_25_P","3260000","326000000820170002","20170522","","01","영업/정상","0000","정상","","","","","","52.17","","","부산광역시 서구 망양로 **-* (서대신동*가)","49210","(주)양산연합물류","20180131155958","I","2018-08-31 23:59:59.0","","383480.078443063","181176.719631115","축산물운반업","","","L00","",
"14","축산물운반업","07_22_25_P","3260000","326000000820170003","20170816","","01","영업/정상","0000","정상","","","","","","33","","부산광역시 서구 암남동 **-**번지","부산광역시 서구 성산길 ** (암남동)","49268","정민퀵","20170816155935","I","2018-08-31 23:59:59.0","","383614.818965938","177526.837808941","축산물운반업","","","000","",
"15","축산물운반업","07_22_25_P","3260000","326000000820090001","20090525","","01","영업/정상","0000","정상","","","","","2032408","85","","부산광역시 서구 동대신동*가 ***번지 ***호","부산광역시 서구 대영로**번길 ** (동대신동*가)","49219","(주)세종물류","20121017101158","I","2018-08-31 23:59:59.0","","384307.97574259","180660.89704286","축산물운반업","","","L00","",
"16","축산물운반업","07_22_25_P","3260000","326000000820090002","20090529","","01","영업/정상","0000","정상","","","","","2426886","66.2","","부산광역시 서구 암남동 ***-**번지 ***호","부산광역시 서구 원양로 ***, ***호 (암남동, 원양어업(주))","49273","(주)한맥물류","20200115171820","U","2020-01-17 02:40:00.0","","383518.040204105","175580.741380931","축산물운반업","","","L00","",
"17","축산물운반업","07_22_25_P","3260000","326000000820110002","20110509","","01","영업/정상","0000","정상","","","","","512033474","18","","부산광역시 서구 암남동 ***","부산광역시 서구 원양로 *** (암남동, 동양글로벌냉장 *층(m*층))","49273","백두냉동운수(주)","20210322110847","U","2021-03-24 02:40:00.0","","382929.661199657","176610.193209997","축산물운반업","","","L00","",
"18","축산물운반업","07_22_25_P","3260000","326000000820110003","20111207","","01","영업/정상","0000","정상","","","","","","4579","","부산광역시 서구 암남동 ***","부산광역시 서구 원양로 ***, (주)이스턴웰스 (암남동)","49273","(주)이스턴웰스","20200811145405","U","2020-08-13 02:40:00.0","","383161.450356655","176183.105551719","축산물운반업","","","L00","",
"19","축산물운반업","07_22_25_P","3260000","326000000820170005","20040310","","01","영업/정상","0000","정상","","","","","0512573331","37.19","","부산광역시 서구 암남동 ***번지","부산광역시 서구 원양로 ***, 동영빌딩 ***호 (암남동)","49273","(주)삼일물류","20171218150125","I","2018-08-31 23:59:59.0","","382890.650587096","177336.223689987","축산물운반업","","","L00","",
"20","축산물운반업","07_22_25_P","3260000","326000000820220001","20220602","","01","영업/정상","0000","정상","","","","","0512426886","16.52","","부산광역시 서구 암남동 ***-**","부산광역시 서구 원양로 ***, 원양프라자 *층 ***호 (암남동)","49273","위드물류(주)","20220602110757","I","2022-06-04 00:22:32.0","","383518.040204105","175580.741380931","축산물운반업","","0","L00","0",
"21","축산물운반업","07_22_25_P","3260000","326000000820080001","20080930","","03","폐업","0002","폐업","20091202","","","","","75.3","","부산광역시 서구 동대신동*가 ***-*번지","","","성원유통","20150723104210","I","2018-08-31 23:59:59.0","","384176.409375326","180871.107228325","축산물운반업","","","000","",
"22","축산물운반업","07_22_25_P","3260000","326000000820070001","20070625","","03","폐업","0002","폐업","20120713","","","","242-3404","82.5","","부산광역시 서구 남부민동 ***-*번지 (주)두경수산냉장*층 ***호","부산광역시 서구 등대로 ***, ***호 (남부민동, (주)두경수산냉장*층)","49255","(주)강동운수","20120713110742","I","2018-08-31 23:59:59.0","","384665.834015096","178094.714396035","축산물운반업","","","000","",
"23","축산물운반업","07_22_25_P","3260000","326000000820110001","20110314","","03","폐업","0002","폐업","20161230","","","","242-6886","157.1","","부산광역시 서구 암남동 ***-**번지","부산광역시 서구 원양로 ***, ***호 (암남동, 원양프라자)","49273","(주)한맥물류","20161230170345","I","2018-08-31 23:59:59.0","","383518.040204105","175580.741380931","축산물운반업","","","L00","",
"24","축산물운반업","07_22_25_P","3260000","326000000820120001","20120106","","03","폐업","0002","폐업","20210129","","","","0512552301","52.64","","부산광역시 서구 암남동 ***","부산광역시 서구 원양로 ** (암남동, 국제수산물도매시장 도매동*층 **호)","49277","(주)에바다수산","20210129152841","U","2021-01-31 02:40:00.0","","383370.080547194","175140.099221406","축산물운반업","","","L00","",
"25","축산물운반업","07_22_25_P","3260000","326000000820170004","20170905","","03","폐업","0002","폐업","20220323","","","","","13.17","","","부산광역시 서구 초장로 **, *층 (초장동)","49251","김상돈","20220325131105","U","2022-03-27 02:40:00.0","","384079.650169185","179063.213150356","축산물운반업","","0","000","0",
"26","축산물운반업","07_22_25_P","3270000","327000000820140001","20140414","","01","영업/정상","0000","정상","","","","","","3454.39","","부산광역시 동구 범일동 **-*번지","부산광역시 동구 범일로 ***, 지하*층 (범일동, 현대백화점)","48735","삼원종합물류(주)부산영업소","20150729102429","I","2018-08-31 23:59:59.0","","387539.767677801","184402.96650913","축산물운반업","","","L00","",
"27","축산물운반업","07_22_25_P","3270000","327000000820200002","20200821","","01","영업/정상","0000","정상","","","","","","0","","부산광역시 동구 수정동 ***-*","부산광역시 동구 고관로 ***, **호 (수정동, 수정상가아파트)","48790","(주)윤정물류","20220209173805","U","2022-02-11 02:40:00.0","","386461.300638559","182931.084277956","축산물운반업","","0","L00","0",
"28","축산물운반업","07_22_25_P","3270000","327000000820210001","20210115","","01","영업/정상","0000","정상","","","","","","20","","부산광역시 동구 초량동 ***-**","부산광역시 동구 초량남로**번길 **-* (초량동)","48807","삼주물류","20210514111405","U","2021-05-16 02:40:00.0","","385428.651643515","181900.910744832","축산물운반업","","","000","",
"29","축산물운반업","07_22_25_P","3270000","327000000820030001","20031017","","03","폐업","0002","폐업","20060725","","","","441-4452","0","","부산광역시 동구 초량동 ****-*번지","부산광역시 동구 중앙대로***번길 ** (초량동)","","남일물산(주)","20060725150606","I","2018-08-31 23:59:59.0","","386119.762095008","181723.93323895","축산물운반업","","","000","",
"30","축산물운반업","07_22_25_P","3270000","327000000820050001","20051116","","03","폐업","0002","폐업","20060309","","","","051-634-2405","0","","부산광역시 동구 범일동 ***-***번지 대웅빌딩 ***호","부산광역시 동구 조방로 **, ***호 (범일동,대웅빌딩)","","(주)세종물류","20060309134008","I","2018-08-31 23:59:59.0","","387872.077951017","184093.996556107","축산물운반업","","","000","",
"31","축산물운반업","07_22_25_P","3270000","327000000820200001","20200407","","03","폐업","0002","폐업","20210308","","","","051-469-0808","99","","부산광역시 동구 초량동 ****-*","부산광역시 동구 중앙대로 ***, 석초원 *층 (초량동)","48732","화진종합물류(주)","20210308174204","U","2021-03-10 02:40:00.0","","386128.259500475","181968.355176261","축산물운반업","","","L00","",
"32","축산물운반업","07_22_25_P","3280000","328000000820030001","20031007","","03","폐업","0002","폐업","20201126","","","","","59.31","","부산광역시 영도구 봉래동*가 ***","부산광역시 영도구 번영길 ** (봉래동*가)","","토지물산","20201127094126","U","2020-11-29 02:40:00.0","","386649.434893239","179015.013026314","축산물운반업","","","000","",
"33","축산물운반업","07_22_25_P","3290000","329000000820210004","20210427","","01","영업/정상","0000","정상","","","","","","0","","부산광역시 부산진구 전포동 ***-* 신우빌딩","부산광역시 부산진구 동성로 ***, 신우빌딩 ***호 (전포동)","47243","무궁화운수","20220302172514","U","2022-03-04 02:40:00.0","","387927.951172724","186582.791097672","축산물운반업","","0","000","0",
"34","축산물운반업","07_22_25_P","3290000","329000000820110001","20111018","","01","영업/정상","0000","정상","","","","","","49.5","","부산광역시 부산진구 부전동 ***-*번지","부산광역시 부산진구 동천로 ***, *층 (부전동)","47246","(주)마루물류","20190515103804","U","2019-05-17 02:40:00.0","","387821.637282276","186387.57646224","축산물운반업","","","L00","",
"35","축산물운반업","07_22_25_P","3290000","329000000820210003","20210204","","01","영업/정상","0000","정상","","","","","","0","","부산광역시 부산진구 양정동 ***-* 현대아파트","부산광역시 부산진구 동평로 ***, ***동 ****호 (양정동, 현대아파트)","47206","개별화물(부산91바1749)","20210204155112","I","2021-02-06 00:23:02.0","","387887.847333871","187966.542955171","축산물운반업","","","000","",
"36","축산물운반업","07_22_25_P","3290000","329000000820210001","20210118","","01","영업/정상","0000","정상","","","","","","0","","부산광역시 부산진구 초읍동 ***-**","부산광역시 부산진구 성지로***번길 ***-** (초읍동)","47127","용달화물(부산90지4405)","20210324090248","U","2021-03-26 02:40:00.0","","386659.288851483","188037.600714787","축산물운반업","","","000","",
"37","축산물운반업","07_22_25_P","3290000","329000000820210002","20210118","","01","영업/정상","0000","정상","","","","","","0","","부산광역시 부산진구 당감동 ***-* 삼익아파트","부산광역시 부산진구 당감로 **, **동 ***호 (당감동, 삼익아파트)","47190","용달화물","20210118113533","I","2021-01-20 00:23:04.0","","385681.024112217","186728.150348704","축산물운반업","","","000","",
"38","축산물운반업","07_22_25_P","3290000","329000000820060001","20060628","","03","폐업","0002","폐업","20210310","","","","","0","","부산광역시 부산진구 양정동 ***","부산광역시 부산진구 동평로***번길 ** (양정동,*층 **호)","","한솔상사","20210316095627","U","2021-03-18 02:40:00.0","","388486.657611629","187914.991351658","축산물운반업","","","000","",
"39","축산물운반업","07_22_25_P","3290000","329000000820060002","20060824","","03","폐업","0002","폐업","20160317","","","","802-4944","0","","부산광역시 부산진구 부암동 ***번지","부산광역시 부산진구 당감로 ** (부암동)","47143","지에스리테일","20160318090720","I","2018-08-31 23:59:59.0","","385570.015221682","187424.7082035","축산물운반업","","","000","",
"40","축산물운반업","07_22_25_P","3290000","329000000820060003","20060905","","03","폐업","0002","폐업","20090414","","","","","0","","부산광역시 부산진구 초읍동 ***-*번지","부산광역시 부산진구 새싹로 *** (초읍동)","","진성서비스","20090414171101","I","2018-08-31 23:59:59.0","","386532.400526395","188444.325227743","축산물운반업","","","000","",
"41","축산물운반업","07_22_25_P","3290000","329000000820070002","20070419","","03","폐업","0002","폐업","20210405","","","","","0","","부산광역시 부산진구 부전동 ***-*","부산광역시 부산진구 부전로 *** (부전동,고려빌딩 *층)","","유성푸드","20210405161628","U","2021-04-07 02:40:00.0","","387406.067019474","186676.305414942","축산물운반업","","","000","",
"42","축산물운반업","07_22_25_P","3290000","329000000820130001","20130125","","03","폐업","0002","폐업","20171101","","","","518507831","216","","부산광역시 부산진구 양정동 ***-*번지","부산광역시 부산진구 거제대로**번길 * (양정동)","47211","(주)에스에프에스 양정지점","20171101155815","I","2018-08-31 23:59:59.0","","388337.936057178","188148.243837511","축산물운반업","","","L00","",
"43","축산물운반업","07_22_25_P","3290000","329000000820140001","20140311","","03","폐업","0002","폐업","20170222","","","","","26.8","","부산광역시 부산진구 범천동 ***-*번지","부산광역시 부산진구 중앙대로 ***, ***호 (범천동, 서면베르빌*차)","47358","장명안","20170222173727","I","2018-08-31 23:59:59.0","","387513.675143586","184825.965976069","축산물운반업","","","000","",
"44","축산물운반업","07_22_25_P","3290000","329000000820140002","20140324","","03","폐업","0002","폐업","20141031","","","","8093980","0","","부산광역시 부산진구 전포동 ***-***번지","부산광역시 부산진구 진남로***번길 ** (전포동)","47311","(주)설해우","20141031171045","I","2018-08-31 23:59:59.0","","388776.798296732","186268.571802947","축산물운반업","","","L00","",
"45","축산물운반업","07_22_25_P","3290000","329000000820140003","20141001","","03","폐업","0002","폐업","20161216","","","","051-802-8470","20","","부산광역시 부산진구 전포동 ***-**번지","부산광역시 부산진구 진남로***번길 ** (전포동)","47311","(주)영남축산","20161216095444","I","2018-08-31 23:59:59.0","","388709.847808784","186187.547488907","축산물운반업","","","L00","",
"46","축산물운반업","07_22_25_P","3290000","329000000820070001","20070226","","03","폐업","0002","폐업","20120302","","","","646-4014","0","","부산광역시 부산진구 범천동 ***-**번지","부산광역시 부산진구 범일로***번길 ** (범천동)","","(주)연성물류","20120308155019","I","2018-08-31 23:59:59.0","","387692.269825733","184541.023058144","축산물운반업","","","000","",
"47","축산물운반업","07_22_25_P","3290000","329000000820150001","20151123","","03","폐업","0002","폐업","20170627","","","","","11.6","","","부산광역시 부산진구 개금본동로*번길 ** (개금동)","47173","(주)부산유통","20170628134138","I","2018-08-31 23:59:59.0","","384248.598428037","186057.883303965","축산물운반업","","","L00","",
"48","축산물운반업","07_22_25_P","3290000","329000000819880001","19880107","","04","취소/말소/만료/정지/중지","0004","말소","20220615","","","","","0","","부산광역시 부산진구 개금동 ***-**","부산광역시 부산진구 진사로 **-* (개금동)","47393","진주식육점","20220617103222","U","2022-06-19 02:40:00.0","","383715.065247982","184805.455298612","축산물운반업","","0","000","0",
"49","축산물운반업","07_22_25_P","3290000","329000000820070003","20071128","","04","취소/말소/만료/정지/중지","0004","말소","20220615","","","","900-6776","0","","부산광역시 부산진구 양정동 ***-*","부산광역시 부산진구 연수로 **-* (양정동)","","(주)두성운수물류","20220617103250","U","2022-06-19 02:40:00.0","","388764.550722025","188024.592955413","축산물운반업","","0","L00","0",
"50","축산물운반업","07_22_25_P","3300000","330000000820190001","20191222","","01","영업/정상","0000","정상","","","","","","80","","부산광역시 동래구 안락동 ***-*","부산광역시 동래구 온천천로***번길 ** (안락동)","47905","미진(MJ)물류","20200730094942","U","2020-08-01 02:40:00.0","","392349.827168912","189968.33312509","축산물운반업","","","000","",
"51","축산물운반업","07_22_25_P","3300000","330000000820210001","20211223","","01","영업/정상","0000","정상","","","","","","0","","부산광역시 동래구 온천동 ****-**","부산광역시 동래구 여고북로**번길 **(온천동)","47839","다담을코리아","20220621112214","U","2022-06-23 02:40:00.0","","388191.550377131","191135.294524517","축산물운반업","","0","000","0",
"52","축산물운반업","07_22_25_P","3300000","330000000820080001","20080222","","01","영업/정상","0000","정상","","","","","941-0092","26.95","","부산광역시 동래구 사직동 **-**번지","부산광역시 동래구 사직로*번길 * (사직동)","607817","스모프 치킨","20111115132026","I","2018-08-31 23:59:59.0","","","","축산물운반업","","","000","",
"53","축산물운반업","07_22_25_P","3300000","330000000820080002","20080828","","01","영업/정상","0000","정상","","","","","507-6101","14.96","","부산광역시 동래구 온천동 ****-*번지","부산광역시 동래구 쇠미로***번길 ** (온천동)","47846","아림유통","20111115133808","I","2018-08-31 23:59:59.0","","387937.558943243","191924.368833875","축산물운반업","","","000","",
"54","축산물운반업","07_22_25_P","3300000","330000000820090001","20090211","","01","영업/정상","0000","정상","","","","","5521073","33.18","","부산광역시 동래구 수안동 **-**번지 상가동 ***호","부산광역시 동래구 온천천로***번길 ** (수안동)","47884","해맑은 식품 부산지사","20111115133905","I","2018-08-31 23:59:59.0","","390111.718930701","190502.747273107","축산물운반업","","","000","",
"55","축산물운반업","07_22_25_P","3300000","330000000820090002","20090316","","01","영업/정상","0000","정상","","","","","5532736","12.95","","부산광역시 동래구 온천동 ***-*번지 ***호","부산광역시 동래구 금강로 *** (온천동)","47705","유진유통(한냉 동래점)","20111115134002","I","2018-08-31 23:59:59.0","","389232.177374563","192993.794473224","축산물운반업","","","000","",
"56","축산물운반업","07_22_25_P","3300000","330000000820060004","20060807","","01","영업/정상","0000","정상","","","","","523-5860","32","","부산광역시 동래구 명장동 ***-*번지","부산광역시 동래구 안락로***번길 ** (명장동)","47785","희성물산","20111115131905","I","2018-08-31 23:59:59.0","","392212.441466601","191106.552914263","축산물운반업","","","000","",
"57","축산물운반업","07_22_25_P","3300000","330000000820070001","20070115","","01","영업/정상","0000","정상","","","","","5323880","57","","부산광역시 동래구 안락동 ***-**","부산광역시 동래구 명안로*번길 ** (안락동)","47787","(주)전국티피엘","20210413110206","U","2021-04-15 02:40:00.0","","391118.642802761","190837.417972243","축산물운반업","","","L00","",
"58","축산물운반업","07_22_25_P","3300000","330000000820100003","20100722","","01","영업/정상","0000","정상","","","","","753-5289","115.63","","부산광역시 동래구 사직동 ***-**번지","부산광역시 동래구 쇠미로***번길 ** (사직동)","47870","보령시디푸드","20111115134238","I","2018-08-31 23:59:59.0","","387317.308138272","191305.169048265","축산물운반업","","","000","",
"59","축산물운반업","07_22_25_P","3300000","330000000820110001","20110502","","01","영업/정상","0000","정상","","","","","5544442","76.5","","부산광역시 동래구 안락동 ***-**번지","부산광역시 동래구 반송로 *** (안락동)","47754","(주)삼호로직스","20111115134338","I","2018-08-31 23:59:59.0","","390945.817890111","190998.177166438","축산물운반업","","","L00","",
"60","축산물운반업","07_22_25_P","3300000","330000000820120001","20120515","","01","영업/정상","0000","정상","","","","","9078878","57.64","","부산광역시 동래구 안락동 ***-**","부산광역시 동래구 반송로 ***, *층 (안락동)","47754","(주)삼호물류","20210120153522","U","2021-01-22 02:40:00.0","","390945.817890111","190998.177166438","축산물운반업","","","L00","",
"61","축산물운반업","07_22_25_P","3300000","330000000820140001","20140320","","01","영업/정상","0000","정상","","","","","051-528-9119","31.32","","부산광역시 동래구 명장동 ***번지","부산광역시 동래구 시실로***번길 ** (명장동)","47757","명성유통","20140320125746","I","2018-08-31 23:59:59.0","","390587.732180169","192538.03045226","축산물운반업","","","000","",
"62","축산물운반업","07_22_25_P","3300000","330000000820160001","20160602","","01","영업/정상","0000","정상","","","","","051-507-3693","158.4","","부산광역시 동래구 사직동 ***-***번지","부산광역시 동래구 여고로**번길 ** (사직동)","47829","초원축산","20160602155718","I","2018-08-31 23:59:59.0","","388629.318722146","190977.386553127","축산물운반업","","","000","",
"63","축산물운반업","07_22_25_P","3300000","330000000820050001","20050426","","03","폐업","0002","폐업","20090417","","","","523-5173","23.1","","부산광역시 동래구 안락동 ***-*번지","","","부산해운대급식점","20090417173352","I","2018-08-31 23:59:59.0","","392306.244469625","190101.454632523","축산물운반업","","","000","",
"64","축산물운반업","07_22_25_P","3300000","330000000820050002","20050428","","03","폐업","0002","폐업","20090420","","","","531-0701","23.1","","부산광역시 동래구 안락동 ***-*번지","","","부산동래급식영업점","20090420100719","I","2018-08-31 23:59:59.0","","392306.244469625","190101.454632523","축산물운반업","","","000","",
"65","축산물운반업","07_22_25_P","3300000","330000000820060001","20060628","","03","폐업","0002","폐업","20090417","","","","525-4366","55.3","","부산광역시 동래구 명장동 ***-*번지","","","대경유통","20090417163616","I","2018-08-31 23:59:59.0","","391054.375169221","191867.234576061","축산물운반업","","","000","",
"66","축산물운반업","07_22_25_P","3300000","330000000820060002","20060718","","03","폐업","0002","폐업","20150831","","","","554-6609","0","","부산광역시 동래구 온천동 ***-*번지 *동 ***호","부산광역시 동래구 충렬대로**번길 ** (온천동)","47724","대경","20150831115801","I","2018-08-31 23:59:59.0","","388377.975563711","191942.775777965","축산물운반업","","","000","",
"67","축산물운반업","07_22_25_P","3300000","330000000820060003","20060807","","03","폐업","0002","폐업","20210315","","","","521-3001","28","","부산광역시 동래구 안락동 ***-**","부산광역시 동래구 안락로 ** (안락동)","47784","(주)고려식품","20210316091800","U","2021-03-18 02:40:00.0","","391801.413425401","190953.011267599","축산물운반업","","","L00","",
"68","축산물운반업","07_22_25_P","3300000","330000000820070002","20070501","","03","폐업","0002","폐업","20160324","","","","","25","","부산광역시 동래구 명장동 ***-*번지","부산광역시 동래구 반송로 *** (명장동)","47766","(주)중앙로지스","20160324103941","I","2018-08-31 23:59:59.0","","391625.172390085","192123.455547009","축산물운반업","","","L00","",
"69","축산물운반업","07_22_25_P","3300000","330000000820100001","20100407","","03","폐업","0002","폐업","20121018","","","","502-5433","30.4","","부산광역시 동래구 사직동 ***-**번지","부산광역시 동래구 중앙대로****번길 ** (사직동)","47832","신우유통","20121018162403","I","2018-08-31 23:59:59.0","","389036.817338833","191082.537006312","축산물운반업","","","000","",
"70","축산물운반업","07_22_25_P","3300000","330000000820100002","20100414","","03","폐업","0002","폐업","20100727","","","","507-6101","36","","부산광역시 동래구 온천동 ****-*번지","","","거산유통","20100727105203","I","2018-08-31 23:59:59.0","","387937.558943243","191924.368833875","축산물운반업","","","000","",
"71","축산물운반업","07_22_25_P","3310000","331000000820210001","20210316","","01","영업/정상","0000","정상","","","","","0519147158","76.99","","부산광역시 남구 문현동 ***-** 한양연립","부산광역시 남구 고동골로**번길 **, 지하*층 (문현동, 한양연립)","48417","(주)프로로직스","20210316140520","I","2021-03-18 00:22:59.0","","388854.969635147","184701.350958398","축산물운반업","","","L00","",
"72","축산물운반업","07_22_25_P","3310000","331000000820180001","20180227","","01","영업/정상","0000","정상","","","","","","50.07","","부산광역시 남구 대연동 ****-*","부산광역시 남구 석포로**번길 **, *층 (대연동)","48485","엠제이지원사업부","20201125113328","U","2020-11-27 02:40:00.0","","390535.342013716","183157.156387288","축산물운반업","","","000","",
"73","축산물운반업","07_22_25_P","3310000","331000000820090001","20090401","","01","영업/정상","0000","정상","","","","","646-4592","28.84","","부산광역시 남구 문현동 ***번지 한일O/T ****호","부산광역시 남구 자성로 *** (문현동)","48475","(주)동광물류","20131217173114","I","2018-08-31 23:59:59.0","","388310.086924943","183883.854898063","축산물운반업","","","L00","",
"74","축산물운반업","07_22_25_P","3310000","331000000820160001","20160422","","01","영업/정상","0000","정상","","","","","7041597119","33","","부산광역시 남구 문현동 **-** 용우탕","부산광역시 남구 진남로***번길 **, *층 (문현동)","48446","주식회사 엠제이","20210604161203","U","2021-06-06 02:40:00.0","","389346.477625752","184423.601906015","축산물운반업","","","L00","",
"75","축산물운반업","07_22_25_P","3310000","331000000820060001","20061110","","03","폐업","0002","폐업","20201127","","","","051-628-0168","60","","부산광역시 남구 감만동 ***-**","부산광역시 남구 신선로 *** (감만동)","48554","보성(부산80더1402 냉동탑차)","20201127154314","U","2020-11-29 02:40:00.0","","390030.875940085","181109.276283054","축산물운반업","","","000","",
"76","축산물운반업","07_22_25_P","3310000","331000000820120001","20120313","","03","폐업","0002","폐업","20200107","","","","051-903-6111","10","","부산광역시 남구 문현동 **-**번지","부산광역시 남구 진남로 *** (문현동)","48422","(주)농미식품","20200107142018","U","2020-01-09 02:40:00.0","","389199.811047623","184757.759148802","축산물운반업","","","L00","",
"77","축산물운반업","07_22_25_P","3310000","331000000820120002","20121205","","03","폐업","0002","폐업","20151204","","","","051-627-7492","30","","부산광역시 남구 우암동 ***-**번지","부산광역시 남구 우암로 *** (우암동)","48479","박푸드","20151204111526","I","2018-08-31 23:59:59.0","","388623.28570679","182653.899008614","축산물운반업","","","000","",
"78","축산물운반업","07_22_25_P","3310000","331000000820140001","20140211","","03","폐업","0002","폐업","20191212","","","","7195067","3348.76","","부산광역시 남구 우암동 ***번지","부산광역시 남구 우암로 *** (우암동)","48480","씨제이대한통운 부산저온센터","20191212141943","U","2019-12-14 02:40:00.0","","389272.404422507","182500.084704643","축산물운반업","","","L00","",
"79","축산물운반업","07_22_25_P","3310000","331000000820140002","20140428","","03","폐업","0002","폐업","20151119","","","","051-757-6133","32.5","","부산광역시 남구 대연동 ***-**번지","부산광역시 남구 황령대로***번나길 ** (대연동)","48427","동인","20151119142556","I","2018-08-31 23:59:59.0","","390423.645930262","185542.367415256","축산물운반업","","","000","",
"80","축산물운반업","07_22_25_P","3310000","331000000820160002","20160905","","03","폐업","0002","폐업","20220110","","","","","133.17","","부산광역시 남구 문현동 ***-**","부산광역시 남구 동제당로 ***, *층 ***호 (문현동)","48464","MJ 콜벤","20220110114537","U","2022-01-12 02:40:00.0","","389185.507698252","183273.055252216","축산물운반업","","0","000","0",
"81","축산물운반업","07_22_25_P","3320000","332000000820190001","20190902","","01","영업/정상","0000","정상","","","","","","0","","부산광역시 북구 화명동 ****번지","부산광역시 북구 금곡대로 ***, ***동 ****호 (화명동, 롯데캐슬카이저)","46539","JW물류","20190902144620","I","2019-09-04 02:22:18.0","","383053.136267214","193324.585009319","축산물운반업","","","000","",
"82","축산물운반업","07_22_25_P","3320000","332000000820210003","20211230","","01","영업/정상","0000","정상","","","","","","4","","부산광역시 북구 만덕동 *** 휴먼시아아파트 상가동 ***호","부산광역시 북구 만덕*로 **, 휴먼시아아파트 상가동 ***호 (만덕동)","46561","대송운수","20211230103010","I","2022-01-01 00:22:41.0","","384957.367306682","192396.773361031","축산물운반업","","0","000","0",
"83","축산물운반업","07_22_25_P","3320000","332000000820210002","20210825","","01","영업/정상","0000","정상","","","","","051-342-6500","15","","부산광역시 북구 구포동 ****-* 협진태양아파트","부산광역시 북구 백양대로 ****, ***호 (구포동, 협진태양아파트)","46650","(주)행운물류","20210825140929","I","2021-08-27 00:22:50.0","","381617.539582972","190548.761316912","축산물운반업","","0","L00","0",
"84","축산물운반업","07_22_25_P","3320000","332000000820210001","20210729","","01","영업/정상","0000","정상","","","","","902-0015","50","","부산광역시 북구 금곡동 **-**","부산광역시 북구 금곡대로***번길 ***, ***호 (금곡동)","46505","(주)센텀로지스틱스","20210802112557","U","2021-08-04 02:40:00.0","","383532.392513108","198207.599799942","축산물운반업","","0","L00","0",
"85","축산물운반업","07_22_25_P","3320000","332000000820200001","20201109","","01","영업/정상","0000","정상","","","","","","0","","부산광역시 북구 화명동 ****","부산광역시 북구 금곡대로 ***, ***동 ****호 (화명동, 롯데캐슬카이저)","46539","명성유통","20201118094843","U","2020-11-20 02:40:00.0","","383053.136267214","193324.585009319","축산물운반업","","","000","",
"86","축산물운반업","07_22_25_P","3320000","332000000820090001","20090720","","01","영업/정상","0000","정상","","","","","333-8072","0","","부산광역시 북구 덕천동 ***-*번지","부산광역시 북구 덕천로 *** (덕천동)","","(주)대명식품","20131014111307","I","2018-08-31 23:59:59.0","","383651.193136019","191989.367156984","축산물운반업","","","L00","",
"87","축산물운반업","07_22_25_P","3320000","332000000820060001","20060814","","01","영업/정상","0000","정상","","","","","337-6466","82.5","","부산광역시 북구 구포동 ****-**번지","부산광역시 북구 사상로 ***, *층 (구포동)","46504","(주)한솔로지스","20190114115402","U","2019-01-16 02:40:00.0","","381222.211350982","190558.865400982","축산물운반업","","","L00","",
"88","축산물운반업","07_22_25_P","3320000","332000000820180001","20180706","","01","영업/정상","0000","정상","","","","","051-365-4146","14.58","","부산광역시 북구 금곡동 ****-*","부산광역시 북구 금곡대로 ***, 금곡월드프라자 ***호 (금곡동)","46509","(주)신광종합물류","20211014124920","U","2021-10-16 02:40:00.0","","383187.953800754","196281.988973649","축산물운반업","","0","L00","0",
"89","축산물운반업","07_22_25_P","3320000","332000000820060003","20060922","","03","폐업","0002","폐업","20080909","","","","342-3081","0","","부산광역시 북구 구포동 ***-**번지 (*층)","부산광역시 북구 백양대로 **** (구포동,(*층))","","성운통운(주)","20080909163626","I","2018-08-31 23:59:59.0","","381899.941126925","190967.684539473","축산물운반업","","","L00","",
"90","축산물운반업","07_22_25_P","3320000","332000000820070002","20071029","","03","폐업","0002","폐업","20100623","","","","925-9001","0","","부산광역시 북구 구포동 ****-*번지 협진프라자 ***호","","","(주)태종물류","20100623143122","I","2018-08-31 23:59:59.0","","381617.539582972","190548.761316912","축산물운반업","","","L00","",
"91","축산물운반업","07_22_25_P","3320000","332000000820090002","20091125","","03","폐업","0002","폐업","20111130","","","","241-7740","0","","부산광역시 북구 만덕동 ***-*번지","부산광역시 북구 덕천로***번길 **-** (만덕동)","","성원유통","20111130140201","I","2018-08-31 23:59:59.0","","385091.793401198","191787.622373092","축산물운반업","","","000","",
"92","축산물운반업","07_22_25_P","3320000","332000000820130001","20130708","","03","폐업","0002","폐업","20201125","","","","","99","","부산광역시 북구 구포동 ***-**","부산광역시 북구 낙동대로****번길 ** (구포동)","46581","세연유통","20201125175548","U","2020-11-27 02:40:00.0","","382464.346408319","191635.833321359","축산물운반업","","","000","",
"93","축산물운반업","07_22_25_P","3320000","332000000820060002","20060817","","03","폐업","0002","폐업","20201125","","","","341-3706","0","","부산광역시 북구 구포동 ***-**","부산광역시 북구 백양대로 **** (구포동)","","진성화유통","20201125152922","U","2020-11-27 02:40:00.0","","381797.224084998","190797.141100898","축산물운반업","","","000","",
"94","축산물운반업","07_22_25_P","3320000","332000000820150001","20150608","","03","폐업","0002","폐업","20210224","","","","051-205-6668","90.5","","","부산광역시 북구 효열로***번길 ** (금곡동)","46505","진환후레쉬(주)","20210224170707","U","2021-02-26 02:40:00.0","","383530.856427136","198162.727267062","축산물운반업","","","L00","",
"95","축산물운반업","07_22_25_P","3320000","332000000820150002","20150624","","03","폐업","0002","폐업","20210224","","","","","20","","부산광역시 북구 구포동","부산광역시 북구 사상로***번길 * (구포동)","46504","구포","20210224170205","U","2021-02-26 02:40:00.0","","381185.806287353","190393.142559782","축산물운반업","","","000","",
"96","축산물운반업","07_22_25_P","3320000","332000000820070001","20070706","","04","취소/말소/만료/정지/중지","0004","말소","20210408","","","","342-6500","0","","부산광역시 북구 구포동 ****-* ***호","","","(주)씨엔씨물류","20210408133609","U","2021-04-10 02:40:00.0","","381617.539582972","190548.761316912","축산물운반업","","","000","",
"97","축산물운반업","07_22_25_P","3320000","332000000820100001","20100507","","04","취소/말소/만료/정지/중지","0004","말소","20210408","","","","301-9945","20","","부산광역시 북구 구포동 ****-*","부산광역시 북구 낙동대로****번길 *-* (구포동)","46504","(주)삼덕인터내셔날","20210408133543","U","2021-04-10 02:40:00.0","","381017.387943955","190422.941832713","축산물운반업","","","L00","",
"98","축산물운반업","07_22_25_P","3320000","332000000819660001","19660726","","04","취소/말소/만료/정지/중지","0004","말소","20210408","","","","304-0437","0","","부산광역시 북구 구포동 ****-*","부산광역시 북구 사상로***번길 ** (구포동)","","동원운수(주)","20210408133631","U","2021-04-10 02:40:00.0","","381077.868225122","190338.842631857","축산물운반업","","","000","",
"99","축산물운반업","07_22_25_P","3330000","333000000820100002","20101028","","01","영업/정상","0000","정상","","","","","","24","","부산광역시 해운대구 반송동 ***-**","부산광역시 해운대구 반송로***번길 ** (반송동)","48018","대한유통","20201201155455","U","2020-12-03 02:40:00.0","","395360.230729508","193745.279973253","축산물운반업","","","000","",
"100","축산물운반업","07_22_25_P","3330000","333000000820120001","20120625","","01","영업/정상","0000","정상","","","","","051-525-2988","20","","부산광역시 해운대구 반여동 ***-*","부산광역시 해운대구 선수촌로***번길 * (반여동)","48032","주식회사 하림부산포스트","20220112105400","U","2022-01-14 02:40:00.0","","393280.122788198","192038.703701425","축산물운반업","","0","L00","0",
"101","축산물운반업","07_22_25_P","3330000","333000000820130001","20130110","","01","영업/정상","0000","정상","","","","","051-784-6743","48.46","","부산광역시 해운대구 재송동 ***","부산광역시 해운대구 재반로 **-** (재송동)","48056","(주)해광통운","20211027161929","U","2021-10-29 02:40:00.0","","393564.154856479","189232.298979587","축산물운반업","","0","L00","0",
"102","축산물운반업","07_22_25_P","3330000","333000000820150001","20150731","","01","영업/정상","0000","정상","","","","","516661577","26.4","","부산광역시 해운대구 반여동 *** 반여농산물도매시장 서비스동","부산광역시 해운대구 수영강변대로 ***, 반여농산물도매시장 서비스동 *층 (반여동)","48031","한솔물류센터","20220701140903","U","2022-07-03 02:40:00.0","","393233.931123062","192684.487637586","축산물운반업","","0","L00","0",
"103","축산물운반업","07_22_25_P","3330000","333000000820160001","20160328","","01","영업/정상","0000","정상","","","","","5280454","53","","부산광역시 해운대구 석대동 ***번지","부산광역시 해운대구 반송로***번길 **-* (석대동)","48002","(주)중앙로지스","20180702111153","I","2018-08-31 23:59:59.0","","392978.975719781","193113.409233251","축산물운반업","","","L00","",
"104","축산물운반업","07_22_25_P","3330000","333000000820210001","20210114","","01","영업/정상","0000","정상","","","","","","0","","부산광역시 해운대구 반여동 ****","부산광역시 해운대구 반여로 *** (반여동, 센텀롯데캐슬아파트)","48035","길유통","20210413105139","U","2021-04-15 02:40:00.0","","393296.108207876","191553.901342434","축산물운반업","","","000","",
"105","축산물운반업","07_22_25_P","3330000","333000000820030002","20031114","","03","폐업","0002","폐업","20040330","","","","","9","","부산광역시 해운대구 좌동 ****번지 대우*차상가 ***호","","","본촌치킨","20040330100334","I","2018-08-31 23:59:59.0","","398482.052793217","187456.378311817","축산물운반업","","","000","",
"106","축산물운반업","07_22_25_P","3330000","333000000819970001","19970619","","03","폐업","0002","폐업","20220407","","","","7040527","182.3","","부산광역시 해운대구 송정동 **-*","부산광역시 해운대구 송정*로**번길 ** (송정동)","48069","DK factory","20220407113432","U","2022-04-09 02:40:00.0","","400832.811192872","190567.938686437","축산물운반업","","0","000","0",
"107","축산물운반업","07_22_25_P","3330000","333000000820030001","20030327","","03","폐업","0002","폐업","20070417","","","","528-0454","12","","부산광역시 해운대구 반여동 ****번지","","","(주)중앙냉동","20070417132954","I","2018-08-31 23:59:59.0","","392927.645190575","191390.769791396","축산물운반업","","","000","",
"108","축산물운반업","07_22_25_P","3330000","333000000820100001","20101028","","03","폐업","0002","폐업","20201130","","","","","35.37","","부산광역시 해운대구 반송동 ***-**","","","HL푸드","20201201144448","U","2020-12-03 02:40:00.0","","395360.230729508","193745.279973253","축산물운반업","","","000","",
"109","축산물운반업","07_22_25_P","3330000","333000000820110001","20110907","","03","폐업","0002","폐업","20210315","","","","741-9300","129.6","","부산광역시 해운대구 송정동 **-*","","","진명상사","20210315092753","U","2021-03-17 02:40:00.0","","400850.11376111","190807.25680432","축산물운반업","","","000","",
"110","축산물운반업","07_22_25_P","3330000","333000000820110002","20111229","","03","폐업","0002","폐업","20201210","","","","","20","","부산광역시 해운대구 반송동 ***-**","부산광역시 해운대구 아랫반송로**번길 ** (반송동)","48018","깻잎통닭","20201216112910","U","2020-12-18 02:40:00.0","","395524.640452352","193794.795587496","축산물운반업","","","000","",
"111","축산물운반업","07_22_25_P","3330000","333000000820060001","20060629","","04","취소/말소/만료/정지/중지","0004","말소","20210503","","","","666-6161","60.48","","부산광역시 해운대구 반여동 *** ***호","","","대구축산농협급식사업소","20210506141113","U","2021-05-08 02:40:00.0","","393233.931123062","192684.487637586","축산물운반업","","","000","",
"112","축산물운반업","07_22_25_P","3330000","333000000820060002","20060705","","04","취소/말소/만료/정지/중지","0004","말소","20210503","","","","521-7400","81.6","","부산광역시 해운대구 재송동 ***-*","부산광역시 해운대구 해운대로**번길 **-* (재송동)","48054","성원상사","20210506141200","U","2021-05-08 02:40:00.0","","393222.509153458","189872.116387782","축산물운반업","","","000","",
"113","축산물운반업","07_22_25_P","3330000","333000000820090001","20090921","","04","취소/말소/만료/정지/중지","0004","말소","20210503","","","","","85.96","","부산광역시 해운대구 반여동 *** ***호","","","농협중앙회 중앙급식영업점","20210506141021","U","2021-05-08 02:40:00.0","","393233.931123062","192684.487637586","축산물운반업","","","000","",
"114","축산물운반업","07_22_25_P","3330000","333000000819900001","19901130","","04","취소/말소/만료/정지/중지","0004","말소","20210503","","","","523-0976","21","","부산광역시 해운대구 반여동 ***-**","","","대원식육","20210506141238","U","2021-05-08 02:40:00.0","","393220.982502159","191930.661979899","축산물운반업","","","000","",
"115","축산물운반업","07_22_25_P","3340000","334000000820180001","20180305","","01","영업/정상","0000","정상","","","","","2530177","549.96","","부산광역시 사하구 구평동 ***","부산광역시 사하구 두송로 ***-* (구평동)","49460","(주)영남웰푸드","20210520194704","U","2021-05-22 02:40:00.0","","381366.580468733","176976.121819553","축산물운반업","","","L00","",
"116","축산물운반업","07_22_25_P","3340000","334000000820210004","20211221","","01","영업/정상","0000","정상","","","","","","33","","부산광역시 사하구 당리동 ***-** *층","부산광역시 사하구 괴정로 ***-*, *층 (당리동)","49411","(주)삼보로지스","20211221130745","I","2021-12-23 00:22:42.0","","380098.702147364","179913.736496342","축산물운반업","","0","L00","0",
"117","축산물운반업","07_22_25_P","3340000","334000000820030001","20030224","","01","영업/정상","0000","정상","","","","","3230112","40","","부산광역시 사하구 당리동 ***-*","부산광역시 사하구 괴정로 *** (당리동)","49398","(주)이노물류","20210226151032","U","2021-02-28 02:40:00.0","","380178.203670899","179814.820904757","축산물운반업","","","L00","",
"118","축산물운반업","07_22_25_P","3340000","334000000820070002","20070423","","01","영업/정상","0000","정상","","","","","2911980","73.22","","부산광역시 사하구 감천동 ***-**","부산광역시 사하구 원양로***번길 ** (감천동)","49451","(주)해성물류","20220518101432","U","2022-05-20 02:40:00.0","","382951.860735424","177958.36737229","축산물운반업","","0","L00","0",
"119","축산물운반업","07_22_25_P","3340000","334000000820070003","20070430","","01","영업/정상","0000","정상","","","","","261-3100","32.16","","부산광역시 사하구 장림동 ****번지","","","(주)지원냉동물류","20141020134615","I","2018-08-31 23:59:59.0","","378084.042155194","177281.918898616","축산물운반업","","","L00","",
"120","축산물운반업","07_22_25_P","3340000","334000000820120001","20120716","","01","영업/정상","0000","정상","","","","","2423404","33","","부산광역시 사하구 감천동 ***-**","부산광역시 사하구 원양로 *** (감천동)","49452","(주)강동운수","20220610145724","U","2022-06-12 02:40:00.0","","382852.793754942","177505.422460379","축산물운반업","","0","L00","0",
"121","축산물운반업","07_22_25_P","3340000","334000000820140002","20141117","","01","영업/정상","0000","정상","","","","","","35","","부산광역시 사하구 구평동 ***-*번지","부산광역시 사하구 감천항로 *** (구평동)","49455","한솔물류","20160202140939","I","2018-08-31 23:59:59.0","","381968.925391454","174626.658689664","축산물운반업","","","L00","",
"122","축산물운반업","07_22_25_P","3340000","334000000820150001","20150922","","01","영업/정상","0000","정상","","","","","2034310","34","","부산광역시 사하구 당리동","부산광역시 사하구 괴정로 ***, *층 (당리동, 수정빌딩)","49398","(주)로지스아이","20210514110318","U","2021-05-16 02:40:00.0","","380178.203670899","179814.820904757","축산물운반업","","","L00","",
"123","축산물운반업","07_22_25_P","3340000","334000000820060004","20061026","","01","영업/정상","0000","정상","","","","","","35","","부산광역시 사하구 장림동 ***-*번지","부산광역시 사하구 장림시장*길 *** (장림동)","49482","킨불라 숯불치킨 체인 사업본부","20140411131630","I","2018-08-31 23:59:59.0","","379734.649505261","177350.963274857","축산물운반업","","","000","",
"124","축산물운반업","07_22_25_P","3340000","334000000820210003","20210412","","01","영업/정상","0000","정상","","","","","","0","","부산광역시 사하구 하단동 ****-* 가락타운*단지 ***동 ***호","부산광역시 사하구 하신번영로 ***, ***동 ***호 (하단동, 가락타운*단지)","49305","커먼","20210412154809","I","2021-04-14 00:22:57.0","","378522.007200069","180909.306630124","축산물운반업","","","000","",
"125","축산물운반업","07_22_25_P","3340000","334000000820210002","20210208","","01","영업/정상","0000","정상","","","","","","0","","부산광역시 사하구 감천동 ***-*","부산광역시 사하구 감천로**번길 ** (감천동)","49372","인선","20210303112527","U","2021-03-05 02:40:00.0","","382346.78836604","178641.307507064","축산물운반업","","","000","",
"126","축산물운반업","07_22_25_P","3340000","334000000820210001","20210113","","01","영업/정상","0000","정상","","","","","051-208-5015","91","","부산광역시 사하구 괴정동 ***-* ***호","부산광역시 사하구 사리로 **, ***호 (괴정동, 지광베르디아)","49348","(주)비엔에프","20210114093111","I","2021-01-16 00:23:15.0","","382238.679619511","179910.267800829","축산물운반업","","","L00","",
"127","축산물운반업","07_22_25_P","3340000","334000000820190001","20180403","","03","폐업","0002","폐업","20210831","","","","","33","","부산광역시 사하구 당리동 ***-**","부산광역시 사하구 괴정로 ***-*, *층 (당리동)","49411","(주)현대로지스","20210906165656","U","2021-09-08 02:40:00.0","","380098.702147364","179913.736496342","축산물운반업","","0","L00","0",
"128","축산물운반업","07_22_25_P","3340000","334000000820040001","20040714","","03","폐업","0002","폐업","20060621","","","","","15","","부산광역시 사하구 신평동 ***-*번지","부산광역시 사하구 하신번영로 *** (신평동)","","선경냉동운수(주)","20060621164610","I","2018-08-31 23:59:59.0","","378652.925746092","179362.527146416","축산물운반업","","","L00","",
"129","축산물운반업","07_22_25_P","3340000","334000000820040002","20040809","","03","폐업","0002","폐업","20060421","","","","","120","","부산광역시 사하구 신평동 **-*번지","부산광역시 사하구 신산로 *** (신평동)","","(주)장원냉동물류","20060421172042","I","2018-08-31 23:59:59.0","","380121.764056845","178577.05138749","축산물운반업","","","L00","",
"130","축산물운반업","07_22_25_P","3340000","334000000820050004","20051201","","03","폐업","0002","폐업","20080416","","","","262-3322","115","","부산광역시 사하구 다대동 ****번지","","","(주)한맥물류","20080416165647","I","2018-08-31 23:59:59.0","","378657.08118942","175944.196657226","축산물운반업","","","000","",
"131","축산물운반업","07_22_25_P","3340000","334000000820060001","20060329","","03","폐업","0002","폐업","20090527","","","","","42","","부산광역시 사하구 감천동 ***-*번지","","","(주)세종물류","20090527135100","I","2018-08-31 23:59:59.0","","382783.517165258","178189.195198626","축산물운반업","","","000","",
"132","축산물운반업","07_22_25_P","3340000","334000000820070005","20071122","","03","폐업","0002","폐업","20110526","","","","203-3406","39","","부산광역시 사하구 감천동 ***-*번지","부산광역시 사하구 원양로 *** (감천동)","","백두냉동운수(주)","20110526164323","I","2018-08-31 23:59:59.0","","382925.396854029","177979.680201219","축산물운반업","","","L00","",
"133","축산물운반업","07_22_25_P","3340000","334000000820080001","20081219","","03","폐업","0002","폐업","20210315","","","","263-7545","15","","부산광역시 사하구 감천동 ***-**","부산광역시 사하구 원양로 *** (감천동)","49452","보성지티에스(주)","20210315104539","U","2021-03-17 02:40:00.0","","382852.793754942","177505.422460379","축산물운반업","","","L00","",
"134","축산물운반업","07_22_25_P","3340000","334000000820110001","20111123","","03","폐업","0002","폐업","20160201","","","","2656611","166","","부산광역시 사하구 장림동 ***-*번지","부산광역시 사하구 장림번영로***번길 ** (장림동)","49466","두루물류(주)","20160201175445","I","2018-08-31 23:59:59.0","","380185.045537359","177224.336443702","축산물운반업","","","L00","",
"135","축산물운반업","07_22_25_P","3340000","334000000820140001","20140422","","03","폐업","0002","폐업","20210319","","","","205-6668","15","","부산광역시 사하구 하단동 ***-**","부산광역시 사하구 낙동대로 *** (하단동)","49308","찬진로직스주식회사","20210319100140","U","2021-03-21 02:40:00.0","","379107.935318869","180819.502594487","축산물운반업","","","000","",
"136","축산물운반업","07_22_25_P","3340000","334000000820160001","20161026","","03","폐업","0002","폐업","20170901","","","","","0","","부산광역시 사하구 괴정동 ***-*번지","부산광역시 사하구 사하로***번길 **-* (괴정동)","49389","YJ물류","20170901154102","I","2018-08-31 23:59:59.0","","381412.591928603","179085.98402303","축산물운반업","","","000","",
"137","축산물운반업","07_22_25_P","3340000","334000000820060002","20060627","","03","폐업","0002","폐업","20100408","","","","","44","","부산광역시 사하구 괴정동 ***-**번지","부산광역시 사하구 낙동대로 *** (괴정동)","","현대유통","20100408131310","I","2018-08-31 23:59:59.0","","380775.660648155","179679.148008564","축산물운반업","","","000","",
"138","축산물운반업","07_22_25_P","3340000","334000000820060003","20060811","","03","폐업","0002","폐업","20210226","","","","","27.5","","부산광역시 사하구 신평동 ***-*","부산광역시 사하구 신산북로**번길 ** (신평동)","","서부급식영업점","20210226171411","U","2021-02-28 02:40:00.0","","379546.541691789","178872.461747926","축산물운반업","","","000","",
"139","축산물운반업","07_22_25_P","3340000","334000000820070001","20070207","","03","폐업","0002","폐업","20171226","","","","","105","","부산광역시 사하구 하단동 ***-***번지","부산광역시 사하구 하신중앙로 *** (하단동)","","북부 급식 영업점","20171227102550","I","2018-08-31 23:59:59.0","","378764.360375027","179629.024950501","축산물운반업","","","000","",
"140","축산물운반업","07_22_25_P","3340000","334000000819850001","19851209","","04","취소/말소/만료/정지/중지","0004","말소","20210602","","","","","0","","부산광역시 사하구 신평동","","","(주)미화당 장림지부","20211102152224","U","2021-11-04 02:40:00.0","","","","축산물운반업","","0","000","0",
"141","축산물운반업","07_22_25_P","3340000","334000000820050001","20050114","","04","취소/말소/만료/정지/중지","0004","말소","20210602","","","","","78","","부산광역시 사하구 감천동 ***-*","","","(주)세흥물류","20211102152209","U","2021-11-04 02:40:00.0","","382149.372352667","178424.293172969","축산물운반업","","0","000","0",
"142","축산물운반업","07_22_25_P","3340000","334000000820050003","20050506","","04","취소/말소/만료/정지/중지","0004","말소","20210602","","","","","14.72","","부산광역시 사하구 다대동 ***-**","부산광역시 사하구 윤공단로**번길 ** (다대동)","","대한유통","20211102152152","U","2021-11-04 02:40:00.0","","379368.057565427","174738.531494451","축산물운반업","","0","000","0",
"143","축산물운반업","07_22_25_P","3340000","334000000820090002","20090730","","04","취소/말소/만료/정지/중지","0004","말소","20210602","","","","271-0641","50","","부산광역시 사하구 다대동 **** ***호","부산광역시 사하구 다송로**번길 **, ***호 (다대동,에스엔씨빌딩)","","진일(주)","20211102152136","U","2021-11-04 02:40:00.0","","380540.836768886","175274.144961403","축산물운반업","","0","L00","0",
"144","축산물운반업","07_22_25_P","3340000","334000000820070004","20071030","","04","취소/말소/만료/정지/중지","0004","말소","20210602","","","","261-6331","23.76","","부산광역시 사하구 장림동 ***-*","부산광역시 사하구 다대로***번길 ** (장림동)","","(주)디에스푸드","20211102152102","U","2021-11-04 02:40:00.0","","379969.395712362","176789.156786307","축산물운반업","","0","000","0",
"145","축산물운반업","07_22_25_P","3340000","334000000820090001","20090528","","04","취소/말소/만료/정지/중지","0004","말소","20210602","","","","205-5202","42","","부산광역시 사하구 장림동 ***-*","부산광역시 사하구 장림로 *** (장림동)","","(주)연합냉동물류","20211102152121","U","2021-11-04 02:40:00.0","","380468.275451379","177920.074084492","축산물운반업","","0","L00","0",
"146","축산물운반업","07_22_25_P","3350000","335000000820090002","20090827","","01","영업/정상","0000","정상","","","","","","331.96","","부산광역시 금정구 구서동 ***-**","부산광역시 금정구 금단로 ** (구서동)","","수빈상사","20210528154646","U","2021-05-30 02:40:00.0","","390539.752689817","197212.14418308","축산물운반업","","","000","",
"147","축산물운반업","07_22_25_P","3350000","335000000820090004","20090827","","01","영업/정상","0000","정상","","","","","","331.96","","부산광역시 금정구 구서동 ***-**","부산광역시 금정구 금단로 ** (구서동)","","송석원","20210528155326","U","2021-05-30 02:40:00.0","","390539.752689817","197212.14418308","축산물운반업","","","000","",
"148","축산물운반업","07_22_25_P","3350000","335000000820140001","20140812","","01","영업/정상","0000","정상","","","","","553-0870","158.43","","부산광역시 금정구 부곡동 ***-*번지","부산광역시 금정구 동부곡로*번길 *** (부곡동)","46271","(주)제이에스드림푸드","20140812130715","I","2018-08-31 23:59:59.0","","390459.589606482","194346.251054328","축산물운반업","","","L00","",
"149","축산물운반업","07_22_25_P","3350000","335000000819910001","19910211","","01","영업/정상","0000","정상","","","","","","0","","부산광역시 금정구 남산동 ***-*","부산광역시 금정구 금강로 *** (남산동)","","대한유통","20210528154751","U","2021-05-30 02:40:00.0","","389997.880702358","198744.313638664","축산물운반업","","","000","",
"150","축산물운반업","07_22_25_P","3350000","335000000820210001","20210120","","01","영업/정상","0000","정상","","","","","","0","","부산광역시 금정구 구서동 ****-* 구서우성아파트","부산광역시 금정구 금강로***번길 **, **동 ***호 (구서동, 구서우성아파트)","46231","개별화물","20210120155824","I","2021-01-22 00:23:04.0","","389727.626693795","197223.790594013","축산물운반업","","","000","",
"151","축산물운반업","07_22_25_P","3350000","335000000820220001","20220621","","01","영업/정상","0000","정상","","","","","","0","","부산광역시 금정구 남산동 ***-** 현대그레이스아파트","부산광역시 금정구 벅구산로 **-*, ***호 (남산동, 현대그레이스아파트)","46214","금영화물","20220621175151","I","2022-06-23 00:22:40.0","","390500.720040769","198657.050483461","축산물운반업","","0","000","0",
"152","축산물운반업","07_22_25_P","3350000","335000000820020001","20021127","","03","폐업","0002","폐업","20090119","","","","518-1941","0","","부산광역시 금정구 부곡동 **번지","","","(주)육팔운수","20090119143839","I","2018-08-31 23:59:59.0","","","","축산물운반업","","","L00","",
"153","축산물운반업","07_22_25_P","3350000","335000000820070001","20070329","","03","폐업","0002","폐업","20070528","","","","","0","","부산광역시 금정구 부곡동 ***-**번지","부산광역시 금정구 서부곡로**번길 * (부곡동)","","해드림","20070528152310","I","2018-08-31 23:59:59.0","","390212.863103742","193926.653023607","축산물운반업","","","000","",
"154","축산물운반업","07_22_25_P","3350000","335000000820070002","20070620","","03","폐업","0002","폐업","20170308","","","","051-515-4210","45","","부산광역시 금정구 부곡동 **-*번지","부산광역시 금정구 무학송로 *** (부곡동)","","강서유통","20170308135050","I","2018-08-31 23:59:59.0","","390538.231846077","195736.728554938","축산물운반업","","","000","",
"155","축산물운반업","07_22_25_P","3350000","335000000820080001","20080402","","03","폐업","0002","폐업","20100412","","","","","60","","부산광역시 금정구 구서동 ***-*번지","부산광역시 금정구 중앙대로****번길 ** (구서동)","","거산유통","20100412172311","I","2018-08-31 23:59:59.0","","389901.240586379","196436.913414926","축산물운반업","","","000","",
"156","축산물운반업","07_22_25_P","3350000","335000000820090003","20090827","","03","폐업","0002","폐업","20100331","","","","","331.96","","부산광역시 금정구 구서동 ***-**번지","부산광역시 금정구 금단로 ** (구서동)","","경주상사","20100331160536","I","2018-08-31 23:59:59.0","","390539.752689817","197212.14418308","축산물운반업","","","000","",
"157","축산물운반업","07_22_25_P","3350000","335000000820130001","20130215","","03","폐업","0002","폐업","20171115","","","","516-6162","35.04","","부산광역시 금정구 남산동 ***-**번지","부산광역시 금정구 금샘로 *** (남산동)","46217","대구축협 부산급식 사업소","20171115182026","I","2018-08-31 23:59:59.0","","389668.16917846","199131.240158644","축산물운반업","","","000","",
"158","축산물운반업","07_22_25_P","3350000","335000000820160001","20160415","","03","폐업","0002","폐업","20210315","","","","","113","","부산광역시 금정구 장전동 ***-**","부산광역시 금정구 수림로**번길 **-* (장전동)","46282","주식회사 해성푸드","20210316094813","U","2021-03-18 02:40:00.0","","389744.053286536","195127.709126141","축산물운반업","","","L00","",
"159","축산물운반업","07_22_25_P","3350000","335000000819910002","19910408","","03","폐업","0002","폐업","20210607","","","","","0","","부산광역시 금정구 부곡동 ***-**","부산광역시 금정구 무학송로 ** (부곡동)","","한우유통","20210607171926","U","2021-06-09 02:40:00.0","","390398.481977631","194730.922728535","축산물운반업","","","000","",
"160","축산물운반업","07_22_25_P","3350000","335000000819920001","19920118","","04","취소/말소/만료/정지/중지","0004","말소","20210518","","","","508-5252","0","","부산광역시 금정구 청룡동 ***-**","부산광역시 금정구 청룡로 ** (청룡동)","","강산식품","20210520093315","U","2021-05-22 02:40:00.0","","389681.902436608","199347.312987077","축산물운반업","","","000","",
"161","축산물운반업","07_22_25_P","3350000","335000000819990001","19990628","","04","취소/말소/만료/정지/중지","0004","말소","20210518","","","","514-5350","0","","부산광역시 금정구 남산동 ***-*","부산광역시 금정구 중앙대로****번길 ** (남산동)","","삼일시품","20210520093347","U","2021-05-22 02:40:00.0","","390089.776096267","197856.674315203","축산물운반업","","","000","",
"162","축산물운반업","07_22_25_P","3350000","335000000820060001","20060628","","04","취소/말소/만료/정지/중지","0004","말소","20210518","","","","525-2745","15.3","","부산광역시 금정구 서동 ***-**","부산광역시 금정구 서동로***번길 ** (서동)","","다모아유통","20210520093413","U","2021-05-22 02:40:00.0","","391111.587267786","193010.261505804","축산물운반업","","","000","",
"163","축산물운반업","07_22_25_P","3350000","335000000820090001","20090826","","04","취소/말소/만료/정지/중지","0004","말소","20210518","","","","","331.96","","부산광역시 금정구 구서동 ***-**","부산광역시 금정구 금단로 ** (구서동)","","은아물류","20210520093514","U","2021-05-22 02:40:00.0","","390539.752689817","197212.14418308","축산물운반업","","","000","",
"164","축산물운반업","07_22_25_P","3350000","335000000820090005","20090827","","04","취소/말소/만료/정지/중지","0004","말소","20210518","","","","","331.96","","부산광역시 금정구 구서동 ***-**","부산광역시 금정구 금단로 ** (구서동)","","효림상사","20210520093705","U","2021-05-22 02:40:00.0","","390539.752689817","197212.14418308","축산물운반업","","","000","",
"165","축산물운반업","07_22_25_P","3350000","335000000820090006","20090827","","04","취소/말소/만료/정지/중지","0004","말소","20210518","","","","","331.96","","부산광역시 금정구 구서동 ***-**","부산광역시 금정구 금단로 ** (구서동)","","명성상사","20210520093737","U","2021-05-22 02:40:00.0","","390539.752689817","197212.14418308","축산물운반업","","","000","",
"166","축산물운반업","07_22_25_P","3350000","335000000820100001","20100813","","04","취소/말소/만료/정지/중지","0004","말소","20210518","","","","","1161.81","","부산광역시 금정구 금사동 **-*","부산광역시 금정구 삼어로 *** (금사동)","","대경유통","20210520093807","U","2021-05-22 02:40:00.0","","392756.57209067","192622.421527119","축산물운반업","","","000","",
"167","축산물운반업","07_22_25_P","3350000","335000000820100002","20101118","","04","취소/말소/만료/정지/중지","0004","말소","20210518","","","","508-9959","0","","부산광역시 금정구 노포동 ***-*","부산광역시 금정구 중앙대로 **** (노포동)","","하나티앤씨","20210520093834","U","2021-05-22 02:40:00.0","","390414.736173088","200147.483925562","축산물운반업","","","L00","",
"168","축산물운반업","07_22_25_P","3350000","335000000820160002","20160826","","04","취소/말소/만료/정지/중지","0004","말소","20210518","","","","527-7450","4","","부산광역시 금정구 금사동 **-*","부산광역시 금정구 금사로 **-* (금사동)","46330","부자촌","20210520093908","U","2021-05-22 02:40:00.0","","392162.436412634","193182.843270512","축산물운반업","","","000","",
"169","축산물운반업","07_22_25_P","3360000","336000000820190002","20190122","","01","영업/정상","0000","정상","","","","","9736710","0","","부산광역시 강서구 대저*동 ****-*번지","부산광역시 강서구 유통단지*로**번길 **, 다동 *층 (대저*동)","46721","(주)제이비물류","20190419152913","U","2019-04-21 02:40:00.0","","377824.966380913","186638.258246654","축산물운반업","","","L00","",
"170","축산물운반업","07_22_25_P","3360000","336000000820190003","20190426","","01","영업/정상","0000","정상","","","","","","89","","부산광역시 강서구 대저*동 ****","부산광역시 강서구 맥도강변길 ***-** (대저*동)","46723","그리니코퍼레이션(주)","20210427203542","U","2021-04-29 02:40:00.0","","377715.266266058","185052.06452625","축산물운반업","","","L00","",
"171","축산물운반업","07_22_25_P","3360000","336000000820200001","20200323","","01","영업/정상","0000","정상","","","","","","11","","부산광역시 강서구 대저*동 ****","부산광역시 강서구 금호순서길***번길 **, 가동 (대저*동)","46722","엠비물류","20220414111734","U","2022-04-16 02:40:00.0","","376942.037543002","186412.916244312","축산물운반업","","0","000","0",
"172","축산물운반업","07_22_25_P","3360000","336000000820090003","20091106","","01","영업/정상","0000","정상","","","","","518315711","1108.51","","부산광역시 강서구 송정동 ****-**번지","부산광역시 강서구 녹산산단***로**번길 * (송정동)","","(주)부산축산","20140829095839","I","2018-08-31 23:59:59.0","","369562.400873148","177674.066929899","축산물운반업","","","L00","",
"173","축산물운반업","07_22_25_P","3360000","336000000820100002","20100624","","01","영업/정상","0000","정상","","","","","6377261","18.8","","부산광역시 강서구 송정동 ****-*번지","부산광역시 강서구 녹산산업북로 *** (송정동)","46751","에이원프레이트(주)","20151223140334","I","2018-08-31 23:59:59.0","","367454.564232222","179343.014764116","축산물운반업","","","L00","",
"174","축산물운반업","07_22_25_P","3360000","336000000820100004","20100728","","01","영업/정상","0000","정상","","","","","","50","","부산광역시 강서구 대저*동 ****-****번지","부산광역시 강서구 대저로***번길 ** (대저*동)","46702","이화유통","20141215110002","I","2018-08-31 23:59:59.0","","380468.548955571","192378.726503387","축산물운반업","","","000","",
"175","축산물운반업","07_22_25_P","3360000","336000000820050001","20050406","","01","영업/정상","0000","정상","","","","","051-941-5560","34.7","","부산광역시 강서구 대저*동 ****-*번지","부산광역시 강서구 경전철로 *** (대저*동)","","(주)페니키아","20140206114421","I","2018-08-31 23:59:59.0","","378741.101284173","190455.264789089","축산물운반업","","","L00","",
"176","축산물운반업","07_22_25_P","3360000","336000000820060002","20060706","","01","영업/정상","0000","정상","","","","","82","14","","부산광역시 강서구 대저*동 ****-**","부산광역시 강서구 평강로***번길 ** (대저*동)","46704","백두산 물류","20220408150352","U","2022-04-12 02:40:00.0","","380404.407939061","192456.819922517","축산물운반업","","0","000","0",
"177","축산물운반업","07_22_25_P","3360000","336000000820070002","20120612","","01","영업/정상","0000","정상","","","","","9729912","27.3","","부산광역시 강서구 대저*동 ***-**번지","부산광역시 강서구 대저중앙로***번길 * (대저*동)","46701","신영에프엔디","20150311144135","I","2018-08-31 23:59:59.0","","380924.398048339","193099.875136868","축산물운반업","","","000","",
"178","축산물운반업","07_22_25_P","3360000","336000000820130001","20130221","","01","영업/정상","0000","정상","","","","","9413098","0","","부산광역시 강서구 송정동 ****-*번지","부산광역시 강서구 녹산산업북로 *** (송정동)","46751","그레이스로지스(주)","20181024173427","U","2018-10-26 02:36:42.0","","367454.564232222","179343.014764116","축산물운반업","","","L00","",
"179","축산물운반업","07_22_25_P","3360000","336000000820130003","20130516","","01","영업/정상","0000","정상","","","","","","31.6","","부산광역시 강서구 대저*동 ****-*번지","부산광역시 강서구 금호순서길**번길 ** (대저*동)","46722","김창우","20130516084620","I","2018-08-31 23:59:59.0","","378055.688216871","186357.730005687","축산물운반업","","","000","",
"180","축산물운반업","07_22_25_P","3360000","336000000820140002","20140327","","01","영업/정상","0000","정상","","","","","","0","","부산광역시 강서구 녹산동 **번지","부산광역시 강서구 낙동남로 *** (녹산동)","46736","대상푸드","20150203191243","I","2018-08-31 23:59:59.0","","372337.596274806","181576.719410962","축산물운반업","","","000","",
"181","축산물운반업","07_22_25_P","3360000","336000000820140003","20141020","","01","영업/정상","0000","정상","","","","","051-973-3358","0","","부산광역시 강서구 대저*동 ****-*","부산광역시 강서구 유통단지*로 **, 제본관동 ***호 (대저*동)","46721","(주)트랜샘","20220408165652","U","2022-04-12 02:40:00.0","","377743.51892343","188130.618744656","축산물운반업","","0","L00","0",
"182","축산물운반업","07_22_25_P","3360000","336000000820150001","20150731","","01","영업/정상","0000","정상","","","","","831-3031","64.8","","","부산광역시 강서구 낙동남로 *** (녹산동)","46728","억수식육유통","20201102113252","U","2020-11-04 02:40:00.0","","370688.31113601","180898.651934395","축산물운반업","","","000","",
"183","축산물운반업","07_22_25_P","3360000","336000000820160001","20160905","","01","영업/정상","0000","정상","","","","","051-271-3735","116","","","부산광역시 강서구 낙동남로 *** (녹산동)","46736","(주)다올씨엔디","20160906094933","I","2018-08-31 23:59:59.0","","372337.596274806","181576.719410962","축산물운반업","","","000","",
"184","축산물운반업","07_22_25_P","3360000","336000000820160002","20160923","","01","영업/정상","0000","정상","","","","","051-297-8116","126","","","부산광역시 강서구 대저동서로**번길 ** (대저*동)","46704","(주)에스앤씨코퍼레이션","20160923161312","I","2018-08-31 23:59:59.0","","377376.677981091","190705.540388462","축산물운반업","","","L00","",
"185","축산물운반업","07_22_25_P","3360000","336000000820170002","20170207","","01","영업/정상","0000","정상","","","","","","113.3","","","부산광역시 강서구 낙동남로 *** (녹산동)","46736","유수물류","20201104214346","U","2020-11-06 02:40:00.0","","372337.596274806","181576.719410962","축산물운반업","","","L00","",
"186","축산물운반업","07_22_25_P","3360000","336000000820180002","20180327","","01","영업/정상","0000","정상","","","","","","232.5","","부산광역시 강서구 대저*동 ****-**","부산광역시 강서구 평강로 *** (대저*동)","46704","(주)주남한우","20210721113350","U","2021-07-23 02:40:00.0","","376757.171159357","191191.178220861","축산물운반업","","0","L00","0",
"187","축산물운반업","07_22_25_P","3360000","336000000820200002","20200907","","01","영업/정상","0000","정상","","","","","","30","","부산광역시 강서구 대저*동 ****-*","부산광역시 강서구 유통단지*로**번길 **, 다동 (대저*동)","46721","(주)제이제이 에프에스","20210127172953","U","2021-01-29 02:40:00.0","","377824.966380913","186638.258246654","축산물운반업","","","L00","",
"188","축산물운반업","07_22_25_P","3360000","336000000820210001","20210114","","01","영업/정상","0000","정상","","","","","","0","","부산광역시 강서구 범방동 ****","부산광역시 강서구 수가로***번길 **-** (범방동)","46745","용달화물","20210114170824","I","2021-01-16 00:23:15.0","","371401.733673925","186781.854943253","축산물운반업","","","000","",
"189","축산물운반업","07_22_25_P","3360000","336000000820190001","20190122","","03","폐업","0002","폐업","20201102","","","","051-522-6710","0","","부산광역시 강서구 대저*동 ****-**","부산광역시 강서구 평강로***번길 ** (대저*동)","46700","(주)산앤들 자연식품","20201102161953","U","2020-11-04 02:40:00.0","","377261.721899816","192607.444303723","축산물운반업","","","L00","",
"190","축산물운반업","07_22_25_P","3360000","336000000820100001","20100501","","03","폐업","0002","폐업","20120130","","","","","15","","부산광역시 강서구 대저*동 ***-****번지","","","정우 유통","20120130162231","I","2018-08-31 23:59:59.0","","379998.573236434","192987.48812031","축산물운반업","","","000","",
"191","축산물운반업","07_22_25_P","3360000","336000000820100003","20100727","","03","폐업","0002","폐업","20110208","","","","","0","","부산광역시 강서구 대저*동 ****-****번지","","","혜림유통","20110208180904","I","2018-08-31 23:59:59.0","","376066.149891689","182589.630609078","축산물운반업","","","000","",
"192","축산물운반업","07_22_25_P","3360000","336000000820100006","20100928","","03","폐업","0002","폐업","20110511","","","","051-941-5740","60","","부산광역시 강서구 신호동 ***번지","부산광역시 강서구 신호산단*로 ** (신호동)","","푸드웨이","20130306110746","I","2018-08-31 23:59:59.0","","371425.137110138","177633.115490155","축산물운반업","","","000","",
"193","축산물운반업","07_22_25_P","3360000","336000000820060001","20060607","","03","폐업","0002","폐업","20100322","","","","941-6633","60","","부산광역시 강서구 대저*동 ****번지","부산광역시 강서구 공항로***번길 * (대저*동)","","선경냉동운수(주)","20100322131301","I","2018-08-31 23:59:59.0","","376683.252769612","182203.304691986","축산물운반업","","","L00","",
"194","축산물운반업","07_22_25_P","3360000","336000000820070001","20070305","","03","폐업","0002","폐업","20071204","","","","","171","","부산광역시 강서구 대저*동 ****번지","","","TSG현대","20071204160208","I","2018-08-31 23:59:59.0","","","","축산물운반업","","","000","",
"195","축산물운반업","07_22_25_P","3360000","336000000820080001","20080229","","03","폐업","0002","폐업","20130724","","","","051-263-0400","46.2","","부산광역시 강서구 송정동 ****-*번지 부산물류터미널 *호동 ***호","부산광역시 강서구 녹산산업북로 *** (송정동,부산물류터미널 *호동 ***호)","","(주)경인종합물류","20130725191328","I","2018-08-31 23:59:59.0","","367454.564232222","179343.014764116","축산물운반업","","","L00","",
"196","축산물운반업","07_22_25_P","3360000","336000000820080002","20080502","","03","폐업","0002","폐업","20110829","","","","","12.6","","부산광역시 강서구 대저*동 ****-*번지","부산광역시 강서구 대저동서로***번길 ** (대저*동)","","(주)제주그린","20110829132314","I","2018-08-31 23:59:59.0","","378684.386359738","190180.787700585","축산물운반업","","","L00","",
"197","축산물운반업","07_22_25_P","3360000","336000000820100007","20101018","","03","폐업","0002","폐업","20201104","","","","051-972-0363","49","","부산광역시 강서구 대저*동 ****-*","부산광역시 강서구 대저로***번길 **-* (대저*동)","46702","청정물산","20201104101742","U","2020-11-06 02:40:00.0","","380468.548955571","192378.726503387","축산물운반업","","","000","",
"198","축산물운반업","07_22_25_P","3360000","336000000820110001","20110614","","03","폐업","0002","폐업","20110829","","","","051-271-2724","120.56","","부산광역시 강서구 명지동 ****-**번지","부산광역시 강서구 새진목길**번길 ** (명지동)","","삼덕상사","20110829154611","I","2018-08-31 23:59:59.0","","374984.406396708","181273.377594991","축산물운반업","","","000","",
"199","축산물운반업","07_22_25_P","3360000","336000000820110002","20110725","","03","폐업","0002","폐업","20201102","","","","","30","","부산광역시 강서구 대저*동 ****-*","부산광역시 강서구 대저로 *** (대저*동)","","명성유통","20201102161434","U","2020-11-04 02:40:00.0","","380367.902229462","192254.300556249","축산물운반업","","","000","",
"200","축산물운반업","07_22_25_P","3360000","336000000820080003","20080922","","03","폐업","0002","폐업","20111216","","","","","0","","부산광역시 강서구 대저*동 ****-**번지","부산광역시 강서구 대저로***번길 ** (대저*동)","","김해축협부산급식사업소","20111216101605","I","2018-08-31 23:59:59.0","","380295.795659388","192373.181287788","축산물운반업","","","000","",
"201","축산물운반업","07_22_25_P","3360000","336000000820090001","20090601","","03","폐업","0002","폐업","20091207","","","","971-9192","0","","부산광역시 강서구 대저*동 ****-****번지","","","명성상사","20091207174320","I","2018-08-31 23:59:59.0","","380367.902229462","192254.300556249","축산물운반업","","","000","",
"202","축산물운반업","07_22_25_P","3360000","336000000820090002","20090722","","03","폐업","0002","폐업","20201104","","","","8316430","45","","부산광역시 강서구 송정동 ****-**","부산광역시 강서구 녹산산단***로**번길 ** (송정동)","","(주)부흥글로벌식품","20201104214230","U","2020-11-06 02:40:00.0","","368051.366514748","177643.670368502","축산물운반업","","","000","",
"203","축산물운반업","07_22_25_P","3360000","336000000820130002","20130423","","03","폐업","0002","폐업","20150901","","","","051)831-6430","80","","부산광역시 강서구 송정동 ****-**번지","부산광역시 강서구 녹산산단***로**번길 ** (송정동)","46757","비에이치유통","20150903180048","I","2018-08-31 23:59:59.0","","368051.366514748","177643.670368502","축산물운반업","","","000","",
"204","축산물운반업","07_22_25_P","3360000","336000000820140001","20140321","","03","폐업","0002","폐업","20201102","","","","","0","","부산광역시 강서구 대저*동 ****-*","부산광역시 강서구 공항로 *** (대저*동)","46723","SMD 물류","20201102161653","U","2020-11-04 02:40:00.0","","377771.375816976","185061.010509463","축산물운반업","","","000","",
"205","축산물운반업","07_22_25_P","3360000","336000000820170001","20170109","","03","폐업","0002","폐업","20180430","","","","051-941-4162","130","","","부산광역시 강서구 평강로 *** (대저*동)","46704","(주)승지식품","20180509163617","I","2018-08-31 23:59:59.0","","376757.171159357","191191.178220861","축산물운반업","","","L00","",
"206","축산물운반업","07_22_25_P","3360000","336000000820180001","20180309","","03","폐업","0002","폐업","20201102","","","","051-291-7687","301","","부산광역시 강서구 명지동 ***-**","부산광역시 강서구 낙동남로 ****-** (명지동)","46725","(주)현우축산","20201102162355","U","2020-11-04 02:40:00.0","","375540.825690943","180916.129279498","축산물운반업","","","L00","",
"207","축산물운반업","07_22_25_P","3370000","337000000820210001","20211119","","01","영업/정상","0000","정상","","","","","","0","","부산광역시 연제구 연산동 ****-*","부산광역시 연제구 중앙대로 ****, (주)부산은행 ****호 (연산동)","47541","보성상운","20220124175651","U","2022-01-26 02:40:00.0","","389362.145015205","189184.927848698","축산물운반업","","0","000","0",
"208","축산물운반업","07_22_25_P","3370000","337000000820060003","20060608","","01","영업/정상","0000","정상","","","","","754-4082","0","","부산광역시 연제구 연산동 ***-*번지","부산광역시 연제구 고분로***번길 ** (연산동)","47569","부산동부급식점","20130620172032","I","2018-08-31 23:59:59.0","","392071.041922424","189407.330957788","축산물운반업","","","000","",
"209","축산물운반업","07_22_25_P","3370000","337000000820060002","20060608","","03","폐업","0002","폐업","20090115","","","","","0","","부산광역시 연제구 연산동 ***-*번지","","","부산남부급식점","20090115162249","I","2018-08-31 23:59:59.0","","392071.041922424","189407.330957788","축산물운반업","","","000","",
"210","축산물운반업","07_22_25_P","3370000","337000000820060001","20060608","","03","폐업","0002","폐업","20100125","","","","754-4082","0","","부산광역시 연제구 연산동 ***-*번지","","","부산해운대급식점","20100125131310","I","2018-08-31 23:59:59.0","","392071.041922424","189407.330957788","축산물운반업","","","000","",
"211","축산물운반업","07_22_25_P","3370000","337000000820060004","20060608","","03","폐업","0002","폐업","20090115","","","","754-4082","0","","부산광역시 연제구 연산동 ***-*번지","","","부산동래급식점","20090115162154","I","2018-08-31 23:59:59.0","","392071.041922424","189407.330957788","축산물운반업","","","000","",
"212","축산물운반업","07_22_25_P","3370000","337000000820080001","20080724","","03","폐업","0002","폐업","20121212","","","","","0","","부산광역시 연제구 연산동 ***-*번지","부산광역시 연제구 중앙대로 **** (연산동)","47596","태창운수(주)","20121212144807","I","2018-08-31 23:59:59.0","","389444.436546193","189180.052866007","축산물운반업","","","L00","",
"213","축산물운반업","07_22_25_P","3370000","337000000820130001","20130422","","03","폐업","0002","폐업","20210326","","","","051-516-6162","0","","부산광역시 연제구 연산동 ***-**","부산광역시 연제구 고분로***번길 ** (연산동)","47569","대구축협 부산급식사업소","20210326170040","U","2021-03-28 02:40:00.0","","392065.790346972","189355.881824446","축산물운반업","","","000","",
"214","축산물운반업","07_22_25_P","3380000","338000000820040001","20040419","","01","영업/정상","0000","정상","","","","","","0","","부산광역시 수영구 민락동 **번지","부산광역시 수영구 광안해변로 *** (민락동)","48289","빅세일마트","20111030145356","I","2018-08-31 23:59:59.0","","393941.435755608","186605.040806925","축산물운반업","","","000","",
"215","축산물운반업","07_22_25_P","3380000","338000000820060001","20060914","","01","영업/정상","0000","정상","","","","","051-754-9285","49","","부산광역시 수영구 망미동 ***-*번지","부산광역시 수영구 과정로**번길 * (망미동)","","하림S M","20100813155356","I","2018-08-31 23:59:59.0","","392014.257311586","187965.943560422","축산물운반업","","","000","",
"216","축산물운반업","07_22_25_P","3380000","338000000820070001","20070510","","01","영업/정상","0000","정상","","","","","","0","","부산광역시 수영구 망미동 ***-*번지","부산광역시 수영구 수미로**번길 * (망미동)","","희망축산","20070510093307","I","2018-08-31 23:59:59.0","","392913.863341802","188065.180812225","축산물운반업","","","000","",
"217","축산물운반업","07_22_25_P","3380000","338000000820090001","20090710","","01","영업/정상","0000","정상","","","","","051-753-6405","0","","부산광역시 수영구 망미동 ***-**번지","부산광역시 수영구 망미배산로**번길 ** (망미동)","","남영","20090710113128","I","2018-08-31 23:59:59.0","","391875.81218627","188252.795292399","축산물운반업","","","000","",
"218","축산물운반업","07_22_25_P","3380000","338000000820120001","20120405","","01","영업/정상","0000","정상","","","","","","131.14","","부산광역시 수영구 남천동 *-*번지 우리은행빌딩 *층","부산광역시 수영구 남천동로 ***-*, *층 (남천동, 우리은행빌딩)","48307","한국통운(주)","20120723095849","I","2018-08-31 23:59:59.0","","392334.891817007","184979.232333553","축산물운반업","","","L00","",
"219","축산물운반업","07_22_25_P","3380000","338000000820160001","20160415","","01","영업/정상","0000","정상","","","","","051-761-2023","0","","","부산광역시 수영구 망미로**번길 ** (망미동)","48235","석진식품(주)","20171219132554","I","2018-08-31 23:59:59.0","","391462.621313136","187695.94301515","축산물운반업","","","L00","",
"220","축산물운반업","07_22_25_P","3380000","338000000820070002","20070628","","01","영업/정상","0000","정상","","","","","761-1236","0","","부산광역시 수영구 광안동 ***-**번지","부산광역시 수영구 수영로***번가길 * (광안동)","","문화유통","20070628104820","I","2018-08-31 23:59:59.0","","392267.829727945","185747.860945274","축산물운반업","","","000","",
"221","축산물운반업","07_22_25_P","3380000","338000000820180001","20180530","","01","영업/정상","0000","정상","","","","","","0","","부산광역시 수영구 망미동 ***-*번지","부산광역시 수영구 수미로**번길 **, *층 (망미동)","48216","진우축산","20181004095536","U","2018-10-06 02:37:10.0","","392730.31758774","188178.345831325","축산물운반업","","","000","",
"222","축산물운반업","07_22_25_P","3390000","339000000820190001","20190326","","01","영업/정상","0000","정상","","","","","","0","","부산광역시 사상구 감전동 ***-**","부산광역시 사상구 낙동대로****번길 ** (감전동)","47027","개인용달","20210517113254","U","2021-05-19 02:40:00.0","","379764.389679699","185333.750017244","축산물운반업","","","000","",
"223","축산물운반업","07_22_25_P","3390000","339000000820200001","20130221","","01","영업/정상","0000","정상","","","","","254-3344","0","","부산광역시 사상구 모라동 ***","부산광역시 사상구 백양대로***번길 **, ***호 (모라동)","46927","그레이스로지스(주)","20210315092126","U","2021-03-17 02:40:00.0","","381498.718343968","189753.260474938","축산물운반업","","","L00","",
"224","축산물운반업","07_22_25_P","3390000","339000000820200002","20200527","","01","영업/정상","0000","정상","","","","","","56.64","","부산광역시 사상구 감전동 ***-**","부산광역시 사상구 낙동대로****번길 **, *층 (감전동)","47027","개인용달","20210517112900","U","2021-05-19 02:40:00.0","","379764.389679699","185333.750017244","축산물운반업","","","000","",
"225","축산물운반업","07_22_25_P","3390000","339000000820210001","20211014","","01","영업/정상","0000","정상","","","","","","0","","부산광역시 사상구 감전동 ***-**","부산광역시 사상구 낙동대로****번길 **(감전동)","47027","개별화물","20211014172656","I","2021-10-16 00:22:46.0","","379764.389679699","185333.750017244","축산물운반업","","0","000","0",
"226","축산물운반업","07_22_25_P","3390000","339000000820060001","20060626","","01","영업/정상","0000","정상","","","","","","50","","부산광역시 사상구 덕포동 ***-*번지","부산광역시 사상구 사상로 *** (덕포동)","","태창운수(주)","20070525095230","I","2018-08-31 23:59:59.0","","380779.662340624","188328.144850945","축산물운반업","","","L00","",
"227","축산물운반업","07_22_25_P","3390000","339000000820080001","20080424","","01","영업/정상","0000","정상","","","","","","0","","부산광역시 사상구 학장동 ***-*번지","부산광역시 사상구 학장로 *** (학장동)","","대오운수","20080424160836","I","2018-08-31 23:59:59.0","","381761.861392891","184934.794924899","축산물운반업","","","000","",
"228","축산물운반업","07_22_25_P","3390000","339000000820140002","20140430","","01","영업/정상","0000","정상","","","","","","0","","부산광역시 사상구 감전동 ***-**번지","부산광역시 사상구 낙동대로****번길 ** (감전동)","47027","대동특수","20140430153904","I","2018-08-31 23:59:59.0","","379764.389679699","185333.750017244","축산물운반업","","","000","",
"229","축산물운반업","07_22_25_P","3390000","339000000820170001","20170221","","01","영업/정상","0000","정상","","","","","","0","","부산광역시 사상구 감전동 ***-**번지","부산광역시 사상구 낙동대로****번길 ** (감전동)","47027","화니전자","20170221115908","I","2018-08-31 23:59:59.0","","379764.389679699","185333.750017244","축산물운반업","","","000","",
"230","축산물운반업","07_22_25_P","3390000","339000000820170002","20170315","","01","영업/정상","0000","정상","","","","","","0","","부산광역시 사상구 감전동 ***-**","부산광역시 사상구 낙동대로****번길 ** (감전동)","47027","개별화물","20210518103913","U","2021-05-20 02:40:00.0","","379764.389679699","185333.750017244","축산물운반업","","","000","",
"231","축산물운반업","07_22_25_P","3390000","339000000820170003","20170619","","01","영업/정상","0000","정상","","","","","051-316-9989","0","","부산광역시 사상구 괘법동 ***-*번지","부산광역시 사상구 삼락천로 ** (괘법동)","46960","금보농산","20170619173333","I","2018-08-31 23:59:59.0","","380115.912358091","187310.090750789","축산물운반업","","","000","",
"232","축산물운반업","07_22_25_P","3390000","339000000820170004","20170707","","01","영업/정상","0000","정상","","","","","","0","","부산광역시 사상구 감전동 ***-**","부산광역시 사상구 낙동대로****번길 ** (감전동)","47027","개인용달","20210517112926","U","2021-05-19 02:40:00.0","","379764.389679699","185333.750017244","축산물운반업","","","000","",
"233","축산물운반업","07_22_25_P","3390000","339000000820170005","20171108","","01","영업/정상","0000","정상","","","","","","0","","부산광역시 사상구 감전동 ***-**","부산광역시 사상구 낙동대로****번길 ** (감전동)","47027","개인용달","20210315130359","U","2021-03-17 02:40:00.0","","379764.389679699","185333.750017244","축산물운반업","","","000","",
"234","축산물운반업","07_22_25_P","3390000","339000000820180001","20180403","","01","영업/정상","0000","정상","","","","","","33","","부산광역시 사상구 엄궁동 ***-*번지","부산광역시 사상구 낙동대로***번길 ** (엄궁동)","47039","(주)현대로지스","20181220105649","U","2018-12-22 02:40:00.0","","379707.209192606","182943.722264624","축산물운반업","","","L00","",
"235","축산물운반업","07_22_25_P","3390000","339000000820220001","20220609","","01","영업/정상","0000","정상","","","","","","0","","부산광역시 사상구 감전동 ***-**","부산광역시 사상구 낙동대로****번길 **(감전동)","47027","용달화물","20220609131809","I","2022-06-11 00:22:30.0","","379764.389679699","185333.750017244","축산물운반업","","0","000","0",
"236","축산물운반업","07_22_25_P","3390000","339000000820190002","20190326","","03","폐업","0002","폐업","20200506","","","","","0","","부산광역시 사상구 감전동 ***-**번지","부산광역시 사상구 낙동대로****번길 ** (감전동)","47027","삼양사","20200506134249","U","2020-05-08 02:40:00.0","","379764.389679699","185333.750017244","축산물운반업","","","000","",
"237","축산물운반업","07_22_25_P","3390000","339000000820020001","20020124","","03","폐업","0002","폐업","20060913","","","","051-311-4412","100","","부산광역시 사상구 감전동 ***-*번지","부산광역시 사상구 낙동대로***번길 **-** (감전동)","","부경축산물운송(주)","20060913132100","I","2018-08-31 23:59:59.0","","379382.129339128","183443.637676272","축산물운반업","","","L00","",
"238","축산물운반업","07_22_25_P","3390000","339000000820030002","20031011","","03","폐업","0002","폐업","20060920","","","","051-323-6256","194.73","","부산광역시 사상구 주례동 ***-*번지","부산광역시 사상구 백양대로***번길 * (주례동)","","(주)하림유통","20060920095028","I","2018-08-31 23:59:59.0","","382426.185014658","185489.430241231","축산물운반업","","","L00","",
"239","축산물운반업","07_22_25_P","3390000","339000000820050001","20050617","","03","폐업","0002","폐업","20051109","","","","051-315-2405","0","","부산광역시 사상구 엄궁동 ***-*번지","부산광역시 사상구 강변대로***번길 ** (엄궁동)","","(주)세종물류","20051109151012","I","2018-08-31 23:59:59.0","","379225.358306865","183207.467245556","축산물운반업","","","L00","",
"240","축산물운반업","07_22_25_P","3390000","339000000820060002","20060704","","03","폐업","0002","폐업","20070126","","","","051-852-7295","96","","부산광역시 사상구 삼락동 **-**번지 *층","부산광역시 사상구 낙동대로 **** (삼락동,*층)","","체리부로부산영업점","20070126104549","I","2018-08-31 23:59:59.0","","380882.989469196","190301.40754276","축산물운반업","","","000","",
"241","축산물운반업","07_22_25_P","3390000","339000000820060003","20060921","","03","폐업","0002","폐업","20210609","","","","","44.1","","부산광역시 사상구 괘법동 ***-*","부산광역시 사상구 광장로 ** (괘법동,삼보빌딩 ***호)","","(주)호원엘엔티","20210622102521","U","2021-06-24 02:40:00.0","","380353.544324649","186554.308697974","축산물운반업","","","L00","",
"242","축산물운반업","07_22_25_P","3390000","339000000820090001","20090924","","03","폐업","0002","폐업","20110608","","","","312-9192","29.25","","부산광역시 사상구 감전동 ***-**번지","부산광역시 사상구 새벽시장로**번길 **-* (감전동)","","체리부로부산총판","20110608134053","I","2018-08-31 23:59:59.0","","380149.13606233","185629.374391317","축산물운반업","","","000","",
"243","축산물운반업","07_22_25_P","3390000","339000000820100001","20100621","","03","폐업","0002","폐업","20150202","","","","9259001","42.42","","부산광역시 사상구 주례동 **-*번지","부산광역시 사상구 가야대로 *** (주례동)","","(주)태종물류","20150202165050","I","2018-08-31 23:59:59.0","","383377.702893696","185458.054560535","축산물운반업","","","L00","",
"244","축산물운반업","07_22_25_P","3390000","339000000820140001","20140430","","03","폐업","0002","폐업","20150427","","","","","0","","부산광역시 사상구 감전동 ***-**번지","부산광역시 사상구 낙동대로****번길 ** (감전동)","47027","천하특수","20150427114119","I","2018-08-31 23:59:59.0","","379764.389679699","185333.750017244","축산물운반업","","","000","",
"245","축산물운반업","07_22_25_P","3390000","339000000820150001","20150609","","03","폐업","0002","폐업","20190708","","","","","0","","부산광역시 사상구 감전동 ***-*번지","부산광역시 사상구 새벽로 ***, *동 ***호 (감전동, 부산산업용재유통상가)","46988","개인용달","20190709150805","U","2019-07-11 02:40:00.0","","380482.767624189","185582.274947583","축산물운반업","","","000","",
"246","축산물운반업","07_22_25_P","3390000","339000000820160001","20160829","","03","폐업","0002","폐업","20170202","","","","","0","","부산광역시 사상구 괘법동 ***-*번지","부산광역시 사상구 백양대로***번나길 ** (괘법동)","46959","우리물류","20170202161820","I","2018-08-31 23:59:59.0","","381192.984047516","186665.248331031","축산물운반업","","","000","",
"247","축산물운반업","07_22_25_P","3390000","339000000820160002","20161111","","03","폐업","0002","폐업","20190108","","","","","107.7","","부산광역시 사상구 학장동 ***번지","부산광역시 사상구 학감대로***번길 **-* (학장동)","47052","미진유통","20190108164606","U","2019-01-10 02:40:00.0","","380921.284088254","184255.834731553","축산물운반업","","","000","",
"248","축산물운반업","07_22_25_P","3390000","339000000819970001","19970528","","04","취소/말소/만료/정지/중지","0004","말소","20210917","","","","327-6207","100","","부산광역시 사상구 엄궁동 ***-* ***호","","","장안화물운송","20210923141054","U","2021-09-25 02:40:00.0","","378913.002700159","182671.353228429","축산물운반업","","0","000","0",
"249","축산물운반업","07_22_25_P","3390000","339000000820110001","20110627","","04","취소/말소/만료/정지/중지","0004","말소","20210917","","","","2710641","285","","부산광역시 사상구 엄궁동 ***","","","진일(주)","20210923141036","U","2021-09-25 02:40:00.0","","379097.80475028","182786.212532845","축산물운반업","","0","L00","0",
"250","축산물운반업","07_22_25_P","3400000","340000000820190001","20190308","","01","영업/정상","0000","정상","","","","","","0","","부산광역시 기장군 기장읍 대라리 ***","부산광역시 기장군 기장읍 차성로***번길 **","46067","위너스푸드","20201124163755","U","2020-11-26 02:40:00.0","","401306.622050374","195978.794169457","축산물운반업","","","000","",
"251","축산물운반업","07_22_25_P","3400000","340000000820160001","20160831","","01","영업/정상","0000","정상","","","","","051-553-2731","247","","부산광역시 기장군 정관읍 달산리 ***-**번지","부산광역시 기장군 정관읍 달산*길 **-*","46024","시온축산","20160831081532","I","2018-08-31 23:59:59.0","","398011.364645584","204281.045270418","축산물운반업","","","000","",
"252","축산물운반업","07_22_25_P","3400000","340000000820210004","20211214","","01","영업/정상","0000","정상","","","","","517288620","0","","부산광역시 기장군 정관읍 달산리 ****-**","부산광역시 기장군 정관읍 달산*길 **-*, *층","46024","만석에프에스","20220105085616","U","2022-01-07 02:40:00.0","","398485.663643546","204202.409183074","축산물운반업","","0","000","0",
"253","축산물운반업","07_22_25_P","3400000","340000000820200001","20160328","","01","영업/정상","0000","정상","","","","","5280454","80.5","","부산광역시 기장군 정관읍 용수리 ***","부산광역시 기장군 정관읍 병산로 ***","46004","(주)중앙로지스","20220615113344","U","2022-06-18 02:40:00.0","","397994.897702477","206620.232631224","축산물운반업","","0","L00","0",
"254","축산물운반업","07_22_25_P","3400000","340000000820210003","20210603","","01","영업/정상","0000","정상","","","","","0517825450","20","","부산광역시 기장군 정관읍 달산리 **** 롯데제과 부산공장","부산광역시 기장군 정관읍 산단*로 **","46027","(주)기린지엘에스","20210603100345","I","2021-06-05 00:23:05.0","","398525.441169694","203830.032501228","축산물운반업","","","L00","",
"255","축산물운반업","07_22_25_P","3400000","340000000820150003","20150624","","01","영업/정상","0000","정상","","","","","051-728-5291","0","","부산광역시 기장군 정관면 달산리 ****-*","부산광역시 기장군 정관면 산단*로 **","46027","주식회사 일영이푸드(102FOOD)","20220113100950","U","2022-01-15 02:40:00.0","","398623.77412100000","204067.44381800000","축산물운반업","","0","L00","0",
"256","축산물운반업","07_22_25_P","3400000","340000000820150001","20150319","","01","영업/정상","0000","정상","","","","","","0","","부산광역시 기장군 일광면 이천리 ***-*번지","부산광역시 기장군 일광면 이천**길 **","46043","주식회사 진금","20171222221625","I","2018-08-31 23:59:59.0","","403361.747567501","198900.474805942","축산물운반업","","","L00","",
"257","축산물운반업","07_22_25_P","3400000","340000000820150004","20151030","","01","영업/정상","0000","정상","","","","","070-4123-0804","0","","부산광역시 기장군 기장읍 동부리 ***-*번지","부산광역시 기장군 기장읍 반송로 ****","46060","로고스유통","20151030112522","I","2018-08-31 23:59:59.0","","401307.473512851","196544.951231972","축산물운반업","","","000","",
"258","축산물운반업","07_22_25_P","3400000","340000000820170001","20170918","","01","영업/정상","0000","정상","","","","","7270238","0","","부산광역시 기장군 정관읍 달산리 **-**번지","부산광역시 기장군 정관읍 산단*로 **-**","46026","(주)초록들","20191030163641","U","2019-11-01 02:40:00.0","","400059.557773118","204003.160392225","축산물운반업","","","L00","",
"259","축산물운반업","07_22_25_P","3400000","340000000820210002","20210419","","01","영업/정상","0000","정상","","","","","","0","","부산광역시 기장군 정관읍 예림리 ***-*","부산광역시 기장군 정관읍 산단로 ***-**","46026","대우물류","20210419112622","I","2021-04-21 00:22:58.0","","401522.441488312","204536.006335536","축산물운반업","","","000","",
"260","축산물운반업","07_22_25_P","3400000","340000000820210001","20210114","","01","영업/정상","0000","정상","","","","","","0","","부산광역시 기장군 철마면 고촌리 *** ***동 ****호","부산광역시 기장군 철마면 고촌로**번길 **, ***동 ****호 (고촌휴먼시아*)","46051","(주)제때물류","20210114102051","I","2021-01-16 00:23:15.0","","397292.412403331","195740.303183012","축산물운반업","","","000","",
"261","축산물운반업","07_22_25_P","3400000","340000000820060001","20061124","","03","폐업","0002","폐업","20120501","","","","","280","","부산광역시 기장군 기장읍 대변리 ***-*번지","","","푸른농산","20120530144814","I","2018-08-31 23:59:59.0","","402541.748436326","194243.68795793","축산물운반업","","","000","",
"262","축산물운반업","07_22_25_P","3400000","340000000820060002","20061127","","03","폐업","0002","폐업","20111025","","","","","165","","부산광역시 기장군 기장읍 대변리 ***-*번지","","","(주)푸른미래","20111026133606","I","2018-08-31 23:59:59.0","","402541.748436326","194243.68795793","축산물운반업","","","000","",
"263","축산물운반업","07_22_25_P","3400000","340000000820150002","20150624","","03","폐업","0002","폐업","20190726","","","","051-508-5252","0","","부산광역시 기장군 정관면 달산리 ****-*번지","부산광역시 기장군 정관면 산단*로 **","46027","(주)팔도푸드","20190729183946","U","2019-07-31 02:40:00.0","","398623.77412100000","204067.44381800000","축산물운반업","","","L00","",
"264","축산물운반업","07_22_25_P","3400000","340000000820180001","20180221","","03","폐업","0002","폐업","20191206","","","","","859.8","","부산광역시 기장군 기장읍 서부리 ***번지 동서산업","부산광역시 기장군 기장읍 배산로*번길 **, 동서산업","46058","참푸드","20191209103655","U","2019-12-11 02:40:00.0","","400910.165225778","196954.622231542","축산물운반업","","","000","",
