"번호","개방서비스명","개방서비스아이디","개방자치단체코드","관리번호","인허가일자","인허가취소일자","영업상태구분코드","영업상태명","상세영업상태코드","상세영업상태명","폐업일자","휴업시작일자","휴업종료일자","재개업일자","소재지전화","소재지면적","소재지우편번호","소재지전체주소","도로명전체주소","도로명우편번호","사업장명","최종수정시점","데이터갱신구분","데이터갱신일자","업태구분명","좌표정보(x)","좌표정보(y)","업종구분명","관리업구분명","자본금","자산","보수범위","유지관리책임인력수","실무기술인력수","설계책임기술인력수","제조책임기술인력수","임원수","총직원수","기술직직원수","기능직직원수","사무직직원수","기타직원수","회사구분명","사업자등록번호",
"1","승강기유지관리업체","11_48_01_P","6260000","626000000160","20190306","","01","영업/정상","1","인허가","","","","","0515329286","","48045","부산광역시 해운대구 반여동 1126-4 101호","부산광역시 해운대구 삼어로133번길 41-9, 101호 (반여동)","48045","우리엘리베이터(주)","20190306144749","I","2019-03-08 02:21:43.0","","392720.954819077","191992.557490708","유지관리","중저속엘리베이터,휠체어리프트","300000000","","700","1","","","","","9","","","","","본점","",
"2","승강기유지관리업체","11_48_01_P","6260000","626000000161","20190909","","01","영업/정상","1","인허가","","","","","0512463940","","48910","부산광역시 중구 영주동 60-34","부산광역시 중구 동영로 113-1 (영주동)","48910","(주)타워엘리베이터","20190909144830","I","2019-09-11 02:22:33.0","","385371.161800823","181167.670605242","유지관리","","300000000","","1,000","1","","","","","10","","","","","본점","",
"3","승강기유지관리업체","11_48_01_P","6260000","626000000165","20220221","","01","영업/정상","1","인허가","","","","","0515557750","","47736","부산광역시 동래구 명륜동 553-5 우성빌딩 0호","부산광역시 동래구 명륜로129번길 20, 우성빌딩 5층(명륜동)","47736","(주)효원엘리베이터","20220221154507","I","2022-02-23 00:22:37.0","","389460.804046159","191567.517047412","유지관리","","100000000","","1,000","1","","","","","7","","","","","본점","",
"4","승강기유지관리업체","11_48_01_P","6260000","626000000162","20200227","","01","영업/정상","1","인허가","","","","","0519742015","","46718","부산광역시 강서구 대저2동 2350번지","부산광역시 강서구 공항진입로 108, 국제선화물청사 218,219호 (대저2동)","46718","남부공항서비스(주)","20200227151839","I","2020-02-29 00:23:35.0","","","","유지관리","","1600000000","","700","1","","","","","7","","","","","본점","",
"5","승강기유지관리업체","11_48_01_P","6260000","626000000164","20211102","","01","영업/정상","1","인허가","","","","","0517599390","","","부산광역시 연제구 연산동 15-9 삼미빌딩","부산광역시 연제구 토곡로 40, 삼미빌딩 4층 401호(연산동)","47585","위드엘리베이터(주)","20211102121655","I","2021-11-04 00:22:45.0","","391510.723085093","189015.632741686","유지관리","","250000000","","800","1","","","","","","","","","","본점","",
"6","승강기유지관리업체","11_48_01_P","6260000","626000000137","20090519","","01","영업/정상","1","인허가","","","","","0518080119","","614881","부산광역시 부산진구 부전2동  384번지 28호 2층","부산광역시 부산진구 신천대로 161, 2층 (부전동)","614881","영재엘리베이터","20200423144926","U","2020-04-28 02:40:00.0","","386784.540526875","186043.130224416","유지관리","없음","100000000","159000000","800","1","0","","","","8","5","","1","","본점","",
"7","승강기유지관리업체","11_48_01_P","6260000","626000000138","20090810","","01","영업/정상","1","인허가","","","","","0513375114","","","부산광역시 북구 덕천동 531번지 1호","부산광역시 북구 금곡대로104번길 10 (덕천동)","46545","한국승강기블루(주)","20200403105722","U","2020-04-28 02:40:00.0","","382688.331568034","192923.088664186","유지관리","중저속엘리베이터,에스컬레이터,휠체어리프트","100000000","","1,400","2","0","","","","14","","","","","본점","",
"8","승강기유지관리업체","11_48_01_P","6260000","626000000139","20100313","","01","영업/정상","1","인허가","","","","","0515538118","","","부산광역시 동래구 온천동 180번지 15호 용진시타델 301호","부산광역시 동래구 중앙대로1473번길 14-18, 3층 301호 (온천동,용진시타델)","47711","(주)성림이엘","20191127111855","U","2020-04-28 02:40:00.0","","389627.70864997","192985.6938081","유지관리","없음","200000000","","800","1","0","","","","8","","","","","본점","",
"9","승강기유지관리업체","11_48_01_P","6260000","626000000140","20101015","","01","영업/정상","1","인허가","","","","","0516224114","","608806","부산광역시 남구 대연3동  256번지 4호 미도빌딩 6층","부산광역시 남구 황령대로319번길 128, 6층 (대연동,미도빌딩)","608806","(주)삼성테크원","20191120164825","U","2020-04-28 02:40:00.0","","390507.150726189","185351.679574581","유지관리","중저속엘리베이터,휠체어리프트","200000000","","700","1","0","","","","7","","","","","본점","",
"10","승강기유지관리업체","11_48_01_P","6260000","626000000142","20110104","","01","영업/정상","1","인허가","","","","","0517049962","","612784","부산 해운대구 좌2동 1319번지 두산2차아파트관리동 1층","부산광역시 해운대구 대천로 225, 1층 (좌동,두산2차아파트관리동)","612784","(주)동부엘리베이터","20200320171309","U","2020-04-28 02:40:00.0","","398587.479565726","187669.741370129","유지관리","중저속엘리베이터,에스컬레이터,휠체어리프트","103000000","","1,500","2","0","","","","15","","","","","본점","",
"11","승강기유지관리업체","11_48_01_P","6260000","626000000144","20120314","","01","영업/정상","1","인허가","","","","","0513226876","","","부산광역시 사상구 주례동 965번지 7호 삼전빌딩","부산광역시 사상구 백양대로 496, 2층 (주례동,삼전빌딩)","46993","두산엘리베이터(주)","20191119134802","U","2020-04-28 02:40:00.0","","381995.026833922","185704.634148504","유지관리","중저속엘리베이터,에스컬레이터,휠체어리프트","200000000","","900","1","0","","","","9","1","6","","","본점","",
"12","승강기유지관리업체","11_48_01_P","6260000","626000000008","19921229","","01","영업/정상","1","인허가","","","","","0513228496","","617841","부산광역시 사상구 학장동  212번지 16호","부산광역시 사상구 학장로248번길 77 (학장동)","617841","(주)금보엘리베이터","20200221173324","U","2020-04-28 02:40:00.0","","381624.151684327","184462.868501007","유지관리","중저속엘리베이터","200000000","100000000","700","1","0","","","1","7","","7","1","","본점","",
"13","승강기유지관리업체","11_48_01_P","6260000","626000000011","19930106","","01","영업/정상","1","인허가","","","","","0515126809","","609804","부산광역시 금정구 구서2동  248번지 10호 현대자동차빌딩 3층","부산광역시 금정구 중앙대로 1883, 3층 (구서동,현대자동차빌딩)","609804","현대엘리베이터(주) 부산지사","20200410160302","U","2020-04-28 02:40:00.0","","390220.030386525","196800.01715156","유지관리","없음","35662000000","30300000000","7,800","11","0","","","","78","","39","8","12","지점","",
"14","승강기유지관리업체","11_48_01_P","6260000","626000000082","19981214","","01","영업/정상","1","인허가","","","","","0519226002","","611800","부산광역시 연제구 거제1동  17번지 1호 종근당빌딩 4층","부산광역시 연제구 거제대로 270, 4층 (거제동,종근당빌딩)","611800","오티스엘리베이터(유)","20200403110242","U","2020-04-28 02:40:00.0","","389137.771555336","189860.788321975","유지관리","없음","40000000000","100000000000","9,900","23","0","","","1","101","","182","5","","지점","",
"15","승강기유지관리업체","11_48_01_P","6260000","626000000099","20001024","","01","영업/정상","1","인허가","","","","","0515572676","","614867","부산광역시 부산진구 전포1동 346번지 39호","부산광역시 부산진구 전포대로 178, 3층 (전포동)","614867","(주)쉰들러엘리베이터","20200130173635","U","2020-04-28 02:40:00.0","","388169.270175729","185651.274521377","유지관리","중저속엘리베이터,에스컬레이터,휠체어리프트","2202000000","","3,100","4","0","","","1","31","","15","1","","지점","",
"16","승강기유지관리업체","11_48_01_P","6260000","626000000112","20031016","","01","영업/정상","1","인허가","","","","","0517428317","","612714","부산광역시 해운대구 중1동 1763번지 동일아파트상가 201호","부산광역시 해운대구 해운대해변로 394, 201호 (중동,동일아파트상가)","612714","(주)두원산전","20200309163743","U","2020-04-28 02:40:00.0","","397783.466885107","187288.050667739","유지관리","중저속엘리베이터,에스컬레이터,휠체어리프트","105000000","","800","1","0","","","3","8","","6","1","","본점","",
"17","승강기유지관리업체","11_48_01_P","6260000","626000000145","20120718","","01","영업/정상","1","인허가","","","","","0517813307","","","부산광역시 해운대구 반여동 219-1","부산광역시 해운대구 선수촌로208번길 60, 2층 (반여동)","48033","(주)센텀엘리베이터","20200204154858","U","2020-04-28 02:40:00.0","","393697.570555402","192386.16068475","유지관리","중저속엘리베이터,휠체어리프트","169057311","","500","1","0","","","","5","","","","","본점","",
"18","승강기유지관리업체","11_48_01_P","6260000","626000000146","20121217","","01","영업/정상","1","인허가","","","","","0513439230","","616827","부산광역시 북구 만덕2동  359번지 25호","부산광역시 북구 중리로3번길 3 (만덕동)","616827","대동엘리베이터(주)","20191204144325","U","2020-04-28 02:40:00.0","","385555.079217164","192075.050576219","유지관리","중저속엘리베이터,휠체어리프트","100000000","","700","1","0","","","","7","","","","","본점","",
"19","승강기유지관리업체","11_48_01_P","6260000","626000000125","20060329","","01","영업/정상","1","인허가","","","","","0518960094","","617801","부산광역시 사상구 감전동  308번지","부산광역시 사상구 백양대로 563 (감전동)","617801","(주)대한엘리베이터","20191014155230","U","2020-04-28 02:40:00.0","","381486.514724201","186133.335347026","유지관리","중저속엘리베이터,휠체어리프트","100000000","","1,100","2","0","","","","11","1","4","1","","본점","",
"20","승강기유지관리업체","11_48_01_P","6260000","626000000057","19960808","","01","영업/정상","1","인허가","","","","","0512080262","","","부산광역시 사상구 엄궁동 642번지 부산건축자재판매단지","부산광역시 사상구 강변대로 570, 부산건축자재판매단지 H동 2층 6호 (엄궁동)","47031","고려엘리베이터(주)","20200324142423","U","2020-04-28 02:40:00.0","","379121.358658945","183459.90043519","유지관리","중저속엘리베이터,에스컬레이터,휠체어리프트","100000000","169000000","900","1","0","","","","9","","6","1","","본점","",
"21","승강기유지관리업체","11_48_01_P","6260000","626000000056","19960513","","01","영업/정상","1","인허가","","","","","0518074091","","","부산광역시 남구 문현동 119-31 효미술학원","부산광역시 남구 고동골로78번길 26, 효미술학원 3층 (문현동)","48417","(주)경동엘리베이터","20200416141436","U","2020-04-28 02:40:00.0","","388841.799496178","184701.09649614","유지관리","고속엘리베이터,중저속엘리베이터,에스컬레이터,휠체어리프트","300000000","","3,000","3","0","","","1","30","10","3","2","","본점","",
"22","승강기유지관리업체","11_48_01_P","6260000","626000000147","20130711","","01","영업/정상","1","인허가","","","","","0518313328","","618270","부산광역시 강서구 송정동  1629번지","부산광역시 강서구 녹산산단335로 48 (송정동)","618270","(주)동남엘리베이터(603-81-24377)","20191115173557","U","2020-04-28 02:40:00.0","","369043.232589179","178697.699952055","유지관리","중저속엘리베이터,휠체어리프트","600000000","","700","1","0","","","1","7","3","6","1","","본점","",
"23","승강기유지관리업체","11_48_01_P","6260000","626000000132","20071106","","01","영업/정상","1","인허가","","","","","0518637991","","614856","부산 부산진구 양정1동  394번지 3호 4층","부산광역시 부산진구 거제대로36번길 26, 4층 (양정동)","614856","(주)원봉","20191209163539","U","2020-04-28 02:40:00.0","","388423.564378881","187785.194320347","유지관리","중저속엘리베이터,에스컬레이터,휠체어리프트","720500000","","700","1","0","","","","7","","","","","본점","",
"24","승강기유지관리업체","11_48_01_P","6260000","626000000135","20080630","","01","영업/정상","1","인허가","","","","","0519292500","","609817","부산광역시 금정구 부곡3동  13번지 18호 한국센터빌딩 702호","부산광역시 금정구 무학송로 147, 702호 (부곡동,한국센터빌딩)","609817","한국미쓰비시엘리베이터(주)","20200311162658","U","2020-04-28 02:40:00.0","","390524.9076906","195912.313267306","유지관리","고속엘리베이터,중저속엘리베이터,에스컬레이터,휠체어리프트","8000000000","","3,400","4","0","","","","34","","","","","지점","",
"25","승강기유지관리업체","11_48_01_P","6260000","626000000150","20150317","","01","영업/정상","1","인허가","","","","","0515291253","","","부산광역시 사하구 장림동 1121-1","부산광역시 사하구 하신중앙로22번길 38, 3층 (장림동)","49476","(주)원엘리베이터코리아","20200410153512","U","2020-04-28 02:40:00.0","","379322.20593800000","177988.98839600000","유지관리","없음","100000000","","700","1","0","","","","7","","","","","본점","",
"26","승강기유지관리업체","11_48_01_P","6260000","626000000152","20150623","","01","영업/정상","1","인허가","","","","","0515324022","","","부산광역시 동래구 안락동 419번지 36호","부산광역시 동래구 안락로 3, 2층 (안락동)","47754","(주)이플러스엘리베이터","20200416141126","U","2020-04-28 02:40:00.0","","390954.608518489","191136.692812281","유지관리","중저속엘리베이터,휠체어리프트","100000000","","800","1","0","","","","8","","","","","본점","",
"27","승강기유지관리업체","11_48_01_P","6260000","626000000154","20151218","","01","영업/정상","1","인허가","","","","","0519722633","","","부산광역시 강서구 신호동 302번지 2호 부산신호사랑으로부영5차 상가동 304호","부산광역시 강서구 신호산단1로 101, 상가동 304호 (신호동,부산신호사랑으로부영5차)","46760","좋은엘리베이터(주)","20200427172149","U","2020-04-29 02:40:00.0","","370927.882539772","177534.609162159","유지관리","없음","200000000","","2,000","2","0","","","","20","","","","","본점","",
"28","승강기유지관리업체","11_48_01_P","6260000","626000000155","20161017","","01","영업/정상","1","인허가","","","","","0518637993","","","부산광역시 부산진구 양정동 394번지 3호","부산광역시 부산진구 거제대로36번길 26 (양정동)","47213","(주)윤코퍼레이션","20191203174255","U","2020-04-28 02:40:00.0","","388423.564378881","187785.194320347","유지관리","중저속엘리베이터,에스컬레이터,휠체어리프트","410000000","","800","1","0","","","","8","","","","","본점","",
"29","승강기유지관리업체","11_48_01_P","6260000","626000000119","20050414","","01","영업/정상","1","인허가","","","","","0517615086","","","부산광역시 수영구 광안동 506번지 32호 이든바인하츠 301호","부산광역시 수영구 수영로 568, 301호 (광안동,이든바인하츠)","48298","한솔엘리베이터(주)","20200310165537","U","2020-04-28 02:40:00.0","","392481.688657887","186177.095455544","유지관리","고속엘리베이터,중저속엘리베이터,에스컬레이터,휠체어리프트","100000000","","2,400","3","0","","","","24","14","3","1","","본점","",
"30","승강기유지관리업체","11_48_01_P","6260000","626000000128","20061102","","01","영업/정상","1","인허가","","","","","0514661621","","","부산광역시 동구 범일동 825번지 3호 눌원빌딩","부산광역시 동구 자성로 134, 10층 (범일동,눌원빌딩)","48748","티센크루프엘리베이터코리아(주)","20200423154357","U","2020-04-28 02:40:00.0","","388138.761908291","183896.968673657","유지관리","고속엘리베이터,중저속엘리베이터,에스컬레이터,휠체어리프트","873220000","","2,600","3","0","","","1","26","","42","1","","지점","",
"31","승강기유지관리업체","11_48_01_P","6260000","626000000148","20140602","","01","영업/정상","1","인허가","","","","","0516231584","","","부산광역시 남구 대연동 703번지 7호","부산광역시 남구 신선로 460-1, 3층 (대연동)","48518","한화승강기(주)","20200326162836","U","2020-04-28 02:40:00.0","","391456.275809803","182767.718339288","유지관리","중저속엘리베이터,에스컬레이터,휠체어리프트","100000000","","700","1","0","","","","7","","","","","본점","",
"32","승강기유지관리업체","11_48_01_P","6260000","626000000159","20180314","","01","영업/정상","1","인허가","","","","","0328202561","","48946","부산광역시 중구 대청동3가 20번지 백성사오피스텔 906,907호","부산광역시 중구 대청로 80, 백성사오피스텔 906,907호 (대청동3가)","48946","후지테크코리아(주) 부산영업소","20200420164725","U","2020-04-28 02:40:00.0","","384893.634546496","180069.338251171","유지관리","없음","2722000000000","","700","1","","","","","7","","","","","지점","",
"33","승강기유지관리업체","11_48_01_P","6260000","626000000076","19980610","","01","영업/정상","1","인허가","","","","","0518161313","","614773","부산광역시 부산진구 전포3동 892번지 20호 지오플레이스 4층","부산광역시 부산진구 동천로 4, 4층 (전포동,지오플레이스)","614773","금용엔지니어링(주)","20191121170357","U","2020-04-28 02:40:00.0","","388011.197829908","185310.70532509","유지관리","중저속엘리베이터,에스컬레이터","220000000","100000000","1,300","4","0","","","","13","","10","1","1","본점","",
"34","승강기유지관리업체","11_48_01_P","6260000","626000000117","20050201","","01","영업/정상","1","인허가","","","","","0515012552","","607817","부산광역시 동래구 사직1동  99번지 23호 사직리첸스빌 A동 104호","부산광역시 동래구 종합운동장로54번길 21, A동 104호 (사직동,사직리첸스빌)","607817","보강엘리베이터(주)","20200403102524","U","2020-04-28 02:40:00.0","","387966.14726825","190441.131195145","유지관리","중저속엘리베이터,에스컬레이터,휠체어리프트","100000000","","1,500","2","0","","","3","15","","5","1","","본점","",
"35","승강기유지관리업체","11_48_01_P","6260000","626000000141","20101220","","01","영업/정상","1","인허가","","","","","0517842645","","612832","부산광역시 해운대구 재송2동  1041번지 30호 금호하이츠2차 102호","부산광역시 해운대구 해운대로81번길 135-27, 102호 (재송동,금호하이츠2차)","612832","(주)한진엘리베이터","20200416140142","U","2020-04-28 02:40:00.0","","393597.494814463","190184.698243058","유지관리","중저속엘리베이터,에스컬레이터","100000000","","700","1","0","","","","7","","","","","본점","",
"36","승강기유지관리업체","11_48_01_P","6260000","626000000002","19921224","","01","영업/정상","1","인허가","","","","","0513281226","","617801","부산광역시 사상구 감전동  156번지 6호","부산광역시 사상구 학감대로221번길 10 (감전동)","617801","(주)구룡산전","20191224152618","U","2020-04-28 02:40:00.0","","381192.267810697","185379.300879973","유지관리","없음","500000000","3186000000","500","1","0","","","1","5","8","2","2","1","본점","",
"37","승강기유지관리업체","11_48_01_P","6260000","626000000127","20060914","","01","영업/정상","1","인허가","","","","","","","","부산광역시 해운대구 우동 1520번지 롯데갤러리움센텀 에스동 2301호","부산광역시 해운대구 센텀1로 9, 에스동 2301호 (우동,롯데갤러리움센텀)","48060","(주)제이케이티엘리베이터","20200413162048","U","2020-04-28 02:40:00.0","","394085.659790124","187458.456044384","유지관리","중저속엘리베이터,에스컬레이터,휠체어리프트","200000000","","700","1","0","","","","7","","7","","","본점","",
"38","승강기유지관리업체","11_48_01_P","6260000","626000000134","20080310","","01","영업/정상","1","인허가","","","","","0513376422","","616834","부산광역시 북구 화명동 1426번지 1호 우신아파트상가A-13동","부산광역시 북구 금곡대로324번길 43, 3층 (화명동,우신아파트상가A-13동)","616834","동국산전(주)","20191203113242","U","2020-04-28 02:40:00.0","","383464.795969795","195029.489621392","유지관리","중저속엘리베이터,휠체어리프트","200000000","","1,400","2","0","","","","14","","","","","본점","",
"39","승강기유지관리업체","11_48_01_P","6260000","626000000158","20171228","","01","영업/정상","1","인허가","","","","","0517286927","","46027","부산광역시 기장군 정관읍 달산리 1074-1 (주)호승윈스피아","부산광역시 기장군 정관읍 산단4로 84, (주)호승윈스피아","46027","(주)한림기업엘리베이터","20200319152422","U","2020-04-28 02:40:00.0","","399069.99178000000","204350.00133800000","유지관리","없음","100000000","","1,400","2","","","","","13","","","","","본점","",
"40","승강기유지관리업체","11_48_01_P","6260000","626000000053","19951229","","01","영업/정상","1","인허가","","","","","0518532031","","611763","부산광역시 연제구 연산9동 2235번지 4호 선경아파트상가 3층 301호","부산광역시 연제구 과정로 74, 301호 (연산동,선경아파트상가3층)","611763","주식회사 부광엘리베이터","20200326162209","U","2020-04-28 02:40:00.0","","392134.502954457","188467.241084113","유지관리","없음","100000000","200000000","1,900","2","0","","","1","19","","12","1","","본점","",
"41","승강기유지관리업체","11_48_01_P","6260000","626000000037","19931007","","01","영업/정상","1","인허가","","","","","0517424275","","612820","부산광역시 해운대구 우1동  496번지 1호 신동아상가 2층","부산광역시 해운대구 우동1로 9-28, 2층 (우동,신동아상가2층)","612820","태화E/L(주)","20200410154936","U","2020-04-28 02:40:00.0","","396299.836154773","187054.741207479","유지관리","없음","120000000","208000000","2,200","3","0","","","1","23","","15","2","","본점","",
"42","승강기유지관리업체","11_48_01_P","6260000","626000000163","20200803","","01","영업/정상","1","인허가","","","","","0518080119","","47261","부산광역시 부산진구 당감동 863-1","부산광역시 부산진구 신천대로 205, 302호 (당감동)","47261","(주)영재엘리베이터","20200803173207","I","2020-08-05 00:23:26.0","","386695.437688717","186479.985982311","유지관리","","100000000","","700","1","","","","","7","","","","","본점","",
"43","승강기유지관리업체","11_48_01_P","6260000","626000000005","19921226","","01","영업/정상","1","인허가","","","","","0518313328","","618270","부산광역시 강서구 송정동  1629번지","부산광역시 강서구 녹산산단335로 48 (송정동)","618270","(주)동남엘리베이터서비스606-86-40968","20191119165404","U","2020-04-28 02:40:00.0","","369043.232589179","178697.699952055","유지관리","중저속엘리베이터,휠체어리프트","650000000","","1,900","2","0","","","4","19","","11","3","","본점","",
"44","승강기유지관리업체","11_48_01_P","6260000","626000000030","19930619","","01","영업/정상","1","인허가","","","","","0512628090","","","부산광역시 사하구 장림동 454번지","부산광역시 사하구 다대로354번안길 69 (장림동)","49469","(주)현텍승강기","20190925205318","U","2020-04-28 02:40:00.0","","380123.22459600000","176915.12243100000","유지관리","없음","210000000","","500","1","0","","","1","5","","7","1","","본점","",
"45","승강기유지관리업체","11_48_01_P","6260000","626000000047","19950414","","01","영업/정상","1","인허가","","","","","0513122533","","","부산광역시 강서구 강동동 29번지 242호","부산광역시 강서구 낙동북로102번가길 25 (강동동)","46706","(주)우진엘리베이터","20191021140638","U","2020-04-28 02:40:00.0","","376490.186568915","192466.492822587","유지관리","중저속엘리베이터,휠체어리프트","200000000","419000000","600","1","0","","","1","6","","6","2","","본점","",
"46","승강기유지관리업체","11_48_01_P","6260000","626000000054","19960425","","01","영업/정상","1","인허가","","","","","0513248668","","617758","부산광역시 사상구 괘법동 519번지 1호 동원과학어린이집 4층","부산광역시 사상구 낙동대로1210번길 34, 4층 (괘법동,동원과학어린이집)","617758","(주)영제","20200423145316","U","2020-04-28 02:40:00.0","","380176.5897832","187098.624034499","유지관리","중저속엘리베이터,에스컬레이터,휠체어리프트","100000000","400000000","1,100","2","0","","","1","11","","11","1","","본점","",
"47","승강기유지관리업체","11_48_01_P","6260000","626000000072","19980213","","01","영업/정상","1","인허가","","","","","0518982016","","614805","부산광역시 부산진구 가야동 361번지 85호 가야삼성그린코아상가","부산광역시 부산진구 엄광로248번길 18, 2층 (가야동,가야삼성그린코아상가)","614805","삼성엘리베이터(주)","20200316162553","U","2020-04-28 02:40:00.0","","385712.886807814","185484.547882358","유지관리","중저속엘리베이터,에스컬레이터,휠체어리프트","100000000","100000000","1,200","2","0","","","","12","","8","1","","본점","",
"48","승강기유지관리업체","11_48_01_P","6260000","626000000092","20000311","","01","영업/정상","1","인허가","","","","","0515258754","","","부산광역시 금정구 남산동 133-3","부산광역시 금정구 청룡로 47-1, 3층 (남산동)","46217","동양기전엘리베이터(주)","20200427172553","U","2020-04-29 02:40:00.0","","389848.433268544","199325.910772632","유지관리","고속엘리베이터,중저속엘리베이터,에스컬레이터,휠체어리프트","100000000","100000000","1,500","2","0","","","","15","10","3","3","","본점","",
"49","승강기유지관리업체","11_48_01_P","6260000","626000000098","20001009","","01","영업/정상","1","인허가","","","","","0517466133","","612725","부산광역시 해운대구 우1동 1434번지 썬프라자 709호","부산광역시 해운대구 마린시티3로 1, 709호 (우동,썬프라자)","612725","삼부엘리베이터(주)","20200423150456","U","2020-04-28 02:40:00.0","","395615.201853958","186406.750870936","유지관리","중저속엘리베이터,에스컬레이터,휠체어리프트","110000000","110000000","1,800","2","0","","","1","18","","7","1","","본점","",
"50","승강기유지관리업체","11_48_01_P","6260000","626000000104","20020321","","01","영업/정상","1","인허가","","","","","0517011641","","612778","부산 해운대구 좌4동 1412번지 동부아파트관리사무소 B층","부산광역시 해운대구 세실로 158, B층 (좌동,동부아파트관리사무소)","612778","(주)세한엘리베이터","20200326161023","U","2020-04-28 02:40:00.0","","398320.448936443","188713.364513609","유지관리","없음","100000000","110000000","1,300","2","0","","","1","13","","6","","","본점","",
"51","승강기유지관리업체","11_48_01_P","6260000","626000000106","20020723","","01","영업/정상","1","인허가","","","","","0512031331","","604808","부산광역시 사하구 괴정2동  321번지 3호","부산광역시 사하구 낙동대로 153 (괴정동)","604808","현서엘리베이터(주)","20200327143648","U","2020-04-28 02:40:00.0","","382270.972669286","179984.280250307","유지관리","없음","100000000","","2,200","3","0","","","3","29","","14","1","1","본점","",
"52","승강기유지관리업체","11_48_01_P","6260000","626000000110","20030401","","01","영업/정상","1","인허가","","","","","0513101628","","617723","부산광역시 사상구 감전동 502번지 1호 마트월드상가 B동 224호","부산광역시 사상구 낙동대로 910, B동 2층 224호 (감전동,마트월드상가)","617723","(주)뉴택산전","20191122105127","U","2020-04-28 02:40:00.0","","379554.826788136","184301.128962735","유지관리","중저속엘리베이터,휠체어리프트","200000000","","700","1","0","","","","7","","5","1","","본점","",
"53","승강기유지관리업체","11_48_01_P","6260000","626000000113","20040113","","01","영업/정상","1","인허가","","","","","0517429994","","","부산광역시 해운대구 재송동 485-4","부산광역시 해운대구 재반로 51 (재송동)","48056","(주)세종테크","20200228150245","U","2020-04-28 02:40:00.0","","393617.167591298","189175.368756995","유지관리","중저속엘리베이터,휠체어리프트","200000000","","700","1","0","","","1","7","","7","1","","본점","",
"54","승강기유지관리업체","11_48_01_P","6260000","626000000069","19971111","","01","영업/정상","1","인허가","","","","","0513043204","","617838","부산광역시 사상구 주례3동  1162번지 130호 대일빌딩 2층","부산광역시 사상구 가야대로 260, 2층 (주례동,대일빌딩)","617838","삼보엘리베이터(주)","20200324142926","U","2020-04-28 02:40:00.0","","382279.405050585","185254.427641606","유지관리","중저속엘리베이터,에스컬레이터","210000000","200000000","1,700","2","0","","","","19","","10","3","","본점","",
"55","승강기유지관리업체","11_48_01_P","6260000","626000000121","20050728","","01","영업/정상","1","인허가","","","","","0517470306","","607837","부산광역시 동래구 온천동 1394번지 1호  A동","부산광역시 동래구 충렬대로 75, A동 2층 (온천동)","607837","신한엘리베이터(주)","20200312141420","U","2020-04-28 02:40:00.0","","388371.72175458","191913.024120932","유지관리","없음","100000000","130000000","900","1","0","","","","10","4","3","1","","본점","",
"56","승강기유지관리업체","11_48_01_P","6260000","626000000126","20060804","","01","영업/정상","1","인허가","","","","","0515128115","","609816","부산광역시 금정구 남산동 987번지 3호 영창빌딩","부산광역시 금정구 남산로 39, 5층 (남산동,영창빌딩)","609816","부성엘리베이터(주)","20200407142341","U","2020-04-28 02:40:00.0","","389920.667351233","198389.90766378","유지관리","없음","100000000","","1,800","2","0","","","","16","","","","","본점","",
"57","승강기유지관리업체","11_48_01_P","6260000","626000000129","20061127","","01","영업/정상","1","인허가","","","","","0518977003","","614801","부산광역시 부산진구 가야동 143번지 48호 윤정빌딩 3층","부산광역시 부산진구 가야대로 517, 3층 (가야동,윤정빌딩)","614801","(주)아남테크서비스","20200330162519","U","2020-04-28 02:40:00.0","","384774.798846787","185717.12959147","유지관리","중저속엘리베이터,에스컬레이터,휠체어리프트","350000000","","700","1","0","","","","7","1","6","1","","본점","",
"58","승강기유지관리업체","11_48_01_P","6260000","626000000091","19991203","","01","영업/정상","1","인허가","","","","","0518095428","","614862","부산광역시 부산진구 전포2동  172번지 1호 4층","부산광역시 부산진구 동성로118번길 31, 4층 (전포동)","614862","(주)이엠씨","20191108155508","U","2020-04-28 02:40:00.0","","388166.138964056","186669.48470476","유지관리","중저속엘리베이터,에스컬레이터,휠체어리프트","100000000","100000000","900","1","0","","","","9","","12","3","","본점","",
"59","승강기유지관리업체","11_48_01_P","6260000","626000000133","20071107","","01","영업/정상","1","인허가","","","","","0515572675","","","부산광역시 강서구 대저2동 3138-1","부산광역시 강서구 유통단지1로 50, 티플렉스 202동 212호 (대저2동)","46721","비엘티중앙엘리베이터(주)","20200319152518","U","2020-04-28 02:40:00.0","","377988.03993089","187305.367579412","유지관리","중저속엘리베이터,에스컬레이터,휠체어리프트","100000000","","700","1","0","","","","7","","","","","본점","",
"60","승강기유지관리업체","11_48_01_P","6260000","626000000124","20060210","","01","영업/정상","1","인허가","","","","","0518036633","","614842","부산광역시 부산진구 부전1동  390번지 1호 고려빌딩 3층","부산광역시 부산진구 부전로 146, 3층 (부전동,고려빌딩)","614842","(주)송원엘리베이터","20200403101605","U","2020-04-28 02:40:00.0","","387406.067019474","186676.305414942","유지관리","중저속엘리베이터,휠체어리프트","100000000","","700","1","0","","","","7","5","3","","","본점","",
"61","승강기유지관리업체","11_48_01_P","6260000","626000000166","20220504","","01","영업/정상","1","인허가","","","","","0518081642","","48076","부산광역시 해운대구 좌동 1420번지 한국통신 407호","부산광역시 해운대구 좌동순환로217번길 24, 한국통신 4층 407호(좌동)","48076","현진엘리베이터(주)","20220504094824","I","2022-05-06 00:22:32.0","","398720.306720092","188545.64353842","유지관리","","250000000","","1,000","1","","","","","7","","","","","본점","",
"62","승강기유지관리업체","11_48_01_P","6260000","626000000136","20090227","","03","폐업","2","폐지","20140811","","","","0514173151","","604804","부산광역시 사하구 감천1동  344번지 2호 삼성냉장 204호","부산광역시 사하구 원양로 313, 204호 (감천동,삼성냉장)","604804","반도기전","20111107164441","I","2018-08-31 23:59:59.0","","382805.546586586","177378.023270134","유지관리","","111407000","","100","2","3","","","","5","","","","","","",
"63","승강기유지관리업체","11_48_01_P","6260000","626000000143","20110620","","03","폐업","2","폐지","20140812","","","","0513147806","","617764","부산광역시 사상구 주례3동 530번지 5호 현대무지개타운아파트관리동 1동 B-5호","부산광역시 사상구 주례로 101, 1동 B-5호 (주례동,현대무지개타운아파트관리동)","617764","(주)대성엘리베이터","20111107162311","I","2018-08-31 23:59:59.0","","382696.80654055","184731.028529187","유지관리","","200000000","","100","2","3","","","","22","","","","","","",
"64","승강기유지관리업체","11_48_01_P","6260000","626000000077","20000212","","03","폐업","2","폐지","","","","","0518655717","","611081","부산광역시 연제구 연산1동   104번지 56호","부산광역시 연제구 과정로 358 (연산동)","","(주)조봉","20070403134211","I","2018-08-31 23:59:59.0","","390273.938197218","190069.085512369","유지관리","","11000000000","19500000000","100","2","3","","","2","13","2","8","1","","","",
"65","승강기유지관리업체","11_48_01_P","6260000","626000000089","19991023","","03","폐업","2","폐지","","","","","0513376422","","616093","부산광역시 북구 구포3동   1217번지 3호","부산광역시 북구 시랑로 52 (구포동)","","주식회사 이엠씨","20070403134317","I","2018-08-31 23:59:59.0","","382510.046684411","190925.733866127","유지관리","","100000000","100000000","500","2","7","","","","9","9","","","","","",
"66","승강기유지관리업체","11_48_01_P","6260000","626000000094","20030527","","03","폐업","2","폐지","","","","","0514417479","","601011","부산광역시 동구 초량1동   1212번지 22호 대창303호","부산광역시 동구 중앙대로180번길 12-4 (초량동,대창303호)","","(주)남도엘리베이터","20070403132731","I","2018-08-31 23:59:59.0","","385893.062825117","181198.287019303","유지관리","","100000000","100000000","100","2","3","","","","6","5","","1","","","",
"67","승강기유지관리업체","11_48_01_P","6260000","626000000061","19970301","","03","폐업","2","폐지","","","","","0515574913","","607062","부산광역시 동래구 온천2동   750번지 61호","부산광역시 동래구 중앙대로1367번길 32-3 (온천동)","","(주)이엘","19700101000000","I","2018-08-31 23:59:59.0","","388988.855779332","192048.926538463","유지관리","","210000000","685,000,000","200","","","","","","29","2","8","9","","","",
"68","승강기유지관리업체","11_48_01_P","6260000","626000000014","19930111","","03","폐업","2","폐지","","","","","0515150334","","609311","부산광역시 금정구 구서1동   85번지 11호","부산광역시 금정구 금정로237번길 30 (구서동)","","금성기전(주)","19700101000000","I","2018-08-31 23:59:59.0","","390310.213333285","196260.063760682","유지관리","","15000000000","","100","1","","","","1","46","42","","3","","","",
"69","승강기유지관리업체","11_48_01_P","6260000","626000000023","19930317","","03","폐업","2","폐지","","","","","0513125085","","617051","부산광역시 사상구 감전1동   123번지 24호","부산광역시 사상구 괘감로 62 (감전동)","","부성산업","19700101000000","I","2018-08-31 23:59:59.0","","380468.264719077","186114.909662683","유지관리","","30000000","10,000,000","100","1","","","","14","28","3","10","1","","","",
"70","승강기유지관리업체","11_48_01_P","6260000","626000000028","19930507","","03","폐업","2","폐지","","","","","","","617081","부산광역시 사상구 모라1동   728번지 10호","부산광역시 사상구 모덕로 85 (모라동)","","건영E/L","19700101000000","I","2018-08-31 23:59:59.0","","380795.211180325","188728.083213449","유지관리","","60000000","60,000,000","100","1","","","","1","12","4","5","2","","","",
"71","승강기유지관리업체","11_48_01_P","6260000","626000000034","19930802","","03","폐업","2","폐지","","","","","","","611088","부산광역시 연제구 연산8동   370번지 18호","부산광역시 연제구 과정로 275 (연산동)","","백산E/L","19700101000000","I","2018-08-31 23:59:59.0","","390949.0743211","189630.91050007","유지관리","","40000000","","100","1","","","","","6","2","4","","","","",
"72","승강기유지관리업체","11_48_01_P","6260000","626000000039","19940112","","03","폐업","2","폐지","","","","","0515010098","","611070","부산광역시 연제구 거제동   207번지 3호","부산광역시 연제구 여고로 84 (거제동)","","재영설비산업(주)","19700101000000","I","2018-08-31 23:59:59.0","","388701.127426759","190543.958709322","유지관리","","50000000","80,000,000","100","2","3","","","4","11","3","2","2","","","",
"73","승강기유지관리업체","11_48_01_P","6260000","626000000049","19950502","","03","폐업","2","폐지","","","","","0513284253","","617051","부산광역시 사상구 감전1동   125번지 3호","부산광역시 사상구 괘감로 14 (감전동)","","계복E/L","19700101000000","I","2018-08-31 23:59:59.0","","380001.164719592","186175.576480455","유지관리","","30000000","60,000,000","100","1","","","","","7","1","5","1","","","",
"74","승강기유지관리업체","11_48_01_P","6260000","626000000055","19960506","","03","폐업","2","폐지","","","","","0517228284","","619903","부산광역시 기장군 기장읍 대라리 971번지 금강궁전아파트상가 502호","부산광역시 기장군 기장읍 차성남로 13-6, 502호 (금강궁전아파트상가)","619903","대림엘리베이터","20111109174233","I","2018-08-31 23:59:59.0","","401099.438865717","195849.404257866","유지관리","","159000000","175000000","100","2","3","","","","6","","6","","","","",
"75","승강기유지관리업체","11_48_01_P","6260000","626000000043","19940831","","03","폐업","2","폐지","","","","","","","600101","부산광역시 중구 대창동1가   51번지","부산광역시 중구 해관로 89 (대창동1가)","","동양E/L","19700101000000","I","2018-08-31 23:59:59.0","","385507.640529964","180548.792611588","유지관리","","20000000","130,000,000","100","1","","","","","33","5","18","10","","","",
"76","승강기유지관리업체","11_48_01_P","6260000","626000000065","19990604","","03","폐업","2","폐지","","","","","0517610477","","613103","부산광역시 수영구 광안3동   98번지 32호","부산광역시 수영구 수영로 662 (광안동)","","(주)반도E/L","20070403134416","I","2018-08-31 23:59:59.0","","392617.039888314","187113.385286547","유지관리","","100000000","200.000.000","100","2","3","","","","6","5","","1","","","",
"77","승강기유지관리업체","11_48_01_P","6260000","626000000153","20151103","","03","폐업","2","폐지","20180103","","","","0514610055","","","부산광역시 동구 초량동 1169번지 13호","부산광역시 동구 중앙대로 262 (초량동)","48731","케이비유니온개발(주)","20170726110819","I","2018-08-31 23:59:59.0","","386151.348772833","182004.96097576","유지관리","없음","1050000000","","500","1","3","","","","8","","","","","본점","",
"78","승강기유지관리업체","11_48_01_P","6260000","626000000156","20161101","","03","폐업","2","폐지","20180607","","","","0318658473","","","경기도 양주시 율정동 214번지","경기도 양주시 율정로165번길 220-11 (율정동)","11475","(주)세명엘리베이터부산지점","20170801095648","I","2018-08-31 23:59:59.0","","209404.996521892","480944.360078274","유지관리","없음","400000000","","700","1","0","","","","7","","","","","지점","",
"79","승강기유지관리업체","11_48_01_P","6260000","626000000018","19930112","","03","폐업","2","폐지","20190911","","","","0512463940","","","부산광역시 중구 영주동 60번지 34호","부산광역시 중구 동영로 113-1 (영주동)","48910","타워엘리베이터","20181227112330","U","2019-03-23 02:40:00.0","","385371.161800823","181167.670605242","유지관리","중저속엘리베이터,휠체어리프트","140000000","111000000","900","1","0","","","","9","","8","1","","본점","",
"80","승강기유지관리업체","11_48_01_P","6260000","626000000029","19930521","","03","폐업","2","폐지","","","","","","","602010","부산광역시 서구 충무동   23번지 7호","부산광역시 서구 충무대로276번길 15 (충무동1가)","","동원E/L","19700101000000","I","2018-08-31 23:59:59.0","","384600.278550427","179218.01120694","유지관리","","12000000","44,000,000","100","1","","","","","6","1","5","","","","",
"81","승강기유지관리업체","11_48_01_P","6260000","626000000149","20140901","","03","폐업","2","폐지","20180930","","","","0518637994","","614856","부산광역시 부산진구 양정동 394번지 3호 원봉빌딩","부산광역시 부산진구 거제대로36번길 26, 5층 (양정동,원봉빌딩)","614856","(주)원엔터프라이즈","20170821180012","I","2018-08-31 23:59:59.0","","388423.564378881","187785.194320347","유지관리","중저속엘리베이터,에스컬레이터","700000000","","700","1","3","","","","7","","","","","본점","",
"82","승강기유지관리업체","11_48_01_P","6260000","626000000074","20021016","","03","폐업","2","폐지","","","","","0515012238","","607063","부산광역시 동래구 온천3동   1260번지 25호","부산광역시 동래구 석사북로 55 (온천동)","","(주)은창공영","20070403132850","I","2018-08-31 23:59:59.0","","387868.203227374","191260.27749862","유지관리","","25000000000","21000000000","100","2","3","","","4","11","5","","3","","","",
"83","승강기유지관리업체","11_48_01_P","6260000","626000000084","20060913","","03","폐업","2","폐지","","","","","0513280064","","616852","부산광역시 북구 화명3동   2278번지 1호 화명리버파크오피스텔 603호","부산광역시 북구 학사로 132, 603호 (화명동,화명리버파크오피스텔)","","(주)동보기전","20070403131609","I","2018-08-31 23:59:59.0","","382752.338525747","194623.989405455","유지관리","","100000000","200000000","100","2","3","","","2","8","","6","","","","",
"84","승강기유지관리업체","11_48_01_P","6260000","626000000004","19921224","","03","폐업","2","폐지","","","","","0515313241","","609410","부산 금정구 금사동 105-22","","","대일승강기㈜","20100524113817","I","2018-08-31 23:59:59.0","","","","유지관리","","110000000","802000000","100","3","2","","","5","0","8","7","3","","","",
"85","승강기유지관리업체","11_48_01_P","6260000","626000000052","19950831","","03","폐업","2","폐지","","","","","0514173151","","604804","부산광역시 사하구 감천1동   344번지 2호 (주)삼성냉장 204호","부산광역시 사하구 원양로 313, 204호 (감천동,(주)삼성냉장)","","반도E/L","20071207131431","I","2018-08-31 23:59:59.0","","382805.546586586","177378.023270134","유지관리","","101000000","135000000","100","2","3","","","","6","1","4","1","","","",
"86","승강기유지관리업체","11_48_01_P","6260000","626000000060","19970203","","03","폐업","2","폐지","","","","","0514610947","","601836","부산광역시 동구 초량3동  1153번지 1호 일주빌딩 5층","부산광역시 동구 중앙대로332번길 4, 5층 (초량동,일주빌딩5층)","601836","(주)거화테크","20111103175709","I","2018-08-31 23:59:59.0","","386438.772991473","182616.061979801","유지관리","","700000000","600000000","100","2","3","","","2","12","2","5","3","","","",
"87","승강기유지관리업체","11_48_01_P","6260000","626000000066","19970829","","03","폐업","2","폐지","20130829","","","","0518089784","","614865","부산광역시 부산진구 전포2동  666번지 6호 세화빌딩 지하 101호","부산광역시 부산진구 동천로108번길 36, 101호 (전포동,세화빌딩지하)","614865","삼호산전","20111103180054","I","2018-08-31 23:59:59.0","","388023.776996748","186283.00640944","유지관리","","122000000","112000000","100","2","3","","","","5","","5","","","","",
"88","승강기유지관리업체","11_48_01_P","6260000","626000000073","19980309","","03","폐업","2","폐지","20140805","","","","0518181381","","614871","부산광역시 부산진구 초읍동  105번지 7호","부산광역시 부산진구 월드컵대로474번길 26 (초읍동)","614871","(주)우성","20131218180502","I","2018-08-31 23:59:59.0","","386477.029189971","188955.964217027","유지관리","중저속엘리베이터","1100000000","2279000000","200","3","3","","","9","296","229","5","7","","본점","",
"89","승강기유지관리업체","11_48_01_P","6260000","626000000080","20060403","","03","폐업","2","폐지","","","","","0513040086","","617040","부산 사상구 덕포동 382-1","","","(주)코리아E/L","20070403131905","I","2018-08-31 23:59:59.0","","","","유지관리","","100000000","","100","2","3","","","4","10","","5","1","","","",
"90","승강기유지관리업체","11_48_01_P","6260000","626000000081","19981113","","03","폐업","2","폐지","","","","","0514635730","","601010","부산 동구 초량동 1160-1 한국유리빌딩 302","","","(주)세원산전","20090319160457","I","2018-08-31 23:59:59.0","","","","유지관리","","100000000","117000000","100","2","3","","","","6","2","3","1","","","",
"91","승강기유지관리업체","11_48_01_P","6260000","626000000087","19990407","","03","폐업","2","폐지","","","","","0512545082","","600074","부산 중구 부평동4가 52-3 골든오피스텔 1202호","","","창진산전","20080811131104","I","2018-08-31 23:59:59.0","","","","유지관리","","105000000","105000000","100","2","3","","","","5","","5","","","","",
"92","승강기유지관리업체","11_48_01_P","6260000","626000000088","20060728","","03","폐업","2","폐지","","","","","0518529812","","611080","부산 연제구 연산동 306-28","","","㈜제일엘리베이터","20070403131521","I","2018-08-31 23:59:59.0","","","","유지관리","","100000000","100000000","100","2","3","","","1","7","5","","1","","","",
"93","승강기유지관리업체","11_48_01_P","6260000","626000000090","19990930","","03","폐업","2","폐지","20190104","","","","0516431101","","601719","부산광역시 동구 범일2동 830번지 42호 썬오피스텔 1406호","부산광역시 동구 조방로 39, 1406호 (범일동,썬오피스텔)","601719","협성개발(주)","20171031131638","I","2018-08-31 23:59:59.0","","387727.932157079","184254.180458819","유지관리","중저속엘리베이터,에스컬레이터","1300000000","1360000000","700","1","0","","","6","7","","5","5","","본점","",
"94","승강기유지관리업체","11_48_01_P","6260000","626000000093","20051004","","03","폐업","2","폐지","","","","","0515215751","","607040","부산 동래구 낙민동 94-1 동원아파트관리동 3층","","","(주)부경엘리베이터","20070403132137","I","2018-08-31 23:59:59.0","","","","유지관리","","10000000","","100","0","0","","","","2","","","","","","",
"95","승강기유지관리업체","11_48_01_P","6260000","626000000096","20060123","","03","폐업","2","폐지","","","","","0517541676","","613103","부산 수영구 광안3동 1027-28","","","우원엘리베이터(주)","20070403131938","I","2018-08-31 23:59:59.0","","","","유지관리","","1000000","1000000","100","2","3","","","","5","","5","","","","",
"96","승강기유지관리업체","11_48_01_P","6260000","626000000097","20000915","","03","폐업","2","폐지","20130611","","","","0517831301","","612831","부산광역시 해운대구 재송1동  1105번지 7호","부산광역시 해운대구 해운대로143번길 32 (재송동)","612831","(주)극동엘리베이터","20130111142743","I","2018-08-31 23:59:59.0","","393296.828120177","189342.808640079","유지관리","","100000000","100000000","100","2","3","","","","6","","5","1","","","",
"97","승강기유지관리업체","11_48_01_P","6260000","626000000100","20001122","","03","폐업","2","폐지","","","","","0517829002","","612052","부산 해운대구 재송2동 1060-7","","","(주)세종엘리베이터","20070720131651","I","2018-08-31 23:59:59.0","","","","유지관리","","200000000","","100","2","3","","","4","12","","7","1","","","",
"98","승강기유지관리업체","11_48_01_P","6260000","626000000103","20011226","","03","폐업","2","폐지","20151130","","","","0516226214","","608800","부산광역시 남구 감만2동  44번지 2호 하얏트아파트상가 1층","부산광역시 남구 전선등로 31, 1층 (감만동,하얏트아파트상가)","608800","성창엘리베이터","20111104204932","I","2018-08-31 23:59:59.0","","390009.954530414","182543.310800149","유지관리","","120000000","120000000","100","2","3","","","","5","5","","","","","",
"99","승강기유지관리업체","11_48_01_P","6260000","626000000105","20060516","","03","폐업","2","폐지","","","","","0512651161","","604050","부산 사하구 다대동 1518-3","","","(주)유리스","20070403131831","I","2018-08-31 23:59:59.0","","","","유지관리","","200000000","200000000","100","2","3","","","2","7","","5","","","","",
"100","승강기유지관리업체","11_48_01_P","6260000","626000000108","20050706","","03","폐업","2","폐지","","","","","0518319026","","618270","부산 강서구 송정동 1771-10","","","(주)이엔피테크","20070403132231","I","2018-08-31 23:59:59.0","","","","유지관리","","100000000","","100","0","0","","","","3","","","","","","",
"101","승강기유지관리업체","11_48_01_P","6260000","626000000111","20030428","","03","폐업","2","폐지","","","","","0517431470","","612021","부산 해운대구 우1동 1434 선프라자 526호","","","(주)성운엘리베이터","20101126110159","I","2018-08-31 23:59:59.0","","","","유지관리","","100000000","","800","12","0","","","2","14","2","9","1","","","",
"102","승강기유지관리업체","11_48_01_P","6260000","626000000114","20040326","","03","폐업","2","폐지","20150323","","","","0515133066","","607837","부산광역시 동래구 온천2동  1394번지 1호 아마란스 A동 2층","부산광역시 동래구 충렬대로 75, A동 2층 (온천동,아마란스)","607837","한세엘리베이터(주)","20140306165329","I","2018-08-31 23:59:59.0","","388371.72175458","191913.024120932","유지관리","없음","100000000","","100","2","3","","","1","5","","5","1","","","",
"103","승강기유지관리업체","11_48_01_P","6260000","626000000115","20040430","","03","폐업","2","폐지","20160919","","","","0513641147","","617837","부산광역시 사상구 주례1동  886번지 1호","부산광역시 사상구 백양대로 493 (주례동)","617837","안승엘리베이터(주)","20140825100124","I","2018-08-31 23:59:59.0","","381988.207959322","185638.831135063","유지관리","중저속엘리베이터,에스컬레이터,휠체어리프트","100000000","","500","1","3","","","","8","","7","1","","","",
"104","승강기유지관리업체","11_48_01_P","6260000","626000000116","20050114","","03","폐업","2","폐지","","","","","0514610055","","601011","부산광역시 동구 초량1동   1212번지 11호 (해덕빌딩10층)","부산광역시 동구 대영로 261 (초량동,(해덕빌딩10층))","","광명종합기업㈜","20061204100105","I","2018-08-31 23:59:59.0","","385846.371350951","181097.551650065","유지관리","","500000000","","100","2","3","","","4","12","2","3","3","","","",
"105","승강기유지관리업체","11_48_01_P","6260000","626000000118","20050315","","03","폐업","2","폐지","20190927","","","","0518638368","","","부산광역시 부산진구 부전동 474번지 80호 유원골든타워오피스텔 1301호","부산광역시 부산진구 서면문화로 27, 1301호 (부전동,유원골든타워오피스텔)","47257","(주)원봉기업","20190130114458","U","2019-03-23 02:40:00.0","","387225.613588405","186408.726533861","유지관리","중저속엘리베이터,에스컬레이터,휠체어리프트","450000000","","700","1","0","","","5","7","3","10","3","","본점","",
"106","승강기유지관리업체","11_48_01_P","6260000","626000000045","19950209","","03","폐업","2","폐지","","","","","0516438385","","614024","부산광역시 부산진구 범천4동   980번지 188호","부산광역시 부산진구 신암로 88-1 (범천동)","","광명엔지니어링","19700101000000","I","2018-08-31 23:59:59.0","","387049.493757173","185281.218210321","유지관리","","10000000","13,000,000","100","1","","","","","6","6","","","","","",
"107","승강기유지관리업체","11_48_01_P","6260000","626000000050","19950502","","03","폐업","2","폐지","","","","","0513280064","","617011","부산광역시 사상구 주례1동   929번지 2호","","","신흥E/L","19700101000000","I","2018-08-31 23:59:59.0","","","","유지관리","","20000000","20,000,000","200","1","","","","","8","2","5","1","","","",
"108","승강기유지관리업체","11_48_01_P","6260000","626000000051","19950707","","03","폐업","2","폐지","","","","","0513386505","","616113","부산광역시 북구 만덕3동   767번지 8호","부산광역시 북구 만덕3로 27 (만덕동)","","(주)삼환E/L","19700101000000","I","2018-08-31 23:59:59.0","","384497.599345721","192175.07775802","유지관리","","35000000","35,000,000","900","1","","","","","14","7","7","","","","",
"109","승강기유지관리업체","11_48_01_P","6260000","626000000062","19970506","","03","폐업","2","폐지","","","","","0516282798","","608092","부산광역시 남구 용호2동   388번지 7호","부산광역시 남구 동명로164번길 49 (용호동)","","태영E/L","20051226114436","I","2018-08-31 23:59:59.0","","392664.52489055","181789.713558879","유지관리","","50000000","70,000,000","100","","","","","","7","6","","1","","","",
"110","승강기유지관리업체","11_48_01_P","6260000","626000000007","19921226","","03","폐업","2","폐지","","","","","0512012200","","604021","부산광역시 사하구 하단1동   900번지 1호","부산광역시 사하구 동매로15번길 22 (하단동)","","대산엔지니어링","19700101000000","I","2018-08-31 23:59:59.0","","378653.314066477","180163.286175213","유지관리","","100000000","","100","","","","","1","8","3","3","1","","","",
"111","승강기유지관리업체","11_48_01_P","6260000","626000000013","19930106","","03","폐업","2","폐지","","","","","0512540345","","600083","부산광역시 중구 보수동3가   46번지 1호","부산광역시 중구 보수대로 94 (보수동3가)","","동명산업설비","19700101000000","I","2018-08-31 23:59:59.0","","384268.876610502","180213.752067668","유지관리","","300000000","3,600,000,000","100","","","","","4","15","4","6","1","","","",
"112","승강기유지관리업체","11_48_01_P","6260000","626000000022","19930301","","03","폐업","2","폐지","","","","","0515175270","","609311","부산광역시 금정구 구서1동   84번지 15호","부산광역시 금정구 금정로 239 (구서동)","","(주)이엘","19700101000000","I","2018-08-31 23:59:59.0","","390294.454188279","195990.295591796","유지관리","","210000000","250,000,000","100","","","","","5","13","3","3","2","","","",
"113","승강기유지관리업체","11_48_01_P","6260000","626000000083","19981219","","03","폐업","2","폐지","","","","","0518170959","","614731","부산광역시 부산진구 부전1동 474번지 80호 유원오피스텔 1509호","부산광역시 부산진구 서면문화로 27, 1509호 (부전동,유원오피스텔)","614731","유원기공(주)","20170921164554","I","2018-08-31 23:59:59.0","","387225.613588405","186408.726533861","유지관리","없음","118000000","118000000","200","2","4","","","","8","","6","2","","본점","",
"114","승강기유지관리업체","11_48_01_P","6260000","626000000010","19921230","","03","폐업","2","폐지","","","","","0518185120","","614031","부산광역시 부산진구 부전1동   347번지 40호 서면종합시장 502호","부산광역시 부산진구 부전로162번길 28 (부전동,서면종합시장 502호)","","대우E/L","20051208150852","I","2018-08-31 23:59:59.0","","387528.393422261","186694.666831446","유지관리","","200000000","350,000,000","100","1","3","","","1","7","2","3","1","","","",
"115","승강기유지관리업체","11_48_01_P","6260000","626000000042","20000722","","03","폐업","2","폐지","","","","","0515010098","","616093","부산광역시 북구 구포3동   1246번지 4호","부산광역시 북구 시랑로182번길 19 (구포동)","","대윤E/L","20070403133704","I","2018-08-31 23:59:59.0","","383336.292785973","190249.968848234","유지관리","","100000000","13300000000","200","2","6","","","","9","9","","","","","",
"116","승강기유지관리업체","11_48_01_P","6260000","626000000058","19991130","","03","폐업","2","폐지","","","","","0518095428","","614031","부산광역시 부산진구 부전1동   394번지 10호 한일빌딩 502호","부산광역시 부산진구 부전로140번길 12 (부전동,한일빌딩 502호)","","남도E/L","20070403134251","I","2018-08-31 23:59:59.0","","387354.270602601","186601.462349381","유지관리","","17900000000","22500000000","1,200","2","16","","","1","15","2","10","2","","","",
"117","승강기유지관리업체","11_48_01_P","6260000","626000000059","20000623","","03","폐업","2","폐지","","","","","0513370250","","604021","부산광역시 사하구 하단1동   1161번지 2호","부산광역시 사하구 하신번영로 365 (하단동)","","(주)우리엔지니어링","20070403133822","I","2018-08-31 23:59:59.0","","378522.007200069","180909.306630124","유지관리","","100000000","22100000000","300","2","5","","","","9","8","","1","","","",
"118","승강기유지관리업체","11_48_01_P","6260000","626000000067","20000714","","03","폐업","2","폐지","","","","","0513136481","","617051","부산광역시 사상구 감전1동   132번지 1호","","","(주)범화산전","20070403133734","I","2018-08-31 23:59:59.0","","380863.049882095","185818.363507736","유지관리","","100000000","200000000","100","2","3","","","1","8","2","3","2","","","",
"119","승강기유지관리업체","11_48_01_P","6260000","626000000071","20000524","","03","폐업","2","폐지","","","","","0515178825","","609312","부산광역시 금정구 구서2동   203번지 33호","부산광역시 금정구 금강로 518 (구서동)","","(주)태성E/L","20070403134052","I","2018-08-31 23:59:59.0","","389953.480474019","196925.509853466","유지관리","","100000000","200000000","200","2","4","","","","8","","5","1","2","","",
"120","승강기유지관리업체","11_48_01_P","6260000","626000000079","19990629","","03","폐업","2","폐지","","","","","0518524008","","611085","부산광역시 연제구 연산5동   702번지 9호","부산광역시 연제구 중앙대로 1078 (연산동)","","(주)동진기공","20070403134348","I","2018-08-31 23:59:59.0","","389444.436546193","189180.052866007","유지관리","","10000000000","15000000000","100","2","3","","","","6","2","3","1","","","",
"121","승강기유지관리업체","11_48_01_P","6260000","626000000085","19991023","","03","폐업","2","폐지","","","","","0514422085","","601032","부산광역시 동구 수정2동   159번지 1호","부산광역시 동구 고관로 102 (수정동)","","대우기공","20070403134129","I","2018-08-31 23:59:59.0","","386422.470107084","182894.392948803","유지관리","","100000000","200000000","100","2","3","","","","7","6","","1","","","",
"122","승강기유지관리업체","11_48_01_P","6260000","626000000086","20010623","","03","폐업","2","폐지","","","","","0513105951","","617052","부산광역시 사상구 감전2동   140번지 9호","부산광역시 사상구 대동로 290 (감전동)","","(주)이엘","20070403133103","I","2018-08-31 23:59:59.0","","380978.438967999","185572.036119973","유지관리","","2100000000","500000000","500","2","7","","","","94","30","58","6","","","",
"123","승강기유지관리업체","11_48_01_P","6260000","626000000063","19970508","","03","폐업","2","폐지","","","","","0513620441","","616121","부산광역시 북구 화명1동   188번지 벽산상가","","","우양E/L(주)","19700101000000","I","2018-08-31 23:59:59.0","","383239.395718821","195733.599928009","유지관리","","15200000000","15,200,000,000","200","2","4","","","","6","2","4","","","","",
"124","승강기유지관리업체","11_48_01_P","6260000","626000000064","20020607","","03","폐업","2","폐지","","","","","0515066616","","609323","부산광역시 금정구 부곡3동   225번지 6호 경남한신아파트관리사무소 2층","","","(주)거승E/L","20070403133011","I","2018-08-31 23:59:59.0","","390200.572461015","195007.620138808","유지관리","","100000000","200000000","100","2","3","","","","6","5","","1","","","",
"125","승강기유지관리업체","11_48_01_P","6260000","626000000075","20030129","","03","폐업","2","폐지","","","","","0516282798","","608092","부산광역시 남구 용호2동   530번지 58호","부산광역시 남구 동명로158번길 120 (용호동)","","태영E/L","20070403132820","I","2018-08-31 23:59:59.0","","392565.927720816","181463.476217638","유지관리","","1200000000","1050000000","100","2","3","","","","5","5","","","","","",
"126","승강기유지관리업체","11_48_01_P","6260000","626000000078","20030129","","03","폐업","2","폐지","","","","","0517478871","","612021","부산광역시 해운대구 우1동   541번지 5호 비치OT(403)","부산광역시 해운대구 구남로18번길 24 (우동,비치OT(403))","","(주)보석E/L","20070403132544","I","2018-08-31 23:59:59.0","","396632.729146895","186881.392695728","유지관리","","300000000","52500000000","100","2","3","","","","6","5","","1","","","",
"127","승강기유지관리업체","11_48_01_P","6260000","626000000095","20030701","","03","폐업","2","폐지","","","","","0518981262","","614012","부산광역시 부산진구 가야2동   490번지 공원숯불갈비 2층","부산광역시 부산진구 엄광로 134 (가야동,공원숯불갈비 2층)","","한우산기","20070403132620","I","2018-08-31 23:59:59.0","","384877.42524103","185024.833502126","유지관리","","1030000000","1030000000","200","2","4","","","","8","6","","2","","","",
"128","승강기유지관리업체","11_48_01_P","6260000","626000000006","20040110","","03","폐업","2","폐지","","","","","0515542398","","607050","부산광역시 동래구 수안동   34번지 5호","부산광역시 동래구 온천천로301번길 4 (수안동)","","(주)옥성E/L","20070403132413","I","2018-08-31 23:59:59.0","","389966.142469043","190431.570708005","유지관리","","100000000","200000000","300","2","5","","","","9","7","","2","","","",
"129","승강기유지관리업체","11_48_01_P","6260000","626000000040","20040324","","03","폐업","2","폐지","","","","","0515156872","","609340","부산광역시 금정구 남산동   24번지 13호 수광빌딩 702호","부산광역시 금정구 중앙대로 2093 (남산동,수광빌딩 702호)","","거산엘리베이터(주)","20070403132444","I","2018-08-31 23:59:59.0","","390316.249489251","198875.545060975","유지관리","","200000000","200000000","1,400","2","4","","","4","11","6","","1","","","",
"130","승강기유지관리업체","11_48_01_P","6260000","626000000107","20041217","","03","폐업","2","폐지","","","","","0518525951","","611071","부산광역시 연제구 거제1동   17번지 1호 종근당빌딩 701","부산광역시 연제구 거제대로 270 (거제동,종근당빌딩 701)","","(주)서우산전","20070403132316","I","2018-08-31 23:59:59.0","","389137.771555336","189860.788321975","유지관리","","2050000000","","500","2","7","","","2","11","9","","","","","",
"131","승강기유지관리업체","11_48_01_P","6260000","626000000001","19921214","","03","폐업","2","폐지","","","","","0513106810","","617052","부산광역시 사상구 감전2동   140번지 9호","부산광역시 사상구 대동로 290 (감전동)","","금성산전(주)","20051222141534","I","2018-08-31 23:59:59.0","","380978.438967999","185572.036119973","유지관리","","51500000000","498,357,000,000","13,600","1","","","","1","71","5","60","5","","","",
"132","승강기유지관리업체","11_48_01_P","6260000","626000000003","19921216","","03","폐업","2","폐지","","","","","0515147678","","609311","부산광역시 금정구 구서1동   775번지 13호","부산광역시 금정구 금강로 465 (구서동)","","한흥산전(주)","19700101000000","I","2018-08-31 23:59:59.0","","389962.755284294","196395.036237842","유지관리","","150000000","304,000,000","100","1","","","","5","24","3","14","3","","","",
"133","승강기유지관리업체","11_48_01_P","6260000","626000000012","19930106","","03","폐업","2","폐지","","","","","0513136481","","617060","부산광역시 사상구 괘법동   560번지 7호","부산광역시 사상구 새벽로215번길 12 (괘법동)","","건우산전(주)","19700101000000","I","2018-08-31 23:59:59.0","","380649.090160095","186413.321759271","유지관리","","250000000","301,000,000","100","1","","","","4","19","2","12","1","","","",
"134","승강기유지관리업체","11_48_01_P","6260000","626000000017","19930112","","03","폐업","2","폐지","","","","","0513142126","","617013","부산광역시 사상구 주례3동   1163번지 2호","부산광역시 사상구 가야대로282번길 1 (주례동)","","삼보E/L","19700101000000","I","2018-08-31 23:59:59.0","","382491.791147351","185279.510712154","유지관리","","15000000","15,000,000","1,100","1","","","","1","7","2","4","","","","",
"135","승강기유지관리업체","11_48_01_P","6260000","626000000070","20060612","","03","폐업","2","폐지","","","","","0518186644","","614031","부산 부산진구 부전1동 347-40","","","(주)대우엘리베이터","20070403131751","I","2018-08-31 23:59:59.0","","","","유지관리","","120000000","150000000","100","2","3","","","1","8","3","3","1","","","",
"136","승강기유지관리업체","11_48_01_P","6260000","626000000024","19930324","","03","폐업","2","폐지","","","","","0516287788","","608021","부산광역시 남구 대연1동   892번지 15호","부산광역시 남구 유엔로 135 (대연동)","","(주)태광기전","19700101000000","I","2018-08-31 23:59:59.0","","390518.24953352","183253.59853356","유지관리","","800000000","1,393,000,000","100","","","","","4","15","2","6","3","","","",
"137","승강기유지관리업체","11_48_01_P","6260000","626000000032","19930705","","03","폐업","2","폐지","","","","","","","613110","부산광역시 수영구 민락동   411번지 10호","","","삼원E/L","19700101000000","I","2018-08-31 23:59:59.0","","","","유지관리","","50000000","50,000,000","100","1","","","","","14","4","8","","2","","",
"138","승강기유지관리업체","11_48_01_P","6260000","626000000033","19930705","","03","폐업","2","폐지","","","","","0516438353","","614024","부산광역시 부산진구 범천4동   980번지 188호","부산광역시 부산진구 신암로 88-1 (범천동)","","광명엔지니어링","19700101000000","I","2018-08-31 23:59:59.0","","387049.493757173","185281.218210321","유지관리","","10000000","13,000,000","100","1","","","","","6","3","3","","","","",
"139","승강기유지관리업체","11_48_01_P","6260000","626000000038","19931023","","03","폐업","2","폐지","","","","","0518642018","","611082","부산광역시 연제구 연산2동   1320번지 30호","부산광역시 연제구 중앙천로73번길 4 (연산동)","","마광기전","19700101000000","I","2018-08-31 23:59:59.0","","389413.743306197","188795.792032752","유지관리","","6000000","30,000,000","100","","","","","","6","3","3","","","","",
"140","승강기유지관리업체","11_48_01_P","6260000","626000000130","20070423","","03","폐업","2","폐지","20140102","","","","0513618585","","616833","부산광역시 북구 화명2동  272번지 13호","부산광역시 북구 대천천길 93 (화명동)","616833","(주)성민산전","20120706143010","I","2018-08-31 23:59:59.0","","383675.160537828","195530.676164957","유지관리","","100000000","","100","2","3","","","","5","2","3","","","","",
"141","승강기유지관리업체","11_48_01_P","6260000","626000000131","20070713","","03","폐업","2","폐지","20140819","","","","0514610055","","601839","부산광역시 동구 초량1동  1212번지 9호 케이엠빌딩","부산광역시 동구 중앙대로180번길 6-15, 1층 (초량동,케이엠빌딩)","601839","케이비유니온개발 주식회사","20130214142917","I","2018-08-31 23:59:59.0","","385842.289100827","181119.770398261","유지관리","","700500000","","100","2","3","","","","","","","","","","",
"142","승강기유지관리업체","11_48_01_P","6260000","626000000009","19921230","","03","폐업","2","폐지","20140930","","","","0516238449","","613752","부산광역시 수영구 광안1동 526번지 1호 광원아파트 관리사무소 2층","부산광역시 수영구 광일로 63, 2층 (광안동,광원아파트관리사무소2층)","613752","대성엘리베이터","20140121114045","I","2018-08-31 23:59:59.0","","391933.542223677","186764.383360083","유지관리","중저속엘리베이터","100000000","103000000","300","4","3","","","","7","","8","1","","본점","",
"143","승강기유지관리업체","11_48_01_P","6260000","626000000048","19950418","","03","폐업","2","폐지","","","","","","","619962","부산광역시 기장군 정관면 모전리  198번지 1호","","","한신E/L(주)","19700101000000","I","2018-08-31 23:59:59.0","","","","유지관리","","100000000","50,000,000","100","2","3","","","3","14","4","4","2","1","","",
"144","승강기유지관리업체","11_48_01_P","6260000","626000000020","19930210","","03","폐업","2","폐지","","","","","","","609350","부산광역시 금정구 청룡동   31번지 2호 남화기술빌딩 2층 201호","부산광역시 금정구 금강로 758 (청룡동,남화기술빌딩 2층 201호)","","진일E/L","19700101000000","I","2018-08-31 23:59:59.0","","390031.22990161","199298.672890002","유지관리","","70000000","100,000,000","500","2","7","","","1","29","6","20","2","","","",
"145","승강기유지관리업체","11_48_01_P","6260000","626000000123","20060208","","03","폐업","2","폐지","","","","","0512637282","","604060","부산광역시 사하구 구평동   126-2번지","","","(주)대농엔지니어링","20070723095446","I","2018-08-31 23:59:59.0","","","","유지관리","","200000000","200000000","100","2","3","","","3","6","","3","","","","",
"146","승강기유지관리업체","11_48_01_P","6260000","626000000102","20010625","","02","휴업","3","휴지","","20200202","20210201","","0517847043","","","부산광역시 기장군 정관면 달산리 1113번지 1호","부산광역시 기장군 정관면 산단5로 78","46026","(주)영진엘리베이터","20190924095047","U","2020-04-28 02:40:00.0","","400107.14148200000","204528.24442700000","유지관리","없음","200000000","100000000","600","1","0","","","2","5","1","8","1","","본점","",
"147","승강기유지관리업체","11_48_01_P","6260000","626000000151","20150617","","02","휴업","3","휴지","","20171208","20181207","","0513147806","","609800","부산광역시 금정구 구서동 485번지 16호","부산광역시 금정구 체육공원로 43 (구서동)","609800","(주)대성엘리베이터","20170303180110","I","2018-08-31 23:59:59.0","","390803.410900838","196304.108882048","유지관리","없음","200000000","","700","1","0","","","","7","","","","","본점","",
"148","승강기유지관리업체","11_48_01_P","6260000","626000000157","20170822","","02","휴업","3","휴지","","20200201","20220131","","0513113760","","","부산광역시 사상구 주례동 1162번지 130호","부산광역시 사상구 가야대로 260 (주례동)","47012","(주)금화이엔피","20170822114322","I","2018-08-31 23:59:59.0","","382279.405050585","185254.427641606","유지관리","중저속엘리베이터,휠체어리프트","460000000","","700","1","","","","","7","","","","","본점","",
"149","승강기유지관리업체","11_48_01_P","6260000","626000000101","20010428","","02","휴업","3","휴지","","","","","0513100788","","617838","부산광역시 사상구 주례3동  519번지 60호","부산광역시 사상구 주례로10번길 88 (주례동)","617838","(주)조성엔지니어링","20111104203845","I","2018-08-31 23:59:59.0","","382784.480813997","185264.436940286","유지관리","","1000000000","1000000000","200","2","4","","","4","8","","6","","","","",
"150","승강기유지관리업체","11_48_01_P","6260000","626000000109","20030221","","02","휴업","3","휴지","","","","","0517405237","","612726","부산광역시 해운대구 우1동 760번지 3호 오션타워 1217호","부산광역시 해운대구 해운대해변로 203, 1217호 (우동,오션타워)","612726","(주)주신엘리베이터","20111107135108","I","2018-08-31 23:59:59.0","","396180.621244719","186522.35047527","유지관리","","300000000","","100","2","3","","","1","6","","5","","","","",
"151","승강기유지관리업체","11_48_01_P","6260000","626000000120","20050512","","02","휴업","3","휴지","","","","","0513298331","","617731","부산광역시 사상구 감전동 벽산디지털벨리 132번지 7호 310호","부산광역시 사상구 대동로 303, 310호 (감전동,벽산디지털벨리)","617731","㈜서우산전","20111107142732","I","2018-08-31 23:59:59.0","","380909.178507556","185739.851127297","유지관리","","405000000","","400","6","2","","","4","14","","7","3","","","",
"152","승강기유지관리업체","11_48_01_P","6260000","626000000122","20051222","","01","영업/정상","4","사업재개","","","","20181219","0517826923","","","부산광역시 기장군 장안읍 반룡리 900-1","부산광역시 기장군 장안읍 반룡산단1로 55","46034","(주)한림기업","20200427172938","U","2020-04-29 02:40:00.0","","","","유지관리","중저속엘리베이터,휠체어리프트","200000000","200000000","500","1","0","","","2","5","","8","1","","본점","",
"153","승강기유지관리업체","11_48_01_P","6260000","626000000026","19930330","","04","취소/말소/만료/정지/중지","5","등록취소","","","","","","","604050","부산광역시 사하구 다대동   1507번지 7호","부산광역시 사하구 다산로105번길 57 (다대동)","","(주)신강기공","19700101000000","I","2018-08-31 23:59:59.0","","378289.879764223","175794.280703396","유지관리","","50000000","1,318,000,000","100","1","","","","3","39","6","24","6","","","",
"154","승강기유지관리업체","11_48_01_P","6260000","626000000031","19930619","","04","취소/말소/만료/정지/중지","5","등록취소","","","","","","","612063","부산광역시 해운대구 반여3동   1584번지 7호","","","도진E/L","19700101000000","I","2018-08-31 23:59:59.0","","394286.143519724","191236.962803813","유지관리","","10000000","20,000,000","100","1","","","","","8","2","5","","1","","",
"155","승강기유지관리업체","11_48_01_P","6260000","626000000068","19971104","","04","취소/말소/만료/정지/중지","5","등록취소","","","","","0513160525","","617844","부산광역시 사상구 학장동  265번지 10호","부산광역시 사상구 학장로169번길 52 (학장동)","617844","(주)금강산전","20190805094111","U","2020-04-28 02:40:00.0","","380944.583029694","184660.914937398","유지관리","없음","200000000","","300","1","3","","","","6","","5","","1","본점","",
"156","승강기유지관리업체","11_48_01_P","6260000","626000000016","19930111","","04","취소/말소/만료/정지/중지","5","등록취소","","","","","0514641614","","601013","부산광역시 동구 초량3동   1212번지 22호","부산광역시 동구 중앙대로180번길 12-4 (초량동)","","(주)반도기전","19700101000000","I","2018-08-31 23:59:59.0","","385893.062825117","181198.287019303","유지관리","","50000000","65,000,000","100","","","","","2","10","3","4","1","","","",
"157","승강기유지관리업체","11_48_01_P","6260000","626000000019","19930112","","04","취소/말소/만료/정지/중지","5","등록취소","","","","","0517580165","","613103","부산광역시 수영구 광안3동   44번지 1호","부산광역시 수영구 수영로 736 (광안동)","","유성E/L","20070503111616","I","2018-08-31 23:59:59.0","","393049.105763578","187503.211916157","유지관리","","20000000","30000000","100","1","","","","1","8","1","5","1","","","",
"158","승강기유지관리업체","11_48_01_P","6260000","626000000021","19930301","","04","취소/말소/만료/정지/중지","5","등록취소","","","","","0514417203","","600092","부산광역시 중구 대청동2가   37번지 3호","","","우양E/L","19700101000000","I","2018-08-31 23:59:59.0","","","","유지관리","","20000000","20,000,000","100","1","","","","1","8","2","4","1","","","",
"159","승강기유지관리업체","11_48_01_P","6260000","626000000041","19940311","","04","취소/말소/만료/정지/중지","5","등록취소","","","","","","","609312","부산광역시 금정구 구서2동   175번지 25호","부산광역시 금정구 두실로7번길 77 (구서동)","","(주)하나기산","19700101000000","I","2018-08-31 23:59:59.0","","390187.983738541","197298.451390145","유지관리","","200000000","200,000,000","100","1","","","","7","13","4","","2","","","",
"160","승강기유지관리업체","11_48_01_P","6260000","626000000025","19930324","","04","취소/말소/만료/정지/중지","5","등록취소","","","","","0515584053","","607040","부산광역시 동래구 낙민동   8번지","부산광역시 동래구 충렬대로322번길 15 (낙민동)","","한국SCH","19700101000000","I","2018-08-31 23:59:59.0","","390628.871194432","190793.943378425","유지관리","","20000000","20,000,000","100","1","","","","","","","","","","","",
"161","승강기유지관리업체","11_48_01_P","6260000","626000000027","19930330","","04","취소/말소/만료/정지/중지","5","등록취소","","","","","0516438213","","608040","부산광역시 남구 문현동   810번지 15호","부산광역시 남구 자성로 149 (문현동)","","광성기전","19700101000000","I","2018-08-31 23:59:59.0","","388295.664650908","183964.742464628","유지관리","","20000000","10,000,000","100","1","","","","1","8","1","5","1","","","",
"162","승강기유지관리업체","11_48_01_P","6260000","626000000035","19930809","","04","취소/말소/만료/정지/중지","5","등록취소","","","","","","","617013","부산광역시 사상구 주례3동   1160번지 24호","부산광역시 사상구 학장로317번길 20 (주례동)","","신한E/L(주)","19700101000000","I","2018-08-31 23:59:59.0","","382041.353706182","185129.974185384","유지관리","","50000000","100,000,000","100","1","","","","3","12","","7","2","","","",
"163","승강기유지관리업체","11_48_01_P","6260000","626000000036","19930830","","04","취소/말소/만료/정지/중지","5","등록취소","","","","","0513147404","","617020","부산광역시 사상구 학장동   272번지 7호","부산광역시 사상구 학감대로 181 (학장동)","","대협기전","19700101000000","I","2018-08-31 23:59:59.0","","381087.362763505","184937.368874688","유지관리","","150000000","539,000,000","100","1","","","","2","11","6","","3","","","",
"164","승강기유지관리업체","11_48_01_P","6260000","626000000046","19950414","","04","취소/말소/만료/정지/중지","5","등록취소","","","","","","","618300","부산광역시 강서구 강동동   29번지 162호","부산광역시 강서구 낙동북로125번길 6-3 (강동동)","","영남E/L","19700101000000","I","2018-08-31 23:59:59.0","","376861.77868226","192546.994605495","유지관리","","30000000","30,000,000","100","1","","","","1","19","4","13","1","","","",
"165","승강기유지관리업체","11_48_01_P","6260000","626000000015","19930111","","04","취소/말소/만료/정지/중지","5","등록취소","","","","","","","611085","부산광역시 연제구 연산5동   705번지 15호","부산광역시 연제구 중앙대로1066번길 11 (연산동)","","중앙엔지니어링","19700101000000","I","2018-08-31 23:59:59.0","","389411.330473308","189056.978156564","유지관리","","20000000","40,000,000","100","1","","","","1","13","4","7","1","","","",
