"번호","개방서비스명","개방서비스아이디","개방자치단체코드","관리번호","인허가일자","인허가취소일자","영업상태구분코드","영업상태명","상세영업상태코드","상세영업상태명","폐업일자","휴업시작일자","휴업종료일자","재개업일자","소재지전화","소재지면적","소재지우편번호","소재지전체주소","도로명전체주소","도로명우편번호","사업장명","최종수정시점","데이터갱신구분","데이터갱신일자","업태구분명","좌표정보(x)","좌표정보(y)","설비규격",
"1","용기냉동기특정설비","07_22_16_P","3260000","2007326006616500001","19930504","","01","영업/정상","01","영업중","","","","","","","","부산광역시 서구 남부민동 694","부산광역시 서구 등대로 122-20 (남부민동)","","(주)삼정이엠씨","20180206105251","I","2018-08-31 23:59:59.0","","384659.382264638","178129.57394293","",
"2","용기냉동기특정설비","07_22_16_P","3260000","2009326006616500001","20090602","","01","영업/정상","01","영업중","","","","","","","","부산광역시 서구 남부민동 694","부산광역시 서구 등대로 122-20 (남부민동)","","(주)삼정이엠씨","20180206112102","I","2018-08-31 23:59:59.0","","384659.382264638","178129.57394293","",
"3","용기냉동기특정설비","07_22_16_P","3280000","1988328007016500001","19880211","","01","영업/정상","01","영업중","","","","","","","","부산광역시 영도구 남항동2가 78","부산광역시 영도구 남항로10번길 11 (남항동2가)","","청강냉동공업(주)","20111030145746","I","2018-08-31 23:59:59.0","","385736.00461012","178578.719129197","",
"4","용기냉동기특정설비","07_22_16_P","3280000","1974328007016500001","19740217","","01","영업/정상","01","영업중","","","","","","","","부산광역시 영도구 남항동2가 28-2","부산광역시 영도구 남항서로104번길 2 (남항동2가)","","대동철공소","20131227192417","I","2018-08-31 23:59:59.0","","385663.360826982","178613.649112881","",
"5","용기냉동기특정설비","07_22_16_P","3280000","1978328007016500001","19780727","","01","영업/정상","01","영업중","","","","","","","","부산광역시 영도구 남항동2가 65-28","부산광역시 영도구 남항서로92번길 38 (남항동2가)","","창완냉동공업(주)","20131231141340","I","2018-08-31 23:59:59.0","","385806.243984601","178455.016867997","",
"6","용기냉동기특정설비","07_22_16_P","3280000","1987328007016500001","19870218","","03","폐업","03","폐업","20110304","","","","","","","부산광역시 영도구 남항동1가 21","부산광역시 영도구 남항서로 115  (남항동1가)","","(주)동우냉동","20110304092540","I","2018-08-31 23:59:59.0","","385684.058179344","178742.872856919","",
"7","용기냉동기특정설비","07_22_16_P","3340000","2018334008016500002","20181129","","01","영업/정상","01","영업중","","","","","","","","부산광역시 사하구 장림동 906-9","","","섬진피에이치텍 주식회사","20190110164625","U","2019-01-12 02:40:00.0","","378901.489193228","176633.44241033","",
"8","용기냉동기특정설비","07_22_16_P","3340000","2016334008016500004","20161026","","01","영업/정상","01","영업중","","","","","","","","부산광역시 사하구 다대동 1518-3","부산광역시 사하구 다산로78번길 26 (다대동)","49498","(주)쿨 뱅크 이엔지","20191025124217","U","2019-10-27 02:40:00.0","","378752.598453432","175318.542002026","",
"9","용기냉동기특정설비","07_22_16_P","3340000","2016334008016500005","20161026","","01","영업/정상","01","영업중","","","","","","","","부산광역시 사하구 다대동 1518-3","부산광역시 사하구 다산로78번길 26 (다대동)","49498","(주)쿨 뱅크 이엔지","20191025124157","U","2019-10-27 02:40:00.0","","378752.598453432","175318.542002026","",
"10","용기냉동기특정설비","07_22_16_P","3340000","2019334008016500001","20190703","","01","영업/정상","01","영업중","","","","","","","","부산광역시 사하구 다대동 1522-9","","","케이엠씨(주)","20191025115011","U","2019-10-27 02:40:00.0","","378741.195198325","174642.251519806","",
"11","용기냉동기특정설비","07_22_16_P","3340000","2019334008016500002","20191205","","01","영업/정상","01","영업중","","","","","","","","부산광역시 사하구 장림동 347-1","","","모리엘테크원(주)","20200110114934","U","2020-01-12 02:40:00.0","","379955.854729","177227.101871191","",
"12","용기냉동기특정설비","07_22_16_P","3340000","2019334008016500003","20191205","","01","영업/정상","01","영업중","","","","","","","","부산광역시 사하구 장림동 347-1","","","모리엘테크원(주)","20200110115233","U","2020-01-12 02:40:00.0","","379955.854729","177227.101871191","",
"13","용기냉동기특정설비","07_22_16_P","3340000","2022334013116500001","20220310","","01","영업/정상","01","영업중","","","","","","","","부산광역시 사하구 감천동 695","부산광역시 사하구 을숙도대로873번길 10 (감천동)","49445","주식회사 엔피알티","20220315143005","I","2022-03-17 00:22:35.0","","382131.548766916","178479.884923608","",
"14","용기냉동기특정설비","07_22_16_P","3340000","2011334006616500001","20110411","","01","영업/정상","01","영업중","","","","","","","","부산광역시 사하구 장림동 1110-3","부산광역시 사하구 하신중앙로 37 (장림동)","","비케이티부경테크(주)","20120104182819","I","2018-08-31 23:59:59.0","","379082.449867807","177682.334808969","",
"15","용기냉동기특정설비","07_22_16_P","3340000","2013334008016500003","20131007","","01","영업/정상","01","영업중","","","","","","","","부산광역시 사하구 다대동 1509-1","부산광역시 사하구 다산로 154 (다대동)","","(주)대생엔지니어링","20140312145818","I","2018-08-31 23:59:59.0","","378463.200991698","175924.423208741","",
"16","용기냉동기특정설비","07_22_16_P","3340000","2021334013116500003","20211022","","01","영업/정상","01","영업중","","","","","","","","부산광역시 사하구 구평동 377-1","","","(주)태현이엔지","20211104171846","U","2021-11-06 02:40:00.0","","381553.171940078","176829.219380904","",
"17","용기냉동기특정설비","07_22_16_P","3340000","1982334008016500001","19820821","","01","영업/정상","01","영업중","","","","","","","","부산광역시 사하구 신평동 370-126","부산광역시 사하구 을숙도대로569번길 37 (신평동)","","(주)명성알앤티","20120306174204","I","2018-08-31 23:59:59.0","","379238.44636083","178414.936578331","",
"18","용기냉동기특정설비","07_22_16_P","3340000","2014334008016500003","20141205","","01","영업/정상","01","영업중","","","","","","","","부산광역시 사하구 장림동 935-1","","","레프코리아","20150114090719","I","2018-08-31 23:59:59.0","","378863.88303838","176684.89188107","",
"19","용기냉동기특정설비","07_22_16_P","3340000","2014334008016500004","20141205","","01","영업/정상","01","영업중","","","","","","","","부산광역시 사하구 장림동 935-1","","","레프코리아","20150309170001","I","2018-08-31 23:59:59.0","","378863.88303838","176684.89188107","",
"20","용기냉동기특정설비","07_22_16_P","3340000","2016334008016500003","20160513","","01","영업/정상","01","영업중","","","","","","","","부산광역시 사하구 다대동 1515-3","부산광역시 사하구 다산로53번길 49 (다대동)","","(주)동강금속","20170124181908","I","2018-08-31 23:59:59.0","","378413.574560936","175266.882245717","",
"21","용기냉동기특정설비","07_22_16_P","3340000","2018334008016500001","20180614","","01","영업/정상","01","영업중","","","","","","","","부산광역시 사하구 구평동 388-1","","","탱크테크(주)","20181206143815","U","2018-12-08 02:40:00.0","","381749.525652756","176835.185344088","",
"22","용기냉동기특정설비","07_22_16_P","3340000","2010334006616500002","20101004","","01","영업/정상","01","영업중","","","","20160405","","","","부산광역시 사하구 다대동 1517-1","","","(주)코밸","20160405183254","I","2018-08-31 23:59:59.0","","378627.693913196","175336.448679095","",
"23","용기냉동기특정설비","07_22_16_P","3340000","2011334006616500002","20110411","","01","영업/정상","01","영업중","","","","","","","","부산광역시 사하구 장림동 1110-3","부산광역시 사하구 하신중앙로 37  (장림동)","","비케이티부경테크(주)","20120104182850","I","2018-08-31 23:59:59.0","","379082.449867807","177682.334808969","",
"24","용기냉동기특정설비","07_22_16_P","3340000","2007334006616500040","20011108","","01","영업/정상","01","영업중","","","","","","","","부산광역시 사하구 다대동 1511-1","부산광역시 사하구 홍티로 103  (다대동)","","부영씨에스티(주)","20070801133131","I","2018-08-31 23:59:59.0","","378689.680948359","175608.897194753","",
"25","용기냉동기특정설비","07_22_16_P","3340000","2012334008016500002","20120709","","01","영업/정상","01","영업중","","","","","","","","부산광역시 사하구 다대동 370-6","부산광역시 사하구 다대로605번길 66 (다대동)","","(주)대웅씨티","20120710100921","I","2018-08-31 23:59:59.0","","380149.478703416","174282.637515014","",
"26","용기냉동기특정설비","07_22_16_P","3340000","2013334008016500002","20131007","","01","영업/정상","01","영업중","","","","","","","","부산광역시 사하구 다대동 1509-1","부산광역시 사하구 다산로 154 (다대동)","","대생엔지니어링","20140312145748","I","2018-08-31 23:59:59.0","","378463.200991698","175924.423208741","",
"27","용기냉동기특정설비","07_22_16_P","3340000","2021334013116500001","20210406","","01","영업/정상","01","영업중","","","","","","","","부산광역시 사하구 장림동 478 E동","","","태양냉동","20210514173516","U","2021-05-16 02:40:00.0","","380115.93963671","176286.917498111","",
"28","용기냉동기특정설비","07_22_16_P","3340000","2021334013116500002","20210406","","01","영업/정상","01","영업중","","","","","","","","부산광역시 사하구 장림동 478","","","태양냉동","20210514173605","U","2021-05-16 02:40:00.0","","380115.93963671","176286.917498111","",
"29","용기냉동기특정설비","07_22_16_P","3340000","2001334006616500036","20010314","","01","영업/정상","01","영업중","","","","","","","","부산광역시 사하구 신평동 497","","","(주)엔케이","20140310190530","I","2018-08-31 23:59:59.0","","379599.390721702","178463.569747862","",
"30","용기냉동기특정설비","07_22_16_P","3340000","2004334006616500001","20040720","","01","영업/정상","01","영업중","","","","","","","","부산광역시 사하구 장림동 1089","부산광역시 사하구 다산로 254  (장림동)","","삼오공사","20090210163452","I","2018-08-31 23:59:59.0","","378230.386696257","176906.692043393","",
"31","용기냉동기특정설비","07_22_16_P","3340000","1989334006616500001","19890213","","01","영업/정상","01","영업중","","","","","","","","부산광역시 사하구 신평동 496","","","(주)엔케이","20140310190812","I","2018-08-31 23:59:59.0","","379558.538631907","178464.464290082","",
"32","용기냉동기특정설비","07_22_16_P","3340000","1998334006616500002","19880113","","03","폐업","03","폐업","20150619","","","","","","","부산광역시 사하구 장림동 405","","","해성엔지니어링","20150619175123","I","2018-08-31 23:59:59.0","","380009.221673145","176819.819358184","",
"33","용기냉동기특정설비","07_22_16_P","3340000","2016334008016500001","20160222","","03","폐업","03","폐업","20170918","","","","","","","부산광역시 사하구 다대동 1522-4","","","(주)티알에스","20170918173828","I","2018-08-31 23:59:59.0","","378746.162224626","174668.007348611","",
"34","용기냉동기특정설비","07_22_16_P","3340000","2016334008016500002","20160222","","03","폐업","03","폐업","20170918","","","","","","","부산광역시 사하구 다대동 1522-4","","","(주)티알에스","20170918173739","I","2018-08-31 23:59:59.0","","378746.162224626","174668.007348611","",
"35","용기냉동기특정설비","07_22_16_P","3340000","2011334008016500003","20111116","","03","폐업","03","폐업","20161228","","","","","","","부산광역시 사하구 장림동 463-7","","","(주)파워닉스","20161228180653","I","2018-08-31 23:59:59.0","","379985.494794219","176470.445683076","",
"36","용기냉동기특정설비","07_22_16_P","3340000","2008334006616500001","20080821","","03","폐업","03","폐업","20100202","","","","","","","부산광역시 사하구 장림동 986-5","부산광역시 사하구 하신중앙로3번가길 64  (장림동)","","대성엔지니어링","20100201164216","I","2018-08-31 23:59:59.0","","378653.874986226","177228.520946487","",
"37","용기냉동기특정설비","07_22_16_P","3340000","2008334006616500002","20081010","","03","폐업","03","폐업","20170801","","","","","","","부산광역시 사하구 장림동 906-9","","","섬진피에이치텍(주)","20170801174850","I","2018-08-31 23:59:59.0","","378901.489193228","176633.44241033","",
"38","용기냉동기특정설비","07_22_16_P","3340000","2010334006616500001","20100818","","03","폐업","03","폐업","20110819","","","","","","","부산광역시 사하구 장림동 460-3","부산광역시 사하구 다대로354번길 72  (장림동)","","(주)대원엠텍","20110819155824","I","2018-08-31 23:59:59.0","","379960.120336187","176413.459003154","",
"39","용기냉동기특정설비","07_22_16_P","3340000","2011334008016500001","20110829","","03","폐업","03","폐업","20180731","","","","","","","부산광역시 사하구 다대동 1503-6","부산광역시 사하구 다산로 174 (다대동)","","㈜코렘덕신다대지점","20180308163823","I","2018-08-31 23:59:59.0","","378418.235507376","176163.16386741","",
"40","용기냉동기특정설비","07_22_16_P","3340000","2007334006616500001","20090525","","03","폐업","03","폐업","20130116","","","","","","","부산광역시 사하구 장림동 350-1","부산광역시 사하구 장평로132번길 10 (장림동)","","세명히트보일러","20190702161431","U","2019-07-04 02:40:00.0","","379957.185310497","177133.358440259","",
"41","용기냉동기특정설비","07_22_16_P","3340000","2007334006616500002","20070320","","03","폐업","03","폐업","20130116","","","","","","","부산광역시 사하구 장림동 350-1","부산광역시 사하구 장평로132번길 10 (장림동)","","(주)세명히트보일러","20190702161359","U","2019-07-04 02:40:00.0","","379957.185310497","177133.358440259","",
"42","용기냉동기특정설비","07_22_16_P","3340000","2011334006616500003","20110519","","03","폐업","03","폐업","20130809","","","","","","","부산광역시 사하구 신평동 648-2","부산광역시 사하구 신산로29번길 51 (신평동)","","진광기공(주)","20190702162044","U","2019-07-04 02:40:00.0","","378506.365937563","179068.473909771","",
"43","용기냉동기특정설비","07_22_16_P","3340000","2007334006616500041","20071024","","03","폐업","03","폐업","20171231","","","","","","","부산광역시 사하구 신평동 654-1","부산광역시 사하구 신산로13번길 13 (신평동)","","에스엠이해인(주)","20180308164335","I","2018-08-31 23:59:59.0","","378306.745426226","178719.071112096","",
"44","용기냉동기특정설비","07_22_16_P","3340000","2007334006616500042","20071024","","03","폐업","03","폐업","20171231","","","","","","","부산광역시 사하구 신평동 654-1","부산광역시 사하구 신산로13번길 13 (신평동)","","해인산업(주)","20180308163624","I","2018-08-31 23:59:59.0","","378306.745426226","178719.071112096","",
"45","용기냉동기특정설비","07_22_16_P","3340000","2011334008016500002","20110829","","03","폐업","03","폐업","20170731","","","","","","","부산광역시 사하구 다대동 1503-6","부산광역시 사하구 다산로 174 (다대동)","","㈜코렘덕신다대지점","20180309132544","I","2018-08-31 23:59:59.0","","378418.235507376","176163.16386741","",
"46","용기냉동기특정설비","07_22_16_P","3340000","2012334008016500001","20120118","","03","폐업","03","폐업","20160621","","","","","","","부산광역시 사하구 장림동 198-1","","","대성REF","20160621181542","I","2018-08-31 23:59:59.0","","379902.072799777","177686.007653493","",
"47","용기냉동기특정설비","07_22_16_P","3340000","2014334008016500001","20140411","","03","폐업","03","폐업","20180411","","","","","","","부산광역시 사하구 장림동 461","","","(주)모리엘","20180411152813","I","2018-08-31 23:59:59.0","","379929.938436779","176377.909373057","",
"48","용기냉동기특정설비","07_22_16_P","3340000","2007334006616500043","20071224","","03","폐업","03","폐업","20081117","","","","","","","부산광역시 사하구 장림동 538-8","부산광역시 사하구 장평로41번길 25  (장림동)","","주식회사 영진에이텍","20081117105700","I","2018-08-31 23:59:59.0","","379749.152234102","176285.408932448","",
"49","용기냉동기특정설비","07_22_16_P","3340000","2007334006616500044","20071224","","03","폐업","03","폐업","20081117","","","","","","","부산광역시 사하구 장림동 538-8","부산광역시 사하구 장평로41번길 25  (장림동)","","주식회사 영진에이텍","20081117105852","I","2018-08-31 23:59:59.0","","379749.152234102","176285.408932448","",
"50","용기냉동기특정설비","07_22_16_P","3340000","2014334008016500002","20140411","","03","폐업","03","폐업","20180411","","","","","","","부산광역시 사하구 장림동 461","","","(주)모리엘","20180411153105","I","2018-08-31 23:59:59.0","","379929.938436779","176377.909373057","",
"51","용기냉동기특정설비","07_22_16_P","3340000","1998334006616500001","19980907","","03","폐업","03","폐업","20090507","","","","","","","부산광역시 사하구 장림동 198-1","부산광역시 사하구 장림로 234  (장림동)","","(주)대형엔지니어링","20090507091824","I","2018-08-31 23:59:59.0","","379902.072799777","177686.007653493","",
"52","용기냉동기특정설비","07_22_16_P","3340000","2001334008016500002","20010414","","03","폐업","03","폐업","20131002","","","","","","","부산광역시 사하구 다대동 1500-8","부산광역시 사하구 다산로175번길 29  (다대동)","","대생엔지니어링","20131002162310","I","2018-08-31 23:59:59.0","","378188.450708191","176227.011144773","",
"53","용기냉동기특정설비","07_22_16_P","3340000","2001334008016500003","20010926","","03","폐업","03","폐업","20180312","","","","","","","부산광역시 사하구 구평동 253-1","부산광역시 사하구 감천항로176번길 29 (구평동)","49460","(주)에이알","20180319173125","I","2018-08-31 23:59:59.0","","381358.066051233","177325.357971781","",
"54","용기냉동기특정설비","07_22_16_P","3340000","1993334006616500020","19930716","","03","폐업","03","폐업","20071214","","","","","","","부산광역시 사하구 다대동 1506-8","부산광역시 사하구 홍티로 123  (다대동)","","천우산업(주)","20071214104751","I","2018-08-31 23:59:59.0","","378640.601536762","175821.315519536","",
"55","용기냉동기특정설비","07_22_16_P","3340000","1994334006616500002","19940217","","03","폐업","03","폐업","20090429","","","","","","","부산광역시 사하구 다대동 1506-8","부산광역시 사하구 홍티로 123  (다대동)","","천우산업(주)","20090429141401","I","2018-08-31 23:59:59.0","","378640.601536762","175821.315519536","",
"56","용기냉동기특정설비","07_22_16_P","3340000","1994334006616500005","19940825","","03","폐업","03","폐업","20180905","","","","","","","부산광역시 사하구 신평동 499","","","(주)엔케이 신평지점","20180905142441","U","2018-09-05 23:59:59.0","","379714.875504093","178461.019770821","",
"57","용기냉동기특정설비","07_22_16_P","3350000","2020335011216500001","20200121","","01","영업/정상","01","영업중","","","","","","","","부산광역시 금정구 회동동 168-1 1동","","","㈜우덕","20200226151735","U","2020-02-28 02:40:00.0","","393091.729679323","194381.430605167","",
"58","용기냉동기특정설비","07_22_16_P","3350000","2020335011216500002","20200121","","01","영업/정상","01","영업중","","","","","","","","부산광역시 금정구 회동동 168-1 1동","","","㈜우덕","20200226151634","U","2020-02-28 02:40:00.0","","393091.729679323","194381.430605167","",
"59","용기냉동기특정설비","07_22_16_P","3350000","2014335008716500003","20140714","","01","영업/정상","01","영업중","","","","20140918","","","","부산광역시 금정구 회동동 148-13","부산광역시 금정구 동천로7번길 62-22 (회동동)","","제이에프씨(주)","20151104111151","I","2018-08-31 23:59:59.0","","393269.486536709","194218.756658602","",
"60","용기냉동기특정설비","07_22_16_P","3350000","2009335008016500001","20091130","","03","폐업","03","폐업","20100730","","","","","","","부산광역시 금정구 금사동 73-16","","","(주)에너지테크","20100730094602","I","2018-08-31 23:59:59.0","","392185.428533059","193085.543148617","",
"61","용기냉동기특정설비","07_22_16_P","3350000","2011335008516500001","20110318","","03","폐업","03","폐업","20110318","","","","","","","부산광역시 금정구 회동동 209-5","부산광역시 금정구 금사로 166 (회동동)","","한일산업사","20190516170019","U","2019-05-18 02:40:00.0","","392659.747541042","193879.793837392","",
"62","용기냉동기특정설비","07_22_16_P","3360000","2009336008216500005","20090916","","01","영업/정상","01","영업중","","","","","","","","부산광역시 강서구 화전동 592-9","부산광역시 강서구 화전산단6로32번길 17 (화전동)","","(주)엔에스브이","20170725102612","I","2018-08-31 23:59:59.0","","371796.724311312","179544.343530331","",
"63","용기냉동기특정설비","07_22_16_P","3360000","2009336008216500003","20090406","","01","영업/정상","01","영업중","","","","","","","","부산광역시 강서구 송정동 1575-6","부산광역시 강서구 녹산산단261로 7 (송정동)","","(주)동화엔텍","20220502132958","U","2022-05-04 02:40:00.0","","368087.753125971","178283.501611121","",
"64","용기냉동기특정설비","07_22_16_P","3360000","2012336010516500014","20120817","","01","영업/정상","01","영업중","","","","","","","","부산광역시 강서구 대저1동 1771 -1호","부산광역시 강서구 평강로229번길 112-26 (대저1동)","","태웅이엔지","20150504134403","I","2018-08-31 23:59:59.0","","376942.914556976","191758.984001135","",
"65","용기냉동기특정설비","07_22_16_P","3360000","2009336008216500006","20090916","","01","영업/정상","01","영업중","","","","","","","","부산광역시 강서구 강동동 2289-1","부산광역시 강서구 상덕로119번길 68-20 (강동동)","","(주)에프엔지","20200608141730","U","2020-06-10 02:40:00.0","","374585.654047477","189916.074251861","",
"66","용기냉동기특정설비","07_22_16_P","3360000","2009336008216500007","20090928","","01","영업/정상","01","영업중","","","","","","","","부산광역시 강서구 지사동 1202-4","부산광역시 강서구 과학산단로369번길 33  (지사동)","","(주)에이킨스","20120518141941","I","2018-08-31 23:59:59.0","","366697.569824759","184579.616079451","",
"67","용기냉동기특정설비","07_22_16_P","3360000","2012336010516500015","20120912","","01","영업/정상","01","영업중","","","","","","","","부산광역시 강서구 대저2동 3885-1","부산광역시 강서구 금호순서길89번길 24-16 (대저2동)","","(주)이지플러스원","20120912091048","I","2018-08-31 23:59:59.0","","377930.03316842","186354.614478863","",
"68","용기냉동기특정설비","07_22_16_P","3360000","2012336010516500016","20120912","","01","영업/정상","01","영업중","","","","","","","","부산광역시 강서구 대저2동 3885-1","부산광역시 강서구 금호순서길89번길 24-16 (대저2동)","","(주)이지플러스원","20120912092857","I","2018-08-31 23:59:59.0","","377930.03316842","186354.614478863","",
"69","용기냉동기특정설비","07_22_16_P","3360000","2015336013616500008","20150921","","01","영업/정상","01","영업중","","","","20180919","","","","부산광역시 강서구 화전동 579-8","부산광역시 강서구 화전산단3로 32 (화전동)","46739","한화솔루션(주) 부산사업장","20220512143722","U","2022-05-14 02:40:00.0","","370980.505870352","180303.326223384","",
"70","용기냉동기특정설비","07_22_16_P","3360000","2015336013616500005","20150623","","01","영업/정상","01","영업중","","","","20170221","","","","부산광역시 강서구 대저1동 498-67","부산광역시 강서구 대저중앙로286번길 105 (대저1동)","","(주)썬프리시즌","20170221181848","I","2018-08-31 23:59:59.0","","380424.987939904","193008.610289978","",
"71","용기냉동기특정설비","07_22_16_P","3360000","2015336013616500006","20150625","","01","영업/정상","01","영업중","","","","","","","","부산광역시 강서구 구랑동 1226-2","부산광역시 강서구 미음산단1로15번길 39 (구랑동)","","(주)해성이엔티","20150625114046","I","2018-08-31 23:59:59.0","","369486.640427478","182605.781589855","",
"72","용기냉동기특정설비","07_22_16_P","3360000","2018336014516500006","20181105","","01","영업/정상","01","영업중","","","","20191029","","","","부산광역시 강서구 강동동 253-2","","","(주)엔에스티이","20191122171052","U","2019-11-24 02:40:00.0","","375735.541579619","192778.426969644","",
"73","용기냉동기특정설비","07_22_16_P","3360000","2022336014516500004","20220421","","01","영업/정상","01","영업중","","","","","","","","부산광역시 강서구 미음동 1552-7 (주)와우메탈","","","(주)템코","20220612150808","U","2022-06-14 02:40:00.0","","369230.195213531","185669.551909565","",
"74","용기냉동기특정설비","07_22_16_P","3360000","2019336014516500001","20190307","","01","영업/정상","01","영업중","","","","","","","","부산광역시 강서구 화전동 595-7 (주)성일엔케어","","","(주)성일엔케어","20191122171038","U","2019-11-24 02:40:00.0","","371534.40659044","179356.248775055","",
"75","용기냉동기특정설비","07_22_16_P","3360000","2019336014516500002","20190410","","01","영업/정상","01","영업중","","","","","","","","부산광역시 강서구 송정동 1629-14","부산광역시 강서구 녹산산단361로 27 (송정동)","46754","한선엔지니어링(주)","20191122171016","U","2019-11-24 02:40:00.0","","369229.83895574","178511.027248325","",
"76","용기냉동기특정설비","07_22_16_P","3360000","2019336014516500003","20190514","","01","영업/정상","01","영업중","","","","","","","","부산광역시 강서구 범방동 1911-2","","","코리아토탈 엔지니어링(주)","20200103162836","U","2020-01-05 02:40:00.0","","371205.168434995","184506.761289787","",
"77","용기냉동기특정설비","07_22_16_P","3360000","2019336014516500005","20190717","","01","영업/정상","01","영업중","","","","","","","","부산광역시 강서구 미음동 1552-12","","","(주)런텍","20191122170332","U","2019-11-24 02:40:00.0","","369286.18587708","185440.043904451","",
"78","용기냉동기특정설비","07_22_16_P","3360000","2019336014516500006","20190816","","01","영업/정상","01","영업중","","","","","","","","부산광역시 강서구 송정동 1478-2","부산광역시 강서구 녹산산단17로 20 (송정동)","46751","기성금속주식회사","20191122170318","U","2019-11-24 02:40:00.0","","366283.763436367","179237.960189699","",
"79","용기냉동기특정설비","07_22_16_P","3360000","2019336014516500007","20190909","","01","영업/정상","01","영업중","","","","","","","","부산광역시 강서구 화전동 586-8","부산광역시 강서구 화전산단6로90번길 19 (화전동)","46738","(주)대림기공 2공장","20191122170302","U","2019-11-24 02:40:00.0","","371812.492690379","180096.892153684","",
"80","용기냉동기특정설비","07_22_16_P","3360000","2022336014516500002","20220405","","01","영업/정상","01","영업중","","","","","","","","부산광역시 강서구 송정동 1583-3","","","정우이앤이(주)","20220512164631","U","2022-05-14 02:40:00.0","","368456.163256496","178914.98065626","",
"81","용기냉동기특정설비","07_22_16_P","3360000","2022336014516500003","20220405","","01","영업/정상","01","영업중","","","","","","","","부산광역시 강서구 송정동 1583-3","","","정우이앤이(주)","20220512164717","U","2022-05-14 02:40:00.0","","368456.163256496","178914.98065626","",
"82","용기냉동기특정설비","07_22_16_P","3360000","2003336006916500015","20030513","","01","영업/정상","01","영업중","","","","20151119","","","","부산광역시 강서구 송정동 1644-4","","","신라이앤티(주)","20151119172954","I","2018-08-31 23:59:59.0","","369680.017051967","178971.981021151","",
"83","용기냉동기특정설비","07_22_16_P","3360000","2005336006916500003","20050708","","01","영업/정상","01","영업중","","","","","","","","부산광역시 강서구 화전동 594-1","부산광역시 강서구 화전산단1로 155 (화전동)","","(주)크리오스","20160712105920","I","2018-08-31 23:59:59.0","","371800.38350847","179167.833899393","",
"84","용기냉동기특정설비","07_22_16_P","3360000","2021336014516500005","20211222","","01","영업/정상","01","영업중","","","","","","","","부산광역시 강서구 구랑동 1226-5 큐알피테크","부산광역시 강서구 미음산단1로15번길 53, 큐알피테크 (구랑동)","46730","큐알피테크","20211222144236","I","2021-12-24 00:22:42.0","","369553.457016497","182507.200006196","",
"85","용기냉동기특정설비","07_22_16_P","3360000","2020336014516500002","20200407","","01","영업/정상","01","영업중","","","","","","","","부산광역시 강서구 화전동 579-8","","","태광후지킨 주식회사","20201204101346","U","2020-12-06 02:40:00.0","","370980.505870352","180303.326223384","",
"86","용기냉동기특정설비","07_22_16_P","3360000","2021336014516500003","20211203","","01","영업/정상","01","영업중","","","","","","","","부산광역시 강서구 생곡동 1585-7","","","(주)앤써","20220111172610","U","2022-01-13 02:40:00.0","","371699.057158189","183675.664579393","",
"87","용기냉동기특정설비","07_22_16_P","3360000","2021336014516500004","20211203","","01","영업/정상","01","영업중","","","","","","","","부산광역시 강서구 생곡동 1585-7","","","(주)앤써","20220111172705","U","2022-01-13 02:40:00.0","","371699.057158189","183675.664579393","",
"88","용기냉동기특정설비","07_22_16_P","3360000","2020336014516500004","20200827","","01","영업/정상","01","영업중","","","","","","","","부산광역시 강서구 송정동 1471-1","부산광역시 강서구 녹산산단17로78번길 33 (송정동)","46751","(주)다스코","20201204101322","U","2020-12-06 02:40:00.0","","366744.575546669","179425.09069858","",
"89","용기냉동기특정설비","07_22_16_P","3360000","2020336014516500005","20201026","","01","영업/정상","01","영업중","","","","","","","","부산광역시 강서구 화전동 580-6","","","(주)대웅이티","20220126202219","U","2022-01-28 02:40:00.0","","371567.679570187","180363.373699098","",
"90","용기냉동기특정설비","07_22_16_P","3360000","2021336014516500001","20210223","","01","영업/정상","01","영업중","","","","","","","","부산광역시 강서구 구랑동 1194-1 (주)디엠","부산광역시 강서구 미음산단로92번길 6 (주)디엠 (구랑동)","46748","(주)디엠","20211020103553","U","2021-10-22 02:40:00.0","","369052.083074065","183142.514963072","",
"91","용기냉동기특정설비","07_22_16_P","3360000","2021336014516500002","20210406","","01","영업/정상","01","영업중","","","","","","","","부산광역시 강서구 죽림동 461-1","","","(주)세종기술","20210503184526","U","2021-05-05 02:40:00.0","","372937.401595657","190538.925388997","",
"92","용기냉동기특정설비","07_22_16_P","3360000","2000336006916500002","20071220","","01","영업/정상","01","영업중","","","","","","","","부산광역시 강서구 대저1동 1639-4","부산광역시 강서구 낙동북로219번길 35  (대저1동)","","강서열기공업","20120620115412","I","2018-08-31 23:59:59.0","","377609.640682562","192390.756984964","",
"93","용기냉동기특정설비","07_22_16_P","3360000","2004336006916500001","20040702","","01","영업/정상","01","영업중","","","","","","","","부산광역시 강서구 송정동 1464-1","부산광역시 강서구 녹산산단17로 113 (송정동)","","(주)에테르씨티","20220523154045","U","2022-05-25 02:40:00.0","","366955.288703522","179594.403228364","",
"94","용기냉동기특정설비","07_22_16_P","3360000","2001336006916500011","20011217","","01","영업/정상","01","영업중","","","","","","","","부산광역시 강서구 송정동 1573-1","부산광역시 강서구 녹산산단231로 20  (송정동)","","(주)태화인더스트리","20120518145736","I","2018-08-31 23:59:59.0","","368022.739699587","178403.526986219","",
"95","용기냉동기특정설비","07_22_16_P","3360000","2005336013616500004","20051006","","01","영업/정상","01","영업중","","","","","","","","부산광역시 강서구 송정동 1608-2","부산광역시 강서구 녹산산업중로 286 (송정동)","","(주)와이에스피이","20160524175025","I","2018-08-31 23:59:59.0","","368719.780973071","178668.838095129","",
"96","용기냉동기특정설비","07_22_16_P","3360000","2004336006916500003","20040728","","01","영업/정상","01","영업중","","","","","","","","부산광역시 강서구 송정동 1464-1","부산광역시 강서구 녹산산단17로 113 (송정동)","","(주)에테르씨티","20220523154153","U","2022-05-25 02:40:00.0","","366955.288703522","179594.403228364","",
"97","용기냉동기특정설비","07_22_16_P","3360000","2006336006916500004","20061226","","01","영업/정상","01","영업중","","","","","","","","부산광역시 강서구 송정동 1579-1","부산광역시 강서구 녹산산단261로88번길 7 (송정동)","","태광후지킨(주)","20170608103112","I","2018-08-31 23:59:59.0","","368310.413765053","179134.839092699","",
"98","용기냉동기특정설비","07_22_16_P","3360000","2007336006916500000","20010710","","01","영업/정상","01","영업중","","","","","","","","부산광역시 강서구 송정동 1478-1","부산광역시 강서구 녹산산업중로 22 (송정동)","","영도산업(주)","20190322121415","U","2019-03-24 02:40:00.0","","366339.309102189","179329.067270307","",
"99","용기냉동기특정설비","07_22_16_P","3360000","2018336014516500005","20181030","","01","영업/정상","01","영업중","","","","","","","","부산광역시 강서구 송정동 1601-4","부산광역시 강서구 녹산산단261로74번길 41, B동 1호 (송정동)","46754","(주)로커스","20191122171103","U","2019-11-24 02:40:00.0","","368725.685782611","179026.784851037","",
"100","용기냉동기특정설비","07_22_16_P","3360000","2007336006916500005","20071112","","01","영업/정상","01","영업중","","","","","","","","부산광역시 강서구 송정동 1579-1","부산광역시 강서구 녹산산단261로88번길 7 (송정동)","","태광후지킨(주)","20140401153130","I","2018-08-31 23:59:59.0","","368310.413765053","179134.839092699","",
"101","용기냉동기특정설비","07_22_16_P","3360000","2009336008216500008","20091105","","01","영업/정상","01","영업중","","","","","","","","부산광역시 강서구 강동동 691-2","부산광역시 강서구 제도로1041번길 320 (강동동)","","(주)서흥테크","20170207140143","I","2018-08-31 23:59:59.0","","375060.829803766","192010.138424136","",
"102","용기냉동기특정설비","07_22_16_P","3360000","2009336008216500009","20091215","","01","영업/정상","01","영업중","","","","","","","","부산광역시 강서구 송정동 1610-4","부산광역시 강서구 녹산산단261로14번길 45-19 (송정동)","","(주)대림기공","20140318092710","I","2018-08-31 23:59:59.0","","368666.781287372","178535.480821967","",
"103","용기냉동기특정설비","07_22_16_P","3360000","2010336008216500008","20100713","","01","영업/정상","01","영업중","","","","","","","","부산광역시 강서구 송정동 1583-3","부산광역시 강서구 녹산산단261로74번길 20 (송정동)","","정우이앤이(주)","20170613135319","I","2018-08-31 23:59:59.0","","368456.163256496","178914.98065626","",
"104","용기냉동기특정설비","07_22_16_P","3360000","2011336009416500005","20110503","","01","영업/정상","01","영업중","","","","","","","","부산광역시 강서구 대저2동 2636-1","부산광역시 강서구 공항로743번길 13  (대저2동)","","주식회사 대하냉기","20120518141532","I","2018-08-31 23:59:59.0","","378385.494860586","187739.302840651","",
"105","용기냉동기특정설비","07_22_16_P","3360000","2007336013616500022","20070221","","01","영업/정상","01","영업중","","","","","","","","부산광역시 강서구 지사동 1172","부산광역시 강서구 과학산단로 502 (지사동)","","(주)이엔케이","20200219140119","U","2020-02-21 02:40:00.0","","365359.221940167","184943.706504707","",
"106","용기냉동기특정설비","07_22_16_P","3360000","2008336006916500002","20080225","","01","영업/정상","01","영업중","","","","","","","","부산광역시 강서구 미음동 1564-4","부산광역시 강서구 미음산단4로 33 (미음동)","","(주)마이텍","20150415151744","I","2018-08-31 23:59:59.0","","369228.073238774","185341.225792835","",
"107","용기냉동기특정설비","07_22_16_P","3360000","2008336006916500003","20080225","","01","영업/정상","01","영업중","","","","","","","","부산광역시 강서구 생곡동 1453-1","부산광역시 강서구 가리새2로 7 (생곡동)","","(주)앤써","20151222092114","I","2018-08-31 23:59:59.0","","371742","183682","",
"108","용기냉동기특정설비","07_22_16_P","3360000","2012336010516500007","20120503","","01","영업/정상","01","영업중","","","","","","","","부산광역시 강서구 봉림동 567-24","부산광역시 강서구 가락대로1397번길 103  (봉림동)","","(주)금천메카트로닉스","20120518105345","I","2018-08-31 23:59:59.0","","373001.276071244","189744.26553766","",
"109","용기냉동기특정설비","07_22_16_P","3360000","2010336008216500005","20100520","","01","영업/정상","01","영업중","","","","","","","","부산광역시 강서구 화전동 594-1","부산광역시 강서구 화전산단1로 155 (화전동)","","(주)크리오스","20190214114910","U","2019-02-16 02:40:00.0","","371800.38350847","179167.833899393","",
"110","용기냉동기특정설비","07_22_16_P","3360000","2010336008216500006","20100603","","01","영업/정상","01","영업중","","","","","","","","부산광역시 강서구 송정동 1458-3","부산광역시 강서구 녹산산업중로 31-11  (송정동)","","제이오플랜트","20120518135656","I","2018-08-31 23:59:59.0","","366439.465041604","179496.300519561","",
"111","용기냉동기특정설비","07_22_16_P","3360000","2010336008216500010","20101222","","01","영업/정상","01","영업중","","","","20220124","","","","부산광역시 강서구 미음동 1639-4","부산광역시 강서구 미음국제5로마길 41 (미음동)","46747","동아정밀산업","20220124143212","U","2022-01-26 02:40:00.0","","","","",
"112","용기냉동기특정설비","07_22_16_P","3360000","2011336009416500002","20110128","","01","영업/정상","01","영업중","","","","","","","","부산광역시 강서구 죽동동 477-4","부산광역시 강서구 호계로79번길 68 (죽동동)","46708","(주)템코","20220421145226","U","2022-04-23 02:40:00.0","","372070.771575275","190461.558005079","",
"113","용기냉동기특정설비","07_22_16_P","3360000","2011336010516500002","20111007","","01","영업/정상","01","영업중","","","","","","","","부산광역시 강서구 명지동 3154-5","부산광역시 강서구 제도로 42-14 (명지동)","","경운범양에너지(주)","20151209161351","I","2018-08-31 23:59:59.0","","374946.919546282","181628.400524805","",
"114","용기냉동기특정설비","07_22_16_P","3360000","2012336010516500001","20120105","","01","영업/정상","01","영업중","","","","","","","","부산광역시 강서구 녹산동 172-2","부산광역시 강서구 낙동남로622번길 62 (녹산동)","","하모열기술(주)","20140128115240","I","2018-08-31 23:59:59.0","","372152.193396918","180907.709920467","",
"115","용기냉동기특정설비","07_22_16_P","3360000","2012336010516500002","20120207","","01","영업/정상","01","영업중","","","","","","","","부산광역시 강서구 구랑동 1192-4","부산광역시 강서구 미음산단로8번길 75 (구랑동)","46748","(주)동화뉴텍","20191211102553","U","2019-12-13 02:40:00.0","","369261.832288596","183076.270080352","",
"116","용기냉동기특정설비","07_22_16_P","3360000","2008336008216500003","20081208","","01","영업/정상","01","영업중","","","","","","","","부산광역시 강서구 송정동 1467-1","부산광역시 강서구 녹산산단27로 97  (송정동)","","하이록코리아(주)","20120724110227","I","2018-08-31 23:59:59.0","","366982.868943196","179401.366585676","",
"117","용기냉동기특정설비","07_22_16_P","3360000","2008336008216500004","20081208","","01","영업/정상","01","영업중","","","","","","","","부산광역시 강서구 송정동 1467-1","부산광역시 강서구 녹산산단27로 97  (송정동)","","하이록코리아(주)","20120518151008","I","2018-08-31 23:59:59.0","","366982.868943196","179401.366585676","",
"118","용기냉동기특정설비","07_22_16_P","3360000","2010336008216500009","20100819","","01","영업/정상","01","영업중","","","","","","","","부산광역시 강서구 대저2동 5383-1","부산광역시 강서구 맥도길453번길 122-1  (대저2동)","","태성설비","20120518150624","I","2018-08-31 23:59:59.0","","376179.276518592","184309.738376903","",
"119","용기냉동기특정설비","07_22_16_P","3360000","2011336010516500001","20111007","","01","영업/정상","01","영업중","","","","","","","","부산광역시 강서구 명지동 3154-5","부산광역시 강서구 제도로 42-14 (명지동)","","경운범양에너지(주)","20151210111443","I","2018-08-31 23:59:59.0","","374946.919546282","181628.400524805","",
"120","용기냉동기특정설비","07_22_16_P","3360000","2011336010516500003","20111209","","01","영업/정상","01","영업중","","","","","","","","부산광역시 강서구 화전동 590-5 (주)와이엔브이","부산광역시 강서구 화전산단6로66번길 19 (화전동)","46741","(주)와이엔브이","20200106144601","U","2020-01-08 02:40:00.0","","371817.326650022","179851.815836554","",
"121","용기냉동기특정설비","07_22_16_P","3360000","2012336010516500008","20120503","","01","영업/정상","01","영업중","","","","","","","","부산광역시 강서구 봉림동 567-24","부산광역시 강서구 가락대로1397번길 103  (봉림동)","","(주)금천메카트로닉스","20120518105446","I","2018-08-31 23:59:59.0","","373001.276071244","189744.26553766","",
"122","용기냉동기특정설비","07_22_16_P","3360000","2015336013616500011","20151118","","01","영업/정상","01","영업중","","","","","","","","부산광역시 강서구 구랑동 1217","부산광역시 강서구 미음산단2로 62 (구랑동)","","티에이치티(주)","20191127143231","U","2019-11-29 02:40:00.0","","368121.844312107","182548.804180367","",
"123","용기냉동기특정설비","07_22_16_P","3360000","2016336013616500003","20160404","","01","영업/정상","01","영업중","","","","","","","","부산광역시 강서구 화전동 589-11","","","(주)아산정밀","20160531154529","I","2018-08-31 23:59:59.0","","371966.98164156","179510.284572756","",
"124","용기냉동기특정설비","07_22_16_P","3360000","2012336010516500021","20121205","","01","영업/정상","01","영업중","","","","","","","","부산광역시 강서구 대저2동 6036-1","부산광역시 강서구 맥도강변길 190  (대저2동)","","대전공조","20130118154447","I","2018-08-31 23:59:59.0","","376199.483218664","183017.902079672","",
"125","용기냉동기특정설비","07_22_16_P","3360000","2012336010516500022","20121207","","01","영업/정상","01","영업중","","","","20130110","","","","부산광역시 강서구 송정동 1591-1","부산광역시 강서구 녹산산단261로40번길 22  (송정동)","","(주)태화인더스트리부산지점2공장","20130110193433","I","2018-08-31 23:59:59.0","","368473.934510322","178575.419825775","",
"126","용기냉동기특정설비","07_22_16_P","3360000","2013336010516500001","20130111","","01","영업/정상","01","영업중","","","","","","","","부산광역시 강서구 송정동 1500-23","부산광역시 강서구 녹산산단77로22번길 37  (송정동)","","대동엔텍(주)","20130201101245","I","2018-08-31 23:59:59.0","","367051.432002325","178596.989208322","",
"127","용기냉동기특정설비","07_22_16_P","3360000","2013336010516500010","20130531","","01","영업/정상","01","영업중","","","","20200414","","","","부산광역시 강서구 화전동 594-1","부산광역시 강서구 화전산단1로 155 (화전동)","46741","(주)대창솔루션 화전2공장","20200414182550","U","2020-04-16 02:40:00.0","","371800.38350847","179167.833899393","",
"128","용기냉동기특정설비","07_22_16_P","3360000","2013336010516500011","20130822","","01","영업/정상","01","영업중","","","","","","","","부산광역시 강서구 화전동 600-6","부산광역시 강서구 화전산단1로63번길 20 (화전동)","","(주)동화엔텍","20220502132836","U","2022-05-04 02:40:00.0","","370972.000519048","179573.304441269","",
"129","용기냉동기특정설비","07_22_16_P","3360000","2012336010516500011","20120730","","01","영업/정상","01","영업중","","","","","","","","부산광역시 강서구 화전동 586","부산광역시 강서구 화전산단6로90번길 19 (화전동)","","(주)대림기공2공장","20180607171253","I","2018-08-31 23:59:59.0","","371812.492690379","180096.892153684","",
"130","용기냉동기특정설비","07_22_16_P","3360000","2016336013616500002","20160219","","01","영업/정상","01","영업중","","","","","","","","부산광역시 강서구 구랑동 1194-6","부산광역시 강서구 미음산단로8번길 37 (구랑동)","","에스이에스티(주)","20160523134519","I","2018-08-31 23:59:59.0","","369224.157053098","182844.958351541","",
"131","용기냉동기특정설비","07_22_16_P","3360000","2012336010516500020","20121205","","01","영업/정상","01","영업중","","","","","","","","부산광역시 강서구 대저2동 6036-1","부산광역시 강서구 맥도강변길 190  (대저2동)","","대전공조","20130118154321","I","2018-08-31 23:59:59.0","","376199.483218664","183017.902079672","",
"132","용기냉동기특정설비","07_22_16_P","3360000","2016336013616500008","20161216","","01","영업/정상","01","영업중","","","","","","","","부산광역시 강서구 송정동 1617-6","","","(주)부산인텍부산금망","20190116175543","U","2019-01-18 02:40:00.0","","369096.396795224","179398.498372732","",
"133","용기냉동기특정설비","07_22_16_P","3360000","2012336010516500023","20121207","","01","영업/정상","01","영업중","","","","20130110","","","","부산광역시 강서구 송정동 1591-1","부산광역시 강서구 녹산산단261로40번길 22  (송정동)","","(주)태화인더스트리부산지점2공장","20130110193306","I","2018-08-31 23:59:59.0","","368473.934510322","178575.419825775","",
"134","용기냉동기특정설비","07_22_16_P","3360000","2018336014516500002","20180131","","01","영업/정상","01","영업중","","","","","","","","부산광역시 강서구 송정동 1534-3","부산광역시 강서구 녹산산단165로14번길 32 (송정동)","46752","존슨콘트롤즈인터내셔널코리아(주)","20220124110805","U","2022-01-26 02:40:00.0","","367612.3672731","178273.947013654","",
"135","용기냉동기특정설비","07_22_16_P","3360000","2018336014516500003","20180131","","01","영업/정상","01","영업중","","","","","","","","부산광역시 강서구 송정동 1534-3","부산광역시 강서구 녹산산단165로14번길 32 (송정동)","46752","존슨콘트롤즈인터내셔널코리아(주)","20220124110704","U","2022-01-26 02:40:00.0","","367612.3672731","178273.947013654","",
"136","용기냉동기특정설비","07_22_16_P","3360000","2013336010516500013","20131125","","01","영업/정상","01","영업중","","","","","","","","부산광역시 강서구 화전동 587-12","부산광역시 강서구 화전산단2로 107 (화전동)","46738","(주)태림인더스트리","20190131111105","U","2019-02-02 02:40:00.0","","371656.395148111","179970.84579904","",
"137","용기냉동기특정설비","07_22_16_P","3360000","2013336010516500014","20131125","","01","영업/정상","01","영업중","","","","","","","","부산광역시 강서구 화전동 587-12","부산광역시 강서구 화전산단2로 107 (화전동)","46738","(주)태림인더스트리","20190131111300","U","2019-02-02 02:40:00.0","","371656.395148111","179970.84579904","",
"138","용기냉동기특정설비","07_22_16_P","3360000","2014336010516500001","20140219","","01","영업/정상","01","영업중","","","","","","","","부산광역시 강서구 명지동 3174-23","부산광역시 강서구 새진목길 46-8 (명지동)","","나경어소시에이트","20140404154305","I","2018-08-31 23:59:59.0","","375095.120199502","181272.880108225","",
"139","용기냉동기특정설비","07_22_16_P","3360000","2014336010516500002","20140219","","01","영업/정상","01","영업중","","","","","","","","부산광역시 강서구 명지동 3174-23","부산광역시 강서구 새진목길 46-8 (명지동)","","나경어소시에이트","20140404154349","I","2018-08-31 23:59:59.0","","375095.120199502","181272.880108225","",
"140","용기냉동기특정설비","07_22_16_P","3360000","2014336010516500003","20140424","","01","영업/정상","01","영업중","","","","","","","","부산광역시 강서구 구랑동 27-1","부산광역시 강서구 미음산단1로15번길 114 (구랑동)","","(주)하마이코리아","20210430140407","U","2021-05-02 02:40:00.0","","369514.58079000000","182372.68183200000","",
"141","용기냉동기특정설비","07_22_16_P","3360000","2014336013616500002","20141204","","01","영업/정상","01","영업중","","","","","","","","부산광역시 강서구 구랑동 미음지구 I33b-2L","","","(주)대웅씨티","20141211102058","I","2018-08-31 23:59:59.0","","","","",
"142","용기냉동기특정설비","07_22_16_P","3360000","2016336013616500005","20161007","","01","영업/정상","01","영업중","","","","","","","","부산광역시 강서구 명지동 3173-36","부산광역시 강서구 새진목길 32 (명지동)","","(주)센추리산업기술","20200827141907","U","2020-08-29 02:40:00.0","","375062.555366737","181312.252512753","",
"143","용기냉동기특정설비","07_22_16_P","3360000","2016336013616500006","20161007","","01","영업/정상","01","영업중","","","","","","","","부산광역시 강서구 명지동 3173-36","부산광역시 강서구 새진목길 32 (명지동)","","(주)센추리산업기술","20200827142047","U","2020-08-29 02:40:00.0","","375062.555366737","181312.252512753","",
"144","용기냉동기특정설비","07_22_16_P","3360000","2016336013616500007","20161207","","01","영업/정상","01","영업중","","","","","","","","부산광역시 강서구 미음동 1566-4","부산광역시 강서구 미음산단3로 27 (미음동)","","우성플로텍(주)","20191213160226","U","2019-12-15 02:40:00.0","","369311.492407399","184677.200540575","",
"145","용기냉동기특정설비","07_22_16_P","3360000","2017336014516500003","20171205","","01","영업/정상","01","영업중","","","","","","","","부산광역시 강서구 송정동 1460-1","부산광역시 강서구 녹산산단17로 42 (송정동)","46751","파세코","20191122171210","U","2019-11-24 02:40:00.0","","366341.76654812","179462.490469946","",
"146","용기냉동기특정설비","07_22_16_P","3360000","2013336010516500012","20131122","","01","영업/정상","01","영업중","","","","","","","","부산광역시 강서구 생곡동 1594-2","부산광역시 강서구 가달1로 38 (생곡동)","46729","(주)전진엔텍","20190320115413","U","2019-03-22 02:40:00.0","","370578.480557687","183729.964125904","",
"147","용기냉동기특정설비","07_22_16_P","3360000","2015336013616500001","20150119","","01","영업/정상","01","영업중","","","","","","","","부산광역시 강서구 구랑동 1176-2","부산광역시 강서구 미음산단로 136 (구랑동)","","(주)대웅씨티","20180313160747","I","2018-08-31 23:59:59.0","","369424.087491518","183450.629874791","",
"148","용기냉동기특정설비","07_22_16_P","3360000","2015336013616500004","20150622","","01","영업/정상","01","영업중","","","","","","","","부산광역시 강서구 미음동 1548-4","부산광역시 강서구 미음산단4로 171 (미음동)","","(주)씨에이에너지","20170530100649","I","2018-08-31 23:59:59.0","","369298.82821465","186135.360723261","",
"149","용기냉동기특정설비","07_22_16_P","3360000","2017336013616500001","20170111","","01","영업/정상","01","영업중","","","","","","","","부산광역시 강서구 범방동 1915-1","부산광역시 강서구 범방2로 6 (범방동)","46727","(주)케일럼","20220419142326","U","2022-04-21 02:40:00.0","","370935.629163657","184321.191414244","",
"150","용기냉동기특정설비","07_22_16_P","3360000","2017336013616500002","20170126","","01","영업/정상","01","영업중","","","","","","","","부산광역시 강서구 송정동 1724-15","부산광역시 강서구 녹산산단290로 27 (송정동)","","디에스코퍼레이션(주)","20170818103643","I","2018-08-31 23:59:59.0","","368531.014881601","177757.014924491","",
"151","용기냉동기특정설비","07_22_16_P","3360000","2017336014516500002","20171205","","01","영업/정상","01","영업중","","","","","","","","부산광역시 강서구 범방동 1918-2","부산광역시 강서구 가리새2로 55 (범방동)","46727","(주)성원기업","20191122171233","U","2019-11-24 02:40:00.0","","371615.392893459","184134.497637321","",
"152","용기냉동기특정설비","07_22_16_P","3360000","2018336014516500001","20180129","","01","영업/정상","01","영업중","","","","","","","","부산광역시 강서구 지사동 1219-1","부산광역시 강서구 과학산단로305번길 7 (지사동)","46742","(주)동화엔텍","20220502132904","U","2022-05-04 02:40:00.0","","367283.802267557","184797.403088412","",
"153","용기냉동기특정설비","07_22_16_P","3360000","2007336006916500003","20071109","","01","영업/정상","01","영업중","","","","","","","","부산광역시 강서구 대저2동 4981-20","부산광역시 강서구 공항로393번길 60-22 (대저2동)","","동성냉동 이엔지","20141125095032","I","2018-08-31 23:59:59.0","","377385.517523541","184659.937122755","",
"154","용기냉동기특정설비","07_22_16_P","3360000","2003336006916500016","20030513","","01","영업/정상","01","영업중","","","","20151119","","","","부산광역시 강서구 송정동 1644-4","","","신라이앤티(주)","20151119172807","I","2018-08-31 23:59:59.0","","369680.017051967","178971.981021151","",
"155","용기냉동기특정설비","07_22_16_P","3360000","2007336006916500001","20070223","","01","영업/정상","01","영업중","","","","","","","","부산광역시 강서구 송정동 1608-3","부산광역시 강서구 녹산산업중로 296 (송정동)","","엠티에이치콘트롤밸브(주)","20200413152311","U","2020-04-15 02:40:00.0","","368809.131108164","178670.641502038","",
"156","용기냉동기특정설비","07_22_16_P","3360000","2007336006916500004","20071109","","01","영업/정상","01","영업중","","","","","","","","부산광역시 강서구 대저2동 4981-20","부산광역시 강서구 공항로393번길 60-22 (대저2동)","","동성냉동 이엔지","20130822170356","I","2018-08-31 23:59:59.0","","377385.517523541","184659.937122755","",
"157","용기냉동기특정설비","07_22_16_P","3360000","2001336006916500007","20010710","","01","영업/정상","01","영업중","","","","","","","","부산광역시 강서구 송정동 1478-1","부산광역시 강서구 녹산산업중로 22 (송정동)","","영도산업(주)","20190322121453","U","2019-03-24 02:40:00.0","","366339.309102189","179329.067270307","",
"158","용기냉동기특정설비","07_22_16_P","3360000","2001336006916500008","20011018","","01","영업/정상","01","영업중","","","","","","","","부산광역시 강서구 송정동 1575-6","부산광역시 강서구 녹산산단261로 7 (송정동)","","(주)동화엔텍","20220502132931","U","2022-05-04 02:40:00.0","","368087.753125971","178283.501611121","",
"159","용기냉동기특정설비","07_22_16_P","3360000","2000336006916500003","20000923","","01","영업/정상","01","영업중","","","","","","","","부산광역시 강서구 지사동 1203-6","부산광역시 강서구 과학산단1로 54 (지사동)","","주식회사 태성가스기술","20201012093832","U","2020-10-14 02:40:00.0","","366559.944406805","184389.434344899","",
"160","용기냉동기특정설비","07_22_16_P","3360000","2000336006916500004","20001106","","01","영업/정상","01","영업중","","","","20200309","","","","부산광역시 강서구 송정동 1619-4","부산광역시 강서구 녹산산업북로313번길 53 (송정동)","","우성기계(주)","20200310092501","U","2020-03-12 02:40:00.0","","369031.925085546","179307.048974031","",
"161","용기냉동기특정설비","07_22_16_P","3360000","2001336006916500012","20011217","","01","영업/정상","01","영업중","","","","","","","","부산광역시 강서구 송정동 1573-1","부산광역시 강서구 녹산산단231로 20 (송정동)","","(주)태화인더스트리","20150619134204","I","2018-08-31 23:59:59.0","","368022.739699587","178403.526986219","",
"162","용기냉동기특정설비","07_22_16_P","3360000","2020336014516500006","20201208","","01","영업/정상","01","영업중","","","","","","","","부산광역시 강서구 화전동 579-8","부산광역시 강서구 화전산단3로 32 (화전동)","46739","한화솔루션(주)부산사업장","20220512143800","U","2022-05-14 02:40:00.0","","370980.505870352","180303.326223384","",
"163","용기냉동기특정설비","07_22_16_P","3360000","2022336014516500006","20220609","","01","영업/정상","01","영업중","","","","","","","","부산광역시 강서구 송정동 1642-5","부산광역시 강서구 녹산산단381로 64 (송정동)","46755","(주)대림기공","20220612150931","I","2022-06-14 00:22:30.0","","369532.610619284","178888.685105216","",
"164","용기냉동기특정설비","07_22_16_P","3360000","2022336014516500005","20220607","","01","영업/정상","01","영업중","","","","","","","","부산광역시 강서구 미음동 1564-4","부산광역시 강서구 미음산단4로 33 (미음동)","46744","(주)마이텍","20220607175723","I","2022-06-09 00:22:31.0","","369228.073238774","185341.225792835","",
"165","용기냉동기특정설비","07_22_16_P","3360000","2015336013616500007","20150707","","02","휴업","02","휴업","","20181015","20191014","","","","","부산광역시 강서구 화전동 579-8","부산광역시 강서구 화전산단3로 32 (화전동)","","태광후지킨(주)","20181015182527","U","2018-10-15 23:59:59.0","","370980.505870352","180303.326223384","",
"166","용기냉동기특정설비","07_22_16_P","3360000","2019336014516500004","20190628","","02","휴업","02","휴업","","20200831","20210831","","","","","부산광역시 강서구 대저1동 3645-18","부산광역시 강서구 평강로 227-18 (대저1동)","46704","(주)창연","20200911165818","U","2020-09-13 02:40:00.0","","376771.725725319","191435.231355294","",
"167","용기냉동기특정설비","07_22_16_P","3360000","2017336014516500001","20170906","","02","휴업","02","휴업","","20190128","20200128","","","","","부산광역시 강서구 송정동 1754-7","부산광역시 강서구 녹산산단46로 103 (송정동)","46752","상아인텍","20210114204350","U","2021-01-16 02:40:00.0","","367029.064990844","178187.514584105","",
"168","용기냉동기특정설비","07_22_16_P","3360000","2009336008216500004","20090706","","03","폐업","03","폐업","20110128","","","","","","","부산광역시 강서구 송정동 1629-13","부산광역시 강서구 녹산산단335로 28  (송정동)","","(주)템코","20120607170855","I","2018-08-31 23:59:59.0","","369040.500353711","178490.370127757","",
"169","용기냉동기특정설비","07_22_16_P","3360000","2012336010516500017","20120925","","03","폐업","03","폐업","20150331","","","","","","","부산광역시 강서구 화전동 584-5","부산광역시 강서구 화전산단3로 108 (화전동)","","에스엠이해인(주)","20150331105004","I","2018-08-31 23:59:59.0","","371753.236471623","180393.127560194","",
"170","용기냉동기특정설비","07_22_16_P","3360000","2012336010516500018","20120925","","03","폐업","03","폐업","20150331","","","","","","","부산광역시 강서구 화전동 584-5","부산광역시 강서구 화전산단3로 108 (화전동)","","에스엠이해인(주)","20150331104738","I","2018-08-31 23:59:59.0","","371753.236471623","180393.127560194","",
"171","용기냉동기특정설비","07_22_16_P","3360000","2012336010516500019","20121025","","03","폐업","03","폐업","20140123","","","","","","","부산광역시 강서구 송정동 1469-16","","","한중에이엔에스(주)","20140123132921","I","2018-08-31 23:59:59.0","","366817.449298767","179261.574986925","",
"172","용기냉동기특정설비","07_22_16_P","3360000","2015336013616500010","20151029","","03","폐업","03","폐업","20161021","","","","","","","부산광역시 강서구 화전동 587-2","","","용진정밀(주)","20161021111919","I","2018-08-31 23:59:59.0","","371715.748302399","180032.01483795","",
"173","용기냉동기특정설비","07_22_16_P","3360000","2015336013616500009","20151005","","03","폐업","03","폐업","20161014","","","","","","","부산광역시 강서구 화전동 594-1","","","(주)대창솔루션 화전2공장","20161014172640","I","2018-08-31 23:59:59.0","","371800.38350847","179167.833899393","",
"174","용기냉동기특정설비","07_22_16_P","3360000","2022336014516500001","20220228","","03","폐업","03","폐업","20220513","","","","","","","부산광역시 강서구 송정동 1561-9","","","(주)엠에스이엔지 녹산공장지점","20220513152440","U","2022-05-15 02:40:00.0","","368212.027871754","178990.38889617","",
"175","용기냉동기특정설비","07_22_16_P","3360000","2020336014516500001","20200128","","03","폐업","03","폐업","20200911","","","","","","","부산광역시 강서구 미음동 1547-2","","","주식회사 서흥테크","20200911165556","U","2020-09-13 02:40:00.0","","369372.719453107","186042.873996816","",
"176","용기냉동기특정설비","07_22_16_P","3360000","2020336014516500003","20200421","","03","폐업","03","폐업","20220209","","","","","","","부산광역시 강서구 미음동 1564-9","","","(주)마이텍(미음임시공장)","20220209170109","U","2022-02-11 02:40:00.0","","369280.314371764","185159.092182237","",
"177","용기냉동기특정설비","07_22_16_P","3360000","2004336006916500002","20040708","","03","폐업","03","폐업","20120620","","","","","","","부산광역시 강서구 송정동 1754-6","부산광역시 강서구 녹산산단46로 99  (송정동)","","만세기공","20120620114419","I","2018-08-31 23:59:59.0","","367007.881144161","178207.402144462","",
"178","용기냉동기특정설비","07_22_16_P","3360000","2004336006916500005","20040906","","03","폐업","03","폐업","20120620","","","","","","","부산광역시 강서구 송정동 1471-3","부산광역시 강서구 녹산산업중로61번길 33  (송정동)","","(주)영진에이텍","20120620114317","I","2018-08-31 23:59:59.0","","366839.144983353","179379.256722292","",
"179","용기냉동기특정설비","07_22_16_P","3360000","2000336006916500005","20001201","","03","폐업","03","폐업","20170317","","","","","","","부산광역시 강서구 송정동 1650-8","","","조광아이엘아이(주)","20170317173920","I","2018-08-31 23:59:59.0","","369542.333034459","178408.504776108","",
"180","용기냉동기특정설비","07_22_16_P","3360000","2005336006916500002","20050316","","03","폐업","03","폐업","20080602","","","","","","","부산광역시 강서구 송정동 1502-1","부산광역시 강서구 녹산산업중로 83  (송정동)","","(주)대웅씨티","20080603095323","I","2018-08-31 23:59:59.0","","366845.213241134","179000.146663141","",
"181","용기냉동기특정설비","07_22_16_P","3360000","2004336006916500004","20040906","","03","폐업","03","폐업","20120620","","","","","","","부산광역시 강서구 송정동 1471-3","부산광역시 강서구 녹산산업중로61번길 33  (송정동)","","(주)영진에이텍","20120620114345","I","2018-08-31 23:59:59.0","","366839.144983353","179379.256722292","",
"182","용기냉동기특정설비","07_22_16_P","3360000","2005336006916500006","20051121","","03","폐업","03","폐업","20120120","","","","","","","부산광역시 강서구 송정동 1629-11","부산광역시 강서구 녹산산단335로 40  (송정동)","","(주)재승엔지니어링","20120710093432","I","2018-08-31 23:59:59.0","","369076.57774788","178615.982380144","",
"183","용기냉동기특정설비","07_22_16_P","3360000","2002336006916500012","20021204","","03","폐업","03","폐업","20181107","","","","","","","부산광역시 강서구 송정동 1629-8","부산광역시 강서구 녹산산단335로 24-25 (송정동)","","새한엔텍(주)","20181107182644","U","2018-11-09 02:36:59.0","","369230.332410183","178476.102293895","",
"184","용기냉동기특정설비","07_22_16_P","3360000","2005336006916500001","20050214","","03","폐업","03","폐업","20121213","","","","","","","부산광역시 강서구 송정동 1622-1","부산광역시 강서구 녹산산업북로 295  (송정동)","","대동엔텍(주)","20121213130350","I","2018-08-31 23:59:59.0","","369291.251322791","179291.6956582","",
"185","용기냉동기특정설비","07_22_16_P","3360000","2003336006916500013","20030217","","03","폐업","03","폐업","20150729","","","","","","","부산광역시 강서구 송정동 1500-11","","","한일중공업(주)","20150729172810","I","2018-08-31 23:59:59.0","","367154.026037821","178618.411809886","",
"186","용기냉동기특정설비","07_22_16_P","3360000","2005336006916500005","20051024","","03","폐업","03","폐업","20150921","","","","","","","부산광역시 강서구 송정동 1473-8","","","섬진이에스티(주)","20150921183052","I","2018-08-31 23:59:59.0","","366744.644617104","179271.236932082","",
"187","용기냉동기특정설비","07_22_16_P","3360000","2006336006916500003","20061114","","03","폐업","03","폐업","20130904","","","","","","","부산광역시 강서구 송정동 1617-6","부산광역시 강서구 녹산산업북로313번길 48  (송정동)","","케이피에치이(주)","20130904161400","I","2018-08-31 23:59:59.0","","369096.396795224","179398.498372732","",
"188","용기냉동기특정설비","07_22_16_P","3360000","2006336006916500001","20060728","","03","폐업","03","폐업","20081014","","","","","","","부산광역시 강서구 송정동 1652-15","부산광역시 강서구 녹산산단381로40번길 16  (송정동)","","섬진피에이치텍(주)","20081014153655","I","2018-08-31 23:59:59.0","","369636.243548658","178615.587075628","",
"189","용기냉동기특정설비","07_22_16_P","3360000","2010336008216500003","20100519","","03","폐업","03","폐업","20140206","","","","","","","부산광역시 강서구 지사동 1207-9","","","(주)예스하이텍","20140206154743","I","2018-08-31 23:59:59.0","","366210.83512078","183994.830884945","",
"190","용기냉동기특정설비","07_22_16_P","3360000","2010336008216500001","20100113","","03","폐업","03","폐업","20120531","","","","","","","부산광역시 강서구 대저2동 5655-1","부산광역시 강서구 공항로339번길 59-14  (대저2동)","","대성엔지니어링","20120531162246","I","2018-08-31 23:59:59.0","","377298.49104596","184113.858504394","",
"191","용기냉동기특정설비","07_22_16_P","3360000","2010336008216500002","20100302","","03","폐업","03","폐업","20100531","","","","","","","부산광역시 강서구 지사동 1176-4","부산광역시 강서구 과학산단2로19번길 69  (지사동)","","제이오가스에너지(주)","20120521092036","I","2018-08-31 23:59:59.0","","366054.712307183","184996.571588788","",
"192","용기냉동기특정설비","07_22_16_P","3360000","2011336009416500004","20110422","","03","폐업","03","폐업","20140123","","","","","","","부산광역시 강서구 지사동 1203-6","","","한중이엠티 주식회사","20140123132541","I","2018-08-31 23:59:59.0","","366559.944406805","184389.434344899","",
"193","용기냉동기특정설비","07_22_16_P","3360000","2007336006916500006","20051006","","03","폐업","03","폐업","20160524","","","","","","","부산광역시 강서구 송정동 1608-2","부산광역시 강서구 녹산산업중로 286 (송정동)","","(주)와이에스피이","20160524175130","I","2018-08-31 23:59:59.0","","368719.780973071","178668.838095129","",
"194","용기냉동기특정설비","07_22_16_P","3360000","2007336006916500021","20070221","","03","폐업","03","폐업","20190318","","","","","","","부산광역시 강서구 지사동 1172","부산광역시 강서구 과학산단로 502 (지사동)","","(주)엔케이 지사지점","20201204125112","U","2020-12-06 02:40:00.0","","365359.221940167","184943.706504707","",
"195","용기냉동기특정설비","07_22_16_P","3360000","2008336006916500001","20061130","","03","폐업","03","폐업","20100121","","","","","","","부산광역시 강서구 송정동 1622-5","부산광역시 강서구 녹산산업북로313번길 7  (송정동)","","(주)아이지에스","20100121180648","I","2018-08-31 23:59:59.0","","369429.146061558","179313.531735891","",
"196","용기냉동기특정설비","07_22_16_P","3360000","2010336008216500004","20100519","","03","폐업","03","폐업","20131008","","","","","","","부산광역시 강서구 송정동 1605-4","부산광역시 강서구 녹산산업중로 279  (송정동)","","(주)앤써 제2공장","20131104152808","I","2018-08-31 23:59:59.0","","368669.004663355","178752.896765688","",
"197","용기냉동기특정설비","07_22_16_P","3360000","2010336008216500007","20100603","","03","폐업","03","폐업","20140716","","","","","","","부산광역시 강서구 화전동 화전산단 I-17-15B","","","(주)성부","20140716111818","I","2018-08-31 23:59:59.0","","","","",
"198","용기냉동기특정설비","07_22_16_P","3360000","2008336008216500001","20050520","","03","폐업","03","폐업","20120626","","","","","","","부산광역시 강서구 화전동 594-1","부산광역시 강서구 화전산단1로 155  (화전동)","","(주)유엔에스","20120626100310","I","2018-08-31 23:59:59.0","","371800.38350847","179167.833899393","",
"199","용기냉동기특정설비","07_22_16_P","3360000","2008336008216500002","20081118","","03","폐업","03","폐업","20090924","","","","","","","부산광역시 강서구 대저2동 2636-1","부산광역시 강서구 공항로743번길 13  (대저2동)","","여명테크","20120521092638","I","2018-08-31 23:59:59.0","","378385.494860586","187739.302840651","",
"200","용기냉동기특정설비","07_22_16_P","3360000","2012336010516500005","20120503","","03","폐업","03","폐업","20130221","","","","","","","부산광역시 강서구 대저2동 4808-3","부산광역시 강서구 맥도강변길 598-14  (대저2동)","","제우(주)","20130221174809","I","2018-08-31 23:59:59.0","","376302.643356677","184819.757744093","",
"201","용기냉동기특정설비","07_22_16_P","3360000","2009336008216500001","20090119","","03","폐업","03","폐업","20111018","","","","","","","부산광역시 강서구 송정동 1599-1","부산광역시 강서구 녹산산업북로221번길 6  (송정동)","","(주)유엔에스 제4공장","20111019090241","I","2018-08-31 23:59:59.0","","368577.585583991","179277.350227952","",
"202","용기냉동기특정설비","07_22_16_P","3360000","2015336013616500012","20151124","","03","폐업","03","폐업","20161116","","","","","","","부산광역시 강서구 미음동 1552-8","","","(주)디제이에프","20161116135024","I","2018-08-31 23:59:59.0","","369248.600271684","185610.430000929","",
"203","용기냉동기특정설비","07_22_16_P","3360000","2013336010516500003","20130128","","03","폐업","03","폐업","20220216","","","","","","","부산광역시 강서구 대저2동 2467-4","","","(주)이엠이","20220216162432","U","2022-02-18 02:40:00.0","","378022.572832821","188082.908134693","",
"204","용기냉동기특정설비","07_22_16_P","3360000","2013336010516500004","20130221","","03","폐업","03","폐업","20150323","","","","","","","부산광역시 강서구 화전동 587-11","","","한중에이앤에스(주)","20150323103233","I","2018-08-31 23:59:59.0","","371716.346862455","179982.528025408","",
"205","용기냉동기특정설비","07_22_16_P","3360000","2013336010516500006","20130326","","03","폐업","03","폐업","20160524","","","","","","","부산광역시 강서구 화전동 583-10","","","(주)와이에스피이","20160524174129","I","2018-08-31 23:59:59.0","","371304.059259378","180021.573832762","",
"206","용기냉동기특정설비","07_22_16_P","3360000","2012336010516500006","20120503","","03","폐업","03","폐업","20130221","","","","","","","부산광역시 강서구 대저2동 4808-3","부산광역시 강서구 맥도강변길 598-14  (대저2동)","","제우(주)","20130221174941","I","2018-08-31 23:59:59.0","","376302.643356677","184819.757744093","",
"207","용기냉동기특정설비","07_22_16_P","3360000","2013336010516500007","20130327","","03","폐업","03","폐업","20161229","","","","","","","부산광역시 강서구 화전동 591-2","","","(주)티알엑서지","20161229141106","I","2018-08-31 23:59:59.0","","371754.756244093","179789.135572592","",
"208","용기냉동기특정설비","07_22_16_P","3360000","2009336008216500002","20090406","","03","폐업","03","폐업","20170929","","","","","","","부산광역시 강서구 송정동 1579-4","","","(주)로커스","20170929172031","I","2018-08-31 23:59:59.0","","368332.893732899","179182.285025321","",
"209","용기냉동기특정설비","07_22_16_P","3360000","2012336010516500010","20120723","","03","폐업","03","폐업","20170118","","","","","","","부산광역시 강서구 지사동 1170-2","","","(주)이더블유케이","20170118154243","I","2018-08-31 23:59:59.0","","365606.534338176","185220.978738039","",
"210","용기냉동기특정설비","07_22_16_P","3360000","2011336009416500001","20110114","","03","폐업","03","폐업","20130118","","","","","","","부산광역시 강서구 대저2동 4677","부산광역시 강서구 송동길 525-8  (대저2동)","","대전공조","20130118154146","I","2018-08-31 23:59:59.0","","376483.005870608","185013.911933153","",
"211","용기냉동기특정설비","07_22_16_P","3360000","2011336009416500003","20110314","","03","폐업","03","폐업","20170929","","","","","","","부산광역시 강서구 송정동 1579-4","","","(주)로커스","20170929172207","I","2018-08-31 23:59:59.0","","368332.893732899","179182.285025321","",
"212","용기냉동기특정설비","07_22_16_P","3360000","2013336010516500005","20130221","","03","폐업","03","폐업","20150323","","","","","","","부산광역시 강서구 화전동 587-11","","","(주)앤써","20150323103409","I","2018-08-31 23:59:59.0","","371716.346862455","179982.528025408","",
"213","용기냉동기특정설비","07_22_16_P","3360000","2012336010516500009","20120628","","03","폐업","03","폐업","20131008","","","","","","","부산광역시 강서구 화전동 586-8","부산광역시 강서구 화전산단6로90번길 19  (화전동)","","(주)앤써","20131008152516","I","2018-08-31 23:59:59.0","","371812.492690379","180096.892153684","",
"214","용기냉동기특정설비","07_22_16_P","3360000","2012336010516500012","20120808","","03","폐업","03","폐업","20150113","","","","","","","부산광역시 강서구 화전동 592-7","","","레프코리아","20150113143016","I","2018-08-31 23:59:59.0","","371904.948268228","179500.885025946","",
"215","용기냉동기특정설비","07_22_16_P","3360000","2012336010516500013","20120808","","03","폐업","03","폐업","20150113","","","","","","","부산광역시 강서구 화전동 592-7","","","레프코리아","20150113143142","I","2018-08-31 23:59:59.0","","371904.948268228","179500.885025946","",
"216","용기냉동기특정설비","07_22_16_P","3360000","2015336013616500002","20150331","","03","폐업","03","폐업","20181010","","","","","","","부산광역시 강서구 지사동 1172","부산광역시 강서구 과학산단로 502 (지사동)","","(주)엔케이 지사지점","20201204125203","U","2020-12-06 02:40:00.0","","365359.221940167","184943.706504707","",
"217","용기냉동기특정설비","07_22_16_P","3360000","2016336013616500001","20160119","","03","폐업","03","폐업","20160706","","","","","","","부산광역시 강서구 미음동 1553-6","","","(주)태원","20160706115638","I","2018-08-31 23:59:59.0","","369138.00073361","185713.600840329","",
"218","용기냉동기특정설비","07_22_16_P","3360000","2013336010516500008","20130327","","03","폐업","03","폐업","20161229","","","","","","","부산광역시 강서구 화전동 591-2","","","(주)티알엑서지","20161229141226","I","2018-08-31 23:59:59.0","","371754.756244093","179789.135572592","",
"219","용기냉동기특정설비","07_22_16_P","3360000","2013336010516500009","20130417","","03","폐업","03","폐업","20210202","","","","","","","부산광역시 강서구 화전동 585-3","부산광역시 강서구 화전산단6로114번길 14 (화전동)","46738","유진엔지니어링","20210202182346","U","2021-02-04 02:40:00.0","","371732.664059876","180270.37637444","",
"220","용기냉동기특정설비","07_22_16_P","3360000","2018336014516500004","20180627","","03","폐업","03","폐업","20210105","","","","","","","부산광역시 강서구 화전동 586-8","부산광역시 강서구 화전산단6로90번길 19 (화전동)","46738","(주)MS이엔지 화전공장","20210105152738","U","2021-01-07 02:40:00.0","","371812.492690379","180096.892153684","",
"221","용기냉동기특정설비","07_22_16_P","3360000","2014336010516500004","20140731","","03","폐업","03","폐업","20170111","","","","","","","부산광역시 강서구 송정동 1644-3","","","섬진피에이치텍(주)","20170111152908","I","2018-08-31 23:59:59.0","","369682.095294938","179038.094222204","",
"222","용기냉동기특정설비","07_22_16_P","3360000","2014336013616500001","20141201","","03","폐업","03","폐업","20170113","","","","","","","부산광역시 강서구 구랑동 미음지구 i36-2BL","","","삼우엠씨피(주)","20170113135258","I","2018-08-31 23:59:59.0","","","","",
"223","용기냉동기특정설비","07_22_16_P","3360000","2016336013616500004","20160824","","03","폐업","03","폐업","20170908","","","","","","","부산광역시 강서구 대저2동 541-18","","","(주)대한기계산업","20170908171422","I","2018-08-31 23:59:59.0","","375407.203695435","186809.010775885","",
"224","용기냉동기특정설비","07_22_16_P","3360000","2013336010516500002","20130128","","03","폐업","03","폐업","20220216","","","","","","","부산광역시 강서구 대저2동 2467-4","","","(주)이엠이","20220216162344","U","2022-02-18 02:40:00.0","","378022.572832821","188082.908134693","",
"225","용기냉동기특정설비","07_22_16_P","3360000","2015336013616500003","20150407","","03","폐업","03","폐업","20160119","","","","","","","부산광역시 강서구 녹산동 578","","","(주)앤써","20160119175939","I","2018-08-31 23:59:59.0","","","","",
"226","용기냉동기특정설비","07_22_16_P","3360000","2003336006916500018","20030730","","03","폐업","03","폐업","20141126","","","","","","","부산광역시 강서구 송정동 1581-9","부산광역시 강서구 녹산산단261로74번길 9 (송정동)","","(주)티알이엔씨","20141126164607","I","2018-08-31 23:59:59.0","","368341.275792644","178991.554587335","",
"227","용기냉동기특정설비","07_22_16_P","3360000","2003336006916500017","20030730","","03","폐업","03","폐업","20141126","","","","","","","부산광역시 강서구 송정동 1581-9","부산광역시 강서구 녹산산단261로74번길 9 (송정동)","","(주)티알이엔씨","20141126164639","I","2018-08-31 23:59:59.0","","368341.275792644","178991.554587335","",
"228","용기냉동기특정설비","07_22_16_P","3360000","2003336006916500019","20031028","","03","폐업","03","폐업","20130201","","","","","","","부산광역시 강서구 송정동 1724-8","부산광역시 강서구 녹산산단290로 42  (송정동)","","(주)케이이앤피","20130201150438","I","2018-08-31 23:59:59.0","","368496.685022796","177818.012636731","",
"229","용기냉동기특정설비","07_22_16_P","3360000","2007336006916500002","20071102","","03","폐업","03","폐업","20120620","","","","","","","부산광역시 강서구 송정동 1523-5","부산광역시 강서구 녹산산업중로 171  (송정동)","","(주)유엔에스 제2공장","20120620114722","I","2018-08-31 23:59:59.0","","367589.842095682","178734.749013296","",
"230","용기냉동기특정설비","07_22_16_P","3360000","2000336006916500001","20000529","","03","폐업","03","폐업","20111018","","","","","","","부산광역시 강서구 송정동 1466-1","부산광역시 강서구 녹산산단27로 105-14  (송정동)","","(주)유엔에스","20111019090633","I","2018-08-31 23:59:59.0","","367119.973700489","179330.46849236","",
"231","용기냉동기특정설비","07_22_16_P","3380000","2005338006216500001","20121213","","01","영업/정상","01","영업중","","","","","","","","","부산광역시 수영구 구락로 165 (망미동)","","장원","20121213171826","I","2018-08-31 23:59:59.0","","392611.231858214","188953.493284539","",
"232","용기냉동기특정설비","07_22_16_P","3380000","2012338006216500001","20050722","","01","영업/정상","01","영업중","","","","","","","","부산광역시 수영구 망미동 27-5","부산광역시 수영구 구락로 165 (망미동)","","장원","20121213171657","I","2018-08-31 23:59:59.0","","392611.231858214","188953.493284539","",
"233","용기냉동기특정설비","07_22_16_P","3380000","2008338006216500001","20081211","","02","휴업","02","휴업","20100803","20110920","20120331","20120331","","","","부산광역시 수영구 망미동 27-5","","","장원","20121213170526","I","2018-08-31 23:59:59.0","","392611.231858214","188953.493284539","",
"234","용기냉동기특정설비","07_22_16_P","3380000","2010338006216500001","20101025","","03","폐업","03","폐업","20120504","","","20120412","","","","부산광역시 수영구 망미동 27-5","","","장원","20121213170029","I","2018-08-31 23:59:59.0","","392611.231858214","188953.493284539","",
"235","용기냉동기특정설비","07_22_16_P","3380000","2015338007116500001","20151029","","03","폐업","03","폐업","20200522","","","","","","","부산광역시 수영구 망미동 27-5","","","겸송","20200525133400","U","2020-05-27 02:40:00.0","","392611.231858214","188953.493284539","",
"236","용기냉동기특정설비","07_22_16_P","3380000","2005338006216500002","20050722","","03","폐업","03","폐업","20200525","20151120","20161119","","","","","부산광역시 수영구 망미동 186-2","부산광역시 수영구 구락로 166 (망미동)","48212","겸송","20201022152442","I","2020-10-24 00:23:10.0","","392618.255913457","188920.305139525","",
"237","용기냉동기특정설비","07_22_16_P","3390000","2020339009116500001","20200121","","01","영업/정상","01","영업중","","","","","","","","부산광역시 사상구 감전동 511-13","부산광역시 사상구 낙동대로841번길 26-12 (감전동)","47030","(주)에스엠지아이","20200427092424","U","2020-04-29 02:40:00.0","","379497.39588861","183644.027908648","",
"238","용기냉동기특정설비","07_22_16_P","3390000","2005339005616500001","20050609","","01","영업/정상","01","영업중","","","","","","","","부산광역시 사상구 모라동 660-8","부산광역시 사상구 모덕로67번길 123 (모라동)","","대성ENG","20111124131230","I","2018-08-31 23:59:59.0","","380714.846468416","189365.449715677","",
"239","용기냉동기특정설비","07_22_16_P","3390000","2010339006616500001","20100513","","01","영업/정상","01","영업중","","20120418","20130417","","","","","부산광역시 사상구 학장동 287-20","부산광역시 사상구 가야대로 212 (학장동)","","우성진공기술(주)","20130409163851","I","2018-08-31 23:59:59.0","","381784.621807069","185190.8808825","",
"240","용기냉동기특정설비","07_22_16_P","3390000","2013339008316500001","20130710","","01","영업/정상","01","영업중","","","","20130809","","","","부산광역시 사상구 주례동 1160-23","부산광역시 사상구 학장로323번길 31 (주례동)","","웰스기화기","20200619155711","U","2020-06-21 02:40:00.0","","382030.418817802","185148.079893747","",
"241","용기냉동기특정설비","07_22_16_P","3390000","2018339009116500001","20180525","","01","영업/정상","01","영업중","","","","","","","","부산광역시 사상구 감전동 957-45 현대종합피팅","부산광역시 사상구 낙동대로902번길 57 (감전동)","47029","지엔테크","20191205165904","U","2019-12-07 02:40:00.0","","379787.269763862","184196.170776839","",
"242","용기냉동기특정설비","07_22_16_P","3390000","2006339005616500001","20050609","","01","영업/정상","01","영업중","","","","","","","","부산광역시 사상구 모라동 660-8","부산광역시 사상구 모덕로67번길 123  (모라동)","","대성ENG","20071106142829","I","2018-08-31 23:59:59.0","","380714.846468416","189365.449715677","",
"243","용기냉동기특정설비","07_22_16_P","3390000","2007339005616500001","20070131","","01","영업/정상","01","영업중","","","","","","","","부산광역시 사상구 학장동 748-4","부산광역시 사상구 학장로83번길 56 (학장동)","","윈테크","20111124131115","I","2018-08-31 23:59:59.0","","379887.375218181","184154.144817711","",
"244","용기냉동기특정설비","07_22_16_P","3390000","2007339005616500002","20071105","","01","영업/정상","01","영업중","","","","","","","","부산광역시 사상구 모라동 660-8","부산광역시 사상구 모덕로67번길 123  (모라동)","","대성ENG","20071105172501","I","2018-08-31 23:59:59.0","","380714.846468416","189365.449715677","",
"245","용기냉동기특정설비","07_22_16_P","3390000","2007339005616500003","20070517","","01","영업/정상","01","영업중","","","","","","","","부산광역시 사상구 모라동 279-2","부산광역시 사상구 모라로51번길 83-9 (모라동)","","(주)세명이엔지","20111124131025","I","2018-08-31 23:59:59.0","","381031.760556842","190019.658653768","",
"246","용기냉동기특정설비","07_22_16_P","3390000","2008339005616500001","20080410","","01","영업/정상","01","영업중","","","","","","","","부산광역시 사상구 학장동 277-20","부산광역시 사상구 학장로 215 (학장동)","","(주)신광냉열기산업","20140509174932","I","2018-08-31 23:59:59.0","","381269.596502051","184639.191760804","",
"247","용기냉동기특정설비","07_22_16_P","3390000","2008339005616500003","20080509","","01","영업/정상","01","영업중","","","","","","","","부산광역시 사상구 감전동 155-15","부산광역시 사상구 가야대로133번길 41  (감전동)","","화전기술","20080513120002","I","2018-08-31 23:59:59.0","","381032.415543448","185459.621106471","",
"248","용기냉동기특정설비","07_22_16_P","3390000","2008339005616500004","20080509","","01","영업/정상","01","영업중","","","","","","","","부산광역시 사상구 감전동 155-15","부산광역시 사상구 가야대로133번길 41 (감전동)","","화전기술","20111124130900","I","2018-08-31 23:59:59.0","","381032.415543448","185459.621106471","",
"249","용기냉동기특정설비","07_22_16_P","3390000","2008339005616500005","20080717","","01","영업/정상","01","영업중","","","","","","","","부산광역시 사상구 감전동 215","부산광역시 사상구 주감로 32 (감전동)","","화인테크","20111124130832","I","2018-08-31 23:59:59.0","","381382.807435949","185984.22555645","",
"250","용기냉동기특정설비","07_22_16_P","3390000","2008339006616500001","20081211","","01","영업/정상","01","영업중","","","","","","","","부산광역시 사상구 학장동 723-50","부산광역시 사상구 새벽로 59 (학장동)","","ACE공조","20111124130751","I","2018-08-31 23:59:59.0","","380416.967800171","184856.245979512","",
"251","용기냉동기특정설비","07_22_16_P","3390000","2009339006616500003","20091223","","01","영업/정상","01","영업중","","","","20100325","","","","부산광역시 사상구 감전동 508-10","부산광역시 사상구 낙동대로 865 (감전동)","","세원엔지니어링","20111124130601","I","2018-08-31 23:59:59.0","","379478.073383396","183851.624687518","",
"252","용기냉동기특정설비","07_22_16_P","3390000","1988339005616500001","19880321","","01","영업/정상","01","영업중","","","","","","","","부산광역시 사상구 학장동 264-5","부산광역시 사상구 학장로 165 (학장동)","","(주)MS이엔지","20201126125856","U","2020-11-28 02:40:00.0","","380847.349924547","184429.806177009","",
"253","용기냉동기특정설비","07_22_16_P","3390000","1999339005616500002","19991220","","01","영업/정상","01","영업중","","","","","","","","부산광역시 사상구 삼락동 356-14","부산광역시 사상구 낙동대로1396번길 55 (삼락동)","","대현냉동ENG(주)","20111124131413","I","2018-08-31 23:59:59.0","","380248.528377238","189045.950324207","",
"254","용기냉동기특정설비","07_22_16_P","3390000","2000339005616500001","20001228","","01","영업/정상","01","영업중","","","","","","","","부산광역시 사상구 학장동 271-2","부산광역시 사상구 학장로169번길 92 (학장동)","","(주)한국 S.V","20111124131456","I","2018-08-31 23:59:59.0","","380978.69212685","184869.193952165","",
"255","용기냉동기특정설비","07_22_16_P","3390000","2018339009116500002","20181224","","01","영업/정상","01","영업중","","","","","","","","부산광역시 사상구 엄궁동 651-98","","","(주)유연","20190429163008","U","2019-05-01 02:40:00.0","","378728.627688213","181900.202749533","",
"256","용기냉동기특정설비","07_22_16_P","3390000","2013339008316500002","20130726","","02","휴업","02","휴업","","20190828","20991231","","","","","부산광역시 사상구 학장동 279-5","부산광역시 사상구 학감대로178번길 80 (학장동)","","동방테크주식회사","20190829164711","U","2019-08-31 02:40:00.0","","381566.921880069","184850.541016352","",
"257","용기냉동기특정설비","07_22_16_P","3390000","2008339005616500002","20080410","","02","휴업","02","휴업","","20090410","20091010","","","","","부산광역시 사상구 학장동 277-20","부산광역시 사상구 학장로 215  (학장동)","","(주)신광냉열기산업","20090410174746","I","2018-08-31 23:59:59.0","","381269.596502051","184639.191760804","",
"258","용기냉동기특정설비","07_22_16_P","3390000","1999339005616500001","19990625","","02","휴업","02","휴업","","20081219","20091218","20091218","","","","부산광역시 사상구 학장동 717-5","부산광역시 사상구 감전천로 186  (학장동)","","두성엔지니어링","20081219165518","I","2018-08-31 23:59:59.0","","380052.11803509","185179.104535208","",
"259","용기냉동기특정설비","07_22_16_P","3390000","2012339008316500002","20120820","","03","폐업","03","폐업","20121210","","","","","","","부산광역시 사상구 엄궁동 556-15","부산광역시 사상구 낙동대로 809-37  (엄궁동)","","주식회사 이엠이","20121210154401","I","2018-08-31 23:59:59.0","","379540.221345857","183136.424435296","",
"260","용기냉동기특정설비","07_22_16_P","3390000","2002339005616500001","20021001","","03","폐업","03","폐업","20100127","","","","","","","부산광역시 사상구 학장동 722-30","부산광역시 사상구 새벽로45번길 64  (학장동)","","(주)대림기공","20100128093212","I","2018-08-31 23:59:59.0","","380098.590396885","184797.583250247","",
"261","용기냉동기특정설비","07_22_16_P","3390000","2005339005616500002","20050804","","03","폐업","03","폐업","20110107","","","","","","","부산광역시 사상구 학장동 477-6","부산광역시 사상구 학감대로133번길 13  (학장동)","","(주)일진기건","20110107092611","I","2018-08-31 23:59:59.0","","381029.207605098","184370.651675268","",
"262","용기냉동기특정설비","07_22_16_P","3390000","2012339008316500001","20120522","","03","폐업","03","폐업","20130306","","","","","","","부산광역시 사상구 삼락동 378-2","부산광역시 사상구 모덕로 34  (삼락동)","","(주)지에스씨코리아","20130306143021","I","2018-08-31 23:59:59.0","","380271.398229655","188768.58758883","",
"263","용기냉동기특정설비","07_22_16_P","3390000","2012339008316500003","20120820","","03","폐업","03","폐업","20121210","","","","","","","부산광역시 사상구 엄궁동 556-15","부산광역시 사상구 낙동대로 809-37 (엄궁동)","","주식회사 이엠이","20121210154504","I","2018-08-31 23:59:59.0","","379540.221345857","183136.424435296","",
"264","용기냉동기특정설비","07_22_16_P","3390000","2016339009116500001","19990625","","03","폐업","03","폐업","20160120","","","","","","","","부산광역시 사상구 감전천로 186 (학장동)","","두성엔지니어링","20170628110424","I","2018-08-31 23:59:59.0","","380075.416946531","185179.104535208","",
"265","용기냉동기특정설비","07_22_16_P","3390000","2006339005616500002","20061130","","03","폐업","03","폐업","20131224","","","","","","","부산광역시 사상구 학장동 723-52","","","(주)아이지에스","20131224172002","I","2018-08-31 23:59:59.0","","","","",
"266","용기냉동기특정설비","07_22_16_P","3390000","2006339005616500003","20061130","","03","폐업","03","폐업","20080213","","","","","","","부산광역시 사상구 학장동 723-52","","","(주)아이지에스","20080213165951","I","2018-08-31 23:59:59.0","","","","",
"267","용기냉동기특정설비","07_22_16_P","3390000","2009339006616500001","20090115","","03","폐업","03","폐업","20120113","","","","","","","부산광역시 사상구 감전동 166-23","부산광역시 사상구 감전천로 215  (감전동)","","경운범양에너지(주)","20120113160145","I","2018-08-31 23:59:59.0","","379971.604498203","185510.082021673","",
"268","용기냉동기특정설비","07_22_16_P","3390000","2009339006616500002","20090115","","03","폐업","03","폐업","20120113","","","","","","","부산광역시 사상구 감전동 166-23","부산광역시 사상구 감전천로 215 (감전동)","","경운범양에너지(주)","20120113160245","I","2018-08-31 23:59:59.0","","379971.604498203","185510.082021673","",
"269","용기냉동기특정설비","07_22_16_P","3400000","2011340004416500001","20110113","","01","영업/정상","01","영업중","","","","","","","","부산광역시 기장군 정관면 달산리 1069-5 정관일반산업단지내","부산광역시 기장군 정관면 산단4로 99","","(주)대일","20190701162514","U","2019-07-03 02:40:00.0","","399230.47380000000","204488.55698700000","",
"270","용기냉동기특정설비","07_22_16_P","3400000","2011340004416500002","20111227","","01","영업/정상","01","영업중","","","","","","","","부산광역시 기장군 정관면 달산리 1069-5","부산광역시 기장군 정관면 산단4로 99","","(주)대일","20190701162442","U","2019-07-03 02:40:00.0","","399230.47380000000","204488.55698700000","",
"271","용기냉동기특정설비","07_22_16_P","3400000","2014340004416500001","20140213","","01","영업/정상","01","영업중","","","","","","","","부산광역시 기장군 장안읍 월내리 661-2","부산광역시 기장군 장안읍 장안산단9로 87","46034","에스피엑스플로우테크놀로지(주)","20201202112940","U","2020-12-04 02:40:00.0","","405900.785278243","205453.443244287","",
"272","용기냉동기특정설비","07_22_16_P","3400000","1993340002516500001","19930517","","02","휴업","02","휴업","","20210818","20220817","","","","","부산광역시 기장군 정관면 예림리 712","","","장우기계(주)","20210818170840","U","2021-08-20 02:40:00.0","","","","",
"273","용기냉동기특정설비","07_22_16_P","3400000","2000340002516500001","20001016","","03","폐업","03","폐업","20161129","","","","","","","부산광역시 기장군 기장읍 청강리 706-2","","","(주)리싸이클","20161130095622","I","2018-08-31 23:59:59.0","","401628.223429622","195044.018708132","",
"274","용기냉동기특정설비","07_22_16_P","3400000","2010340004416500001","20100708","","03","폐업","03","폐업","20190607","","","","","","","부산광역시 기장군 정관면 매학리 397-28","","","㈜피케이이엔지","20190610104453","U","2019-06-12 02:40:00.0","","","","",
